respondent_id,nps,satisfaction,feedback_text,topic_id
R000001,5,7.66,membership coupons can increase repeat purchase,1
R000002,6,7.09,stockouts make me switch to other brands,3
R000003,1,5.37,livestream promotion helps me discover new products,4
R000004,10,8.59,membership coupons can increase repeat purchase,1
R000005,7,10.0,livestream promotion helps me discover new products,4
R000006,10,9.57,stockouts make me switch to other brands,3
R000007,9,6.87,the packaging is convenient but could look more premium,5
R000008,6,7.56,KOL reviews are useful but need to be authentic,5
R000009,8,8.46,delivery speed affects whether I choose the brand,5
R000010,10,10.0,quality improvement would make me repurchase more often,0
R000011,8,8.86,KOL reviews are useful but need to be authentic,5
R000012,8,7.52,offline availability is not always convenient,5
R000013,10,9.78,I care about ingredients and product safety,2
R000014,9,8.9,offline availability is not always convenient,5
R000015,10,10.0,KOL reviews are useful but need to be authentic,5
R000016,8,8.41,I prefer brands with recyclable packaging,5
R000017,10,10.0,I care about ingredients and product safety,2
R000018,9,9.37,I care about ingredients and product safety,2
R000019,8,9.49,quality improvement would make me repurchase more often,0
R000020,7,6.79,I care about ingredients and product safety,2
R000021,7,9.08,I care about ingredients and product safety,2
R000022,7,8.1,livestream promotion helps me discover new products,4
R000023,8,8.74,livestream promotion helps me discover new products,4
R000024,6,6.82,stockouts make me switch to other brands,3
R000025,10,9.63,the packaging is convenient but could look more premium,5
R000026,10,10.0,the product quality is stable and trustworthy,0
R000027,4,6.23,stockouts make me switch to other brands,3
R000028,10,8.49,I compare price across platforms before purchase,1
R000029,10,8.64,delivery speed affects whether I choose the brand,5
R000030,9,10.0,livestream promotion helps me discover new products,4
R000031,7,8.44,portable packaging is useful for work and travel,5
R000032,10,9.14,offline availability is not always convenient,5
R000033,10,9.9,membership coupons can increase repeat purchase,1
R000034,10,10.0,offline availability is not always convenient,5
R000035,10,10.0,I care about ingredients and product safety,2
R000036,10,8.66,discount bundles make me more willing to buy,3
R000037,5,7.47,I compare price across platforms before purchase,1
R000038,8,10.0,the packaging is convenient but could look more premium,5
R000039,9,8.88,the package design should show product benefits more clearly,2
R000040,10,8.81,delivery speed affects whether I choose the brand,5
R000041,8,7.35,portable packaging is useful for work and travel,5
R000042,9,10.0,portable packaging is useful for work and travel,5
R000043,6,6.07,the price feels high without promotion,4
R000044,9,9.18,sustainability claims need to be more credible,5
R000045,8,7.59,discount bundles make me more willing to buy,3
R000046,8,6.81,KOL reviews are useful but need to be authentic,5
R000047,7,8.89,the packaging is convenient but could look more premium,5
R000048,3,4.25,membership coupons can increase repeat purchase,1
R000049,7,8.3,KOL reviews are useful but need to be authentic,5
R000050,9,9.43,offline availability is not always convenient,5
R000051,10,8.91,discount bundles make me more willing to buy,3
R000052,9,10.0,quality improvement would make me repurchase more often,0
R000053,10,8.7,livestream promotion helps me discover new products,4
R000054,10,9.64,the package design should show product benefits more clearly,2
R000055,8,8.9,I care about ingredients and product safety,2
R000056,8,9.24,sustainability claims need to be more credible,5
R000057,9,9.41,livestream promotion helps me discover new products,4
R000058,9,10.0,I care about ingredients and product safety,2
R000059,3,4.91,the price feels high without promotion,4
R000060,8,7.6,sustainability claims need to be more credible,5
R000061,9,8.8,discount bundles make me more willing to buy,3
R000062,8,9.38,the product quality is stable and trustworthy,0
R000063,10,9.58,the packaging is convenient but could look more premium,5
R000064,7,9.7,I prefer brands with recyclable packaging,5
R000065,6,6.75,quality improvement would make me repurchase more often,0
R000066,8,8.06,low carbon packaging would improve brand impression,5
R000067,8,8.83,sustainability claims need to be more credible,5
R000068,9,9.52,the product quality is stable and trustworthy,0
R000069,9,8.54,quality improvement would make me repurchase more often,0
R000070,8,7.72,I care about ingredients and product safety,2
R000071,9,10.0,KOL reviews are useful but need to be authentic,5
R000072,10,10.0,KOL reviews are useful but need to be authentic,5
R000073,9,10.0,I prefer brands with recyclable packaging,5
R000074,8,7.85,livestream promotion helps me discover new products,4
R000075,6,7.74,the price feels high without promotion,4
R000076,9,10.0,stockouts make me switch to other brands,3
R000077,10,10.0,I compare price across platforms before purchase,1
R000078,6,7.54,I care about ingredients and product safety,2
R000079,6,5.49,the price feels high without promotion,4
R000080,10,8.08,I care about ingredients and product safety,2
R000081,10,9.21,KOL reviews are useful but need to be authentic,5
R000082,8,8.69,livestream promotion helps me discover new products,4
R000083,7,8.64,I compare price across platforms before purchase,1
R000084,5,6.26,I compare price across platforms before purchase,1
R000085,7,8.02,discount bundles make me more willing to buy,3
R000086,9,9.03,the price feels high without promotion,4
R000087,8,8.92,delivery speed affects whether I choose the brand,5
R000088,9,8.38,offline availability is not always convenient,5
R000089,8,9.0,the package design should show product benefits more clearly,2
R000090,9,9.55,I prefer brands with recyclable packaging,5
R000091,8,8.39,the price feels high without promotion,4
R000092,9,7.37,I compare price across platforms before purchase,1
R000093,7,8.29,offline availability is not always convenient,5
R000094,10,9.93,I compare price across platforms before purchase,1
R000095,7,8.76,quality improvement would make me repurchase more often,0
R000096,10,10.0,membership coupons can increase repeat purchase,1
R000097,9,8.6,quality improvement would make me repurchase more often,0
R000098,6,8.29,delivery speed affects whether I choose the brand,5
R000099,9,9.22,I compare price across platforms before purchase,1
R000100,6,7.91,low carbon packaging would improve brand impression,5
R000101,7,5.35,sustainability claims need to be more credible,5
R000102,7,6.59,livestream promotion helps me discover new products,4
R000103,9,10.0,the product quality is stable and trustworthy,0
R000104,10,9.74,quality improvement would make me repurchase more often,0
R000105,10,9.55,stockouts make me switch to other brands,3
R000106,7,6.53,I prefer brands with recyclable packaging,5
R000107,10,10.0,I care about ingredients and product safety,2
R000108,6,8.14,sustainability claims need to be more credible,5
R000109,9,8.38,livestream promotion helps me discover new products,4
R000110,10,10.0,the price feels high without promotion,4
R000111,5,6.23,the package design should show product benefits more clearly,2
R000112,8,7.24,I care about ingredients and product safety,2
R000113,10,9.19,livestream promotion helps me discover new products,4
R000114,10,7.78,livestream promotion helps me discover new products,4
R000115,9,9.8,membership coupons can increase repeat purchase,1
R000116,6,6.9,the package design should show product benefits more clearly,2
R000117,6,5.24,discount bundles make me more willing to buy,3
R000118,6,6.76,offline availability is not always convenient,5
R000119,6,8.04,the product quality is stable and trustworthy,0
R000120,9,10.0,delivery speed affects whether I choose the brand,5
R000121,7,8.9,discount bundles make me more willing to buy,3
R000122,5,5.72,the packaging is convenient but could look more premium,5
R000123,9,9.72,I care about ingredients and product safety,2
R000124,8,8.44,I prefer brands with recyclable packaging,5
R000125,10,10.0,offline availability is not always convenient,5
R000126,7,7.05,I compare price across platforms before purchase,1
R000127,10,9.8,the package design should show product benefits more clearly,2
R000128,9,8.67,KOL reviews are useful but need to be authentic,5
R000129,9,9.01,low carbon packaging would improve brand impression,5
R000130,9,7.02,KOL reviews are useful but need to be authentic,5
R000131,5,6.38,quality improvement would make me repurchase more often,0
R000132,9,8.85,the packaging is convenient but could look more premium,5
R000133,8,8.63,the package design should show product benefits more clearly,2
R000134,3,4.37,I compare price across platforms before purchase,1
R000135,6,7.58,livestream promotion helps me discover new products,4
R000136,10,8.85,quality improvement would make me repurchase more often,0
R000137,5,6.05,I prefer brands with recyclable packaging,5
R000138,10,10.0,the product quality is stable and trustworthy,0
R000139,8,7.3,portable packaging is useful for work and travel,5
R000140,7,7.64,stockouts make me switch to other brands,3
R000141,10,10.0,delivery speed affects whether I choose the brand,5
R000142,9,9.62,portable packaging is useful for work and travel,5
R000143,6,6.5,livestream promotion helps me discover new products,4
R000144,9,8.63,quality improvement would make me repurchase more often,0
R000145,6,6.38,I care about ingredients and product safety,2
R000146,9,8.48,the price feels high without promotion,4
R000147,9,8.55,discount bundles make me more willing to buy,3
R000148,9,9.39,I care about ingredients and product safety,2
R000149,6,6.95,I care about ingredients and product safety,2
R000150,9,7.92,livestream promotion helps me discover new products,4
R000151,5,7.22,livestream promotion helps me discover new products,4
R000152,8,9.2,the price feels high without promotion,4
R000153,10,10.0,sustainability claims need to be more credible,5
R000154,1,3.45,I compare price across platforms before purchase,1
R000155,10,10.0,stockouts make me switch to other brands,3
R000156,5,6.49,quality improvement would make me repurchase more often,0
R000157,10,10.0,the package design should show product benefits more clearly,2
R000158,8,7.9,the product quality is stable and trustworthy,0
R000159,5,7.29,quality improvement would make me repurchase more often,0
R000160,7,6.29,quality improvement would make me repurchase more often,0
R000161,10,10.0,stockouts make me switch to other brands,3
R000162,10,10.0,I care about ingredients and product safety,2
R000163,5,5.56,I compare price across platforms before purchase,1
R000164,8,10.0,portable packaging is useful for work and travel,5
R000165,10,10.0,livestream promotion helps me discover new products,4
R000166,7,8.27,I compare price across platforms before purchase,1
R000167,10,8.75,quality improvement would make me repurchase more often,0
R000168,8,6.21,the packaging is convenient but could look more premium,5
R000169,6,6.13,the packaging is convenient but could look more premium,5
R000170,8,10.0,portable packaging is useful for work and travel,5
R000171,6,6.34,KOL reviews are useful but need to be authentic,5
R000172,8,8.86,I prefer brands with recyclable packaging,5
R000173,7,6.55,I compare price across platforms before purchase,1
R000174,10,9.07,the package design should show product benefits more clearly,2
R000175,9,8.3,sustainability claims need to be more credible,5
R000176,6,7.04,portable packaging is useful for work and travel,5
R000177,8,8.44,delivery speed affects whether I choose the brand,5
R000178,4,6.41,I compare price across platforms before purchase,1
R000179,9,10.0,stockouts make me switch to other brands,3
R000180,9,9.31,the price feels high without promotion,4
R000181,6,7.75,delivery speed affects whether I choose the brand,5
R000182,10,10.0,discount bundles make me more willing to buy,3
R000183,9,9.13,membership coupons can increase repeat purchase,1
R000184,8,7.71,delivery speed affects whether I choose the brand,5
R000185,8,8.75,quality improvement would make me repurchase more often,0
R000186,10,9.82,the product quality is stable and trustworthy,0
R000187,8,9.46,I compare price across platforms before purchase,1
R000188,8,7.91,I compare price across platforms before purchase,1
R000189,7,7.72,discount bundles make me more willing to buy,3
R000190,9,8.23,membership coupons can increase repeat purchase,1
R000191,7,7.3,membership coupons can increase repeat purchase,1
R000192,6,5.37,offline availability is not always convenient,5
R000193,9,10.0,the product quality is stable and trustworthy,0
R000194,9,9.3,the packaging is convenient but could look more premium,5
R000195,7,8.56,the package design should show product benefits more clearly,2
R000196,10,9.24,livestream promotion helps me discover new products,4
R000197,10,9.4,offline availability is not always convenient,5
R000198,8,6.88,KOL reviews are useful but need to be authentic,5
R000199,10,9.84,delivery speed affects whether I choose the brand,5
R000200,9,9.34,KOL reviews are useful but need to be authentic,5
R000201,9,9.4,I compare price across platforms before purchase,1
R000202,9,9.61,offline availability is not always convenient,5
R000203,8,8.71,the price feels high without promotion,4
R000204,8,7.73,the packaging is convenient but could look more premium,5
R000205,9,8.85,I prefer brands with recyclable packaging,5
R000206,10,8.44,membership coupons can increase repeat purchase,1
R000207,8,8.87,the price feels high without promotion,4
R000208,7,8.04,I care about ingredients and product safety,2
R000209,5,7.77,offline availability is not always convenient,5
R000210,8,9.25,membership coupons can increase repeat purchase,1
R000211,8,5.94,the package design should show product benefits more clearly,2
R000212,8,9.75,the product quality is stable and trustworthy,0
R000213,5,6.55,I compare price across platforms before purchase,1
R000214,8,9.28,quality improvement would make me repurchase more often,0
R000215,4,5.85,the package design should show product benefits more clearly,2
R000216,10,10.0,low carbon packaging would improve brand impression,5
R000217,10,9.51,KOL reviews are useful but need to be authentic,5
R000218,7,8.34,offline availability is not always convenient,5
R000219,10,9.56,the package design should show product benefits more clearly,2
R000220,5,7.03,I care about ingredients and product safety,2
R000221,10,10.0,quality improvement would make me repurchase more often,0
R000222,9,10.0,membership coupons can increase repeat purchase,1
R000223,10,10.0,quality improvement would make me repurchase more often,0
R000224,10,10.0,delivery speed affects whether I choose the brand,5
R000225,9,10.0,stockouts make me switch to other brands,3
R000226,10,10.0,the product quality is stable and trustworthy,0
R000227,10,9.48,the product quality is stable and trustworthy,0
R000228,9,9.7,the price feels high without promotion,4
R000229,8,8.76,the product quality is stable and trustworthy,0
R000230,9,8.54,I prefer brands with recyclable packaging,5
R000231,5,7.21,the packaging is convenient but could look more premium,5
R000232,7,7.29,KOL reviews are useful but need to be authentic,5
R000233,8,8.69,I compare price across platforms before purchase,1
R000234,8,10.0,quality improvement would make me repurchase more often,0
R000235,8,9.2,sustainability claims need to be more credible,5
R000236,10,10.0,the product quality is stable and trustworthy,0
R000237,9,10.0,I prefer brands with recyclable packaging,5
R000238,7,7.39,I compare price across platforms before purchase,1
R000239,9,9.63,KOL reviews are useful but need to be authentic,5
R000240,10,9.79,delivery speed affects whether I choose the brand,5
R000241,10,9.17,I care about ingredients and product safety,2
R000242,10,8.89,quality improvement would make me repurchase more often,0
R000243,8,8.2,membership coupons can increase repeat purchase,1
R000244,8,8.54,livestream promotion helps me discover new products,4
R000245,7,6.83,KOL reviews are useful but need to be authentic,5
R000246,6,7.89,the packaging is convenient but could look more premium,5
R000247,10,10.0,the packaging is convenient but could look more premium,5
R000248,8,7.95,membership coupons can increase repeat purchase,1
R000249,6,7.89,I compare price across platforms before purchase,1
R000250,7,6.34,the price feels high without promotion,4
R000251,10,9.52,offline availability is not always convenient,5
R000252,4,6.33,the package design should show product benefits more clearly,2
R000253,6,5.18,delivery speed affects whether I choose the brand,5
R000254,6,8.3,membership coupons can increase repeat purchase,1
R000255,10,9.38,stockouts make me switch to other brands,3
R000256,8,8.17,stockouts make me switch to other brands,3
R000257,8,8.87,the product quality is stable and trustworthy,0
R000258,9,8.81,the price feels high without promotion,4
R000259,10,9.52,offline availability is not always convenient,5
R000260,8,8.47,the package design should show product benefits more clearly,2
R000261,7,7.79,the price feels high without promotion,4
R000262,10,9.62,delivery speed affects whether I choose the brand,5
R000263,10,9.7,I care about ingredients and product safety,2
R000264,5,6.75,sustainability claims need to be more credible,5
R000265,7,8.44,portable packaging is useful for work and travel,5
R000266,8,7.84,discount bundles make me more willing to buy,3
R000267,9,10.0,offline availability is not always convenient,5
R000268,8,7.55,the price feels high without promotion,4
R000269,7,7.23,discount bundles make me more willing to buy,3
R000270,10,9.44,offline availability is not always convenient,5
R000271,9,8.46,stockouts make me switch to other brands,3
R000272,10,10.0,I compare price across platforms before purchase,1
R000273,8,8.3,discount bundles make me more willing to buy,3
R000274,10,9.33,I prefer brands with recyclable packaging,5
R000275,9,8.79,I care about ingredients and product safety,2
R000276,7,8.12,the price feels high without promotion,4
R000277,7,7.18,discount bundles make me more willing to buy,3
R000278,10,9.6,the price feels high without promotion,4
R000279,8,8.39,quality improvement would make me repurchase more often,0
R000280,10,9.45,I compare price across platforms before purchase,1
R000281,10,9.83,I prefer brands with recyclable packaging,5
R000282,9,10.0,discount bundles make me more willing to buy,3
R000283,8,7.47,stockouts make me switch to other brands,3
R000284,7,7.67,I compare price across platforms before purchase,1
R000285,8,7.63,delivery speed affects whether I choose the brand,5
R000286,8,7.05,livestream promotion helps me discover new products,4
R000287,10,10.0,I prefer brands with recyclable packaging,5
R000288,9,8.69,livestream promotion helps me discover new products,4
R000289,8,10.0,the packaging is convenient but could look more premium,5
R000290,10,9.14,quality improvement would make me repurchase more often,0
R000291,10,9.92,KOL reviews are useful but need to be authentic,5
R000292,9,10.0,livestream promotion helps me discover new products,4
R000293,10,8.94,the packaging is convenient but could look more premium,5
R000294,7,8.79,membership coupons can increase repeat purchase,1
R000295,9,10.0,delivery speed affects whether I choose the brand,5
R000296,8,8.19,portable packaging is useful for work and travel,5
R000297,7,7.36,livestream promotion helps me discover new products,4
R000298,4,5.65,KOL reviews are useful but need to be authentic,5
R000299,7,9.27,discount bundles make me more willing to buy,3
R000300,7,6.4,low carbon packaging would improve brand impression,5
R000301,9,9.89,sustainability claims need to be more credible,5
R000302,10,10.0,quality improvement would make me repurchase more often,0
R000303,9,7.72,I prefer brands with recyclable packaging,5
R000304,9,10.0,stockouts make me switch to other brands,3
R000305,8,8.26,discount bundles make me more willing to buy,3
R000306,10,10.0,the package design should show product benefits more clearly,2
R000307,6,5.8,offline availability is not always convenient,5
R000308,10,10.0,stockouts make me switch to other brands,3
R000309,8,8.68,livestream promotion helps me discover new products,4
R000310,8,6.58,I compare price across platforms before purchase,1
R000311,6,6.24,discount bundles make me more willing to buy,3
R000312,7,9.04,I prefer brands with recyclable packaging,5
R000313,10,9.58,I compare price across platforms before purchase,1
R000314,9,8.5,membership coupons can increase repeat purchase,1
R000315,9,10.0,low carbon packaging would improve brand impression,5
R000316,5,4.72,livestream promotion helps me discover new products,4
R000317,10,8.12,the price feels high without promotion,4
R000318,10,9.2,delivery speed affects whether I choose the brand,5
R000319,8,7.06,stockouts make me switch to other brands,3
R000320,8,7.49,the package design should show product benefits more clearly,2
R000321,10,9.14,low carbon packaging would improve brand impression,5
R000322,9,9.62,discount bundles make me more willing to buy,3
R000323,10,10.0,I care about ingredients and product safety,2
R000324,10,9.81,quality improvement would make me repurchase more often,0
R000325,6,7.93,the product quality is stable and trustworthy,0
R000326,9,9.93,low carbon packaging would improve brand impression,5
R000327,6,7.62,quality improvement would make me repurchase more often,0
R000328,10,10.0,quality improvement would make me repurchase more often,0
R000329,7,6.14,the packaging is convenient but could look more premium,5
R000330,8,8.79,KOL reviews are useful but need to be authentic,5
R000331,10,10.0,I compare price across platforms before purchase,1
R000332,8,8.67,I care about ingredients and product safety,2
R000333,10,10.0,discount bundles make me more willing to buy,3
R000334,6,8.19,low carbon packaging would improve brand impression,5
R000335,7,8.37,the packaging is convenient but could look more premium,5
R000336,9,9.45,portable packaging is useful for work and travel,5
R000337,7,7.05,offline availability is not always convenient,5
R000338,9,9.49,the packaging is convenient but could look more premium,5
R000339,6,7.45,offline availability is not always convenient,5
R000340,8,8.83,quality improvement would make me repurchase more often,0
R000341,7,8.1,I compare price across platforms before purchase,1
R000342,10,9.86,offline availability is not always convenient,5
R000343,8,8.9,discount bundles make me more willing to buy,3
R000344,7,8.41,livestream promotion helps me discover new products,4
R000345,9,8.26,delivery speed affects whether I choose the brand,5
R000346,4,4.95,the packaging is convenient but could look more premium,5
R000347,8,9.31,KOL reviews are useful but need to be authentic,5
R000348,7,6.83,quality improvement would make me repurchase more often,0
R000349,6,8.67,discount bundles make me more willing to buy,3
R000350,10,9.57,I prefer brands with recyclable packaging,5
R000351,7,7.44,offline availability is not always convenient,5
R000352,10,9.74,KOL reviews are useful but need to be authentic,5
R000353,3,4.21,I care about ingredients and product safety,2
R000354,8,8.74,portable packaging is useful for work and travel,5
R000355,4,5.82,livestream promotion helps me discover new products,4
R000356,7,8.35,I prefer brands with recyclable packaging,5
R000357,10,9.69,the price feels high without promotion,4
R000358,10,10.0,the packaging is convenient but could look more premium,5
R000359,9,10.0,delivery speed affects whether I choose the brand,5
R000360,8,7.86,the package design should show product benefits more clearly,2
R000361,8,7.61,offline availability is not always convenient,5
R000362,5,7.99,the packaging is convenient but could look more premium,5
R000363,10,9.28,sustainability claims need to be more credible,5
R000364,10,9.86,the product quality is stable and trustworthy,0
R000365,9,8.21,the price feels high without promotion,4
R000366,10,9.92,the product quality is stable and trustworthy,0
R000367,8,7.68,the product quality is stable and trustworthy,0
R000368,6,6.41,the price feels high without promotion,4
R000369,6,5.91,I compare price across platforms before purchase,1
R000370,6,5.45,livestream promotion helps me discover new products,4
R000371,10,10.0,offline availability is not always convenient,5
R000372,6,6.87,discount bundles make me more willing to buy,3
R000373,10,10.0,I care about ingredients and product safety,2
R000374,8,8.36,KOL reviews are useful but need to be authentic,5
R000375,6,7.46,portable packaging is useful for work and travel,5
R000376,7,8.34,the price feels high without promotion,4
R000377,9,7.37,livestream promotion helps me discover new products,4
R000378,9,8.76,the package design should show product benefits more clearly,2
R000379,5,5.39,livestream promotion helps me discover new products,4
R000380,10,10.0,the packaging is convenient but could look more premium,5
R000381,7,6.92,membership coupons can increase repeat purchase,1
R000382,10,10.0,sustainability claims need to be more credible,5
R000383,8,9.84,membership coupons can increase repeat purchase,1
R000384,4,5.11,the price feels high without promotion,4
R000385,9,8.59,the package design should show product benefits more clearly,2
R000386,10,10.0,the product quality is stable and trustworthy,0
R000387,9,7.8,the package design should show product benefits more clearly,2
R000388,6,6.39,I care about ingredients and product safety,2
R000389,9,8.26,I care about ingredients and product safety,2
R000390,6,6.31,membership coupons can increase repeat purchase,1
R000391,8,9.32,sustainability claims need to be more credible,5
R000392,8,8.97,low carbon packaging would improve brand impression,5
R000393,9,9.55,delivery speed affects whether I choose the brand,5
R000394,10,9.05,livestream promotion helps me discover new products,4
R000395,9,10.0,discount bundles make me more willing to buy,3
R000396,10,10.0,I care about ingredients and product safety,2
R000397,7,7.75,quality improvement would make me repurchase more often,0
R000398,10,10.0,I prefer brands with recyclable packaging,5
R000399,8,7.51,stockouts make me switch to other brands,3
R000400,9,10.0,stockouts make me switch to other brands,3
R000401,8,6.61,quality improvement would make me repurchase more often,0
R000402,4,5.2,discount bundles make me more willing to buy,3
R000403,10,9.92,the product quality is stable and trustworthy,0
R000404,7,5.62,the price feels high without promotion,4
R000405,7,8.85,delivery speed affects whether I choose the brand,5
R000406,6,6.86,I compare price across platforms before purchase,1
R000407,10,9.73,quality improvement would make me repurchase more often,0
R000408,8,8.87,the packaging is convenient but could look more premium,5
R000409,7,8.15,the packaging is convenient but could look more premium,5
R000410,10,10.0,sustainability claims need to be more credible,5
R000411,6,7.42,I compare price across platforms before purchase,1
R000412,10,9.07,livestream promotion helps me discover new products,4
R000413,10,9.23,membership coupons can increase repeat purchase,1
R000414,10,9.21,offline availability is not always convenient,5
R000415,8,6.9,stockouts make me switch to other brands,3
R000416,6,7.04,discount bundles make me more willing to buy,3
R000417,10,10.0,the packaging is convenient but could look more premium,5
R000418,8,6.62,discount bundles make me more willing to buy,3
R000419,10,6.75,I compare price across platforms before purchase,1
R000420,9,9.4,offline availability is not always convenient,5
R000421,5,7.09,portable packaging is useful for work and travel,5
R000422,5,6.98,the price feels high without promotion,4
R000423,8,8.73,quality improvement would make me repurchase more often,0
R000424,7,7.95,quality improvement would make me repurchase more often,0
R000425,10,9.76,low carbon packaging would improve brand impression,5
R000426,8,7.22,membership coupons can increase repeat purchase,1
R000427,10,8.96,discount bundles make me more willing to buy,3
R000428,7,7.4,livestream promotion helps me discover new products,4
R000429,8,8.06,quality improvement would make me repurchase more often,0
R000430,10,10.0,stockouts make me switch to other brands,3
R000431,10,8.96,delivery speed affects whether I choose the brand,5
R000432,5,6.8,delivery speed affects whether I choose the brand,5
R000433,4,5.85,KOL reviews are useful but need to be authentic,5
R000434,9,8.03,discount bundles make me more willing to buy,3
R000435,6,7.09,the package design should show product benefits more clearly,2
R000436,5,6.71,livestream promotion helps me discover new products,4
R000437,9,7.84,the price feels high without promotion,4
R000438,10,8.06,I care about ingredients and product safety,2
R000439,10,7.94,I prefer brands with recyclable packaging,5
R000440,10,10.0,I care about ingredients and product safety,2
R000441,8,8.33,delivery speed affects whether I choose the brand,5
R000442,8,8.6,offline availability is not always convenient,5
R000443,9,9.83,portable packaging is useful for work and travel,5
R000444,9,10.0,quality improvement would make me repurchase more often,0
R000445,10,9.61,the package design should show product benefits more clearly,2
R000446,8,8.02,portable packaging is useful for work and travel,5
R000447,7,8.88,delivery speed affects whether I choose the brand,5
R000448,4,4.31,the price feels high without promotion,4
R000449,6,6.77,the product quality is stable and trustworthy,0
R000450,7,8.72,offline availability is not always convenient,5
R000451,9,9.38,I compare price across platforms before purchase,1
R000452,4,5.73,discount bundles make me more willing to buy,3
R000453,6,7.2,membership coupons can increase repeat purchase,1
R000454,10,9.83,delivery speed affects whether I choose the brand,5
R000455,8,10.0,KOL reviews are useful but need to be authentic,5
R000456,7,7.41,I compare price across platforms before purchase,1
R000457,7,8.45,KOL reviews are useful but need to be authentic,5
R000458,8,6.58,offline availability is not always convenient,5
R000459,10,9.6,the package design should show product benefits more clearly,2
R000460,7,7.8,discount bundles make me more willing to buy,3
R000461,8,8.52,delivery speed affects whether I choose the brand,5
R000462,10,8.84,I compare price across platforms before purchase,1
R000463,10,9.68,offline availability is not always convenient,5
R000464,8,7.42,I care about ingredients and product safety,2
R000465,8,7.55,I prefer brands with recyclable packaging,5
R000466,4,5.62,the price feels high without promotion,4
R000467,10,10.0,membership coupons can increase repeat purchase,1
R000468,8,8.47,stockouts make me switch to other brands,3
R000469,5,5.16,the price feels high without promotion,4
R000470,9,9.24,livestream promotion helps me discover new products,4
R000471,6,8.63,livestream promotion helps me discover new products,4
R000472,10,10.0,I prefer brands with recyclable packaging,5
R000473,7,7.79,KOL reviews are useful but need to be authentic,5
R000474,8,7.97,KOL reviews are useful but need to be authentic,5
R000475,10,10.0,I care about ingredients and product safety,2
R000476,7,7.89,low carbon packaging would improve brand impression,5
R000477,10,10.0,low carbon packaging would improve brand impression,5
R000478,8,8.04,the packaging is convenient but could look more premium,5
R000479,9,7.88,the packaging is convenient but could look more premium,5
R000480,8,8.66,I prefer brands with recyclable packaging,5
R000481,7,7.73,I care about ingredients and product safety,2
R000482,10,10.0,quality improvement would make me repurchase more often,0
R000483,7,6.0,the price feels high without promotion,4
R000484,9,8.11,offline availability is not always convenient,5
R000485,8,8.1,portable packaging is useful for work and travel,5
R000486,9,9.08,the product quality is stable and trustworthy,0
R000487,3,5.48,the packaging is convenient but could look more premium,5
R000488,7,8.8,I care about ingredients and product safety,2
R000489,8,8.0,sustainability claims need to be more credible,5
R000490,9,8.17,the product quality is stable and trustworthy,0
R000491,8,8.57,the product quality is stable and trustworthy,0
R000492,6,7.69,quality improvement would make me repurchase more often,0
R000493,9,8.49,sustainability claims need to be more credible,5
R000494,10,9.48,membership coupons can increase repeat purchase,1
R000495,9,8.52,delivery speed affects whether I choose the brand,5
R000496,8,10.0,I care about ingredients and product safety,2
R000497,10,9.7,I care about ingredients and product safety,2
R000498,10,10.0,quality improvement would make me repurchase more often,0
R000499,9,8.65,livestream promotion helps me discover new products,4
R000500,6,5.35,KOL reviews are useful but need to be authentic,5
R000501,6,8.11,I compare price across platforms before purchase,1
R000502,6,6.1,portable packaging is useful for work and travel,5
R000503,10,9.66,the price feels high without promotion,4
R000504,9,9.52,membership coupons can increase repeat purchase,1
R000505,4,5.51,the price feels high without promotion,4
R000506,8,8.57,quality improvement would make me repurchase more often,0
R000507,9,9.65,the product quality is stable and trustworthy,0
R000508,8,8.06,I compare price across platforms before purchase,1
R000509,10,10.0,I care about ingredients and product safety,2
R000510,10,9.85,livestream promotion helps me discover new products,4
R000511,6,9.82,the package design should show product benefits more clearly,2
R000512,7,7.8,stockouts make me switch to other brands,3
R000513,10,8.59,I care about ingredients and product safety,2
R000514,8,7.92,stockouts make me switch to other brands,3
R000515,6,9.72,I compare price across platforms before purchase,1
R000516,8,9.15,livestream promotion helps me discover new products,4
R000517,8,9.29,KOL reviews are useful but need to be authentic,5
R000518,8,8.44,membership coupons can increase repeat purchase,1
R000519,10,9.25,I care about ingredients and product safety,2
R000520,7,7.58,portable packaging is useful for work and travel,5
R000521,10,7.48,sustainability claims need to be more credible,5
R000522,7,8.14,the package design should show product benefits more clearly,2
R000523,9,8.54,I compare price across platforms before purchase,1
R000524,10,10.0,I compare price across platforms before purchase,1
R000525,10,10.0,I care about ingredients and product safety,2
R000526,4,5.31,the package design should show product benefits more clearly,2
R000527,6,7.7,KOL reviews are useful but need to be authentic,5
R000528,5,7.32,KOL reviews are useful but need to be authentic,5
R000529,10,9.86,delivery speed affects whether I choose the brand,5
R000530,9,8.09,the product quality is stable and trustworthy,0
R000531,6,7.68,I compare price across platforms before purchase,1
R000532,8,9.99,the packaging is convenient but could look more premium,5
R000533,8,7.46,membership coupons can increase repeat purchase,1
R000534,10,8.83,the price feels high without promotion,4
R000535,10,10.0,membership coupons can increase repeat purchase,1
R000536,5,7.09,discount bundles make me more willing to buy,3
R000537,7,7.85,membership coupons can increase repeat purchase,1
R000538,8,6.69,the packaging is convenient but could look more premium,5
R000539,9,7.56,membership coupons can increase repeat purchase,1
R000540,5,5.93,membership coupons can increase repeat purchase,1
R000541,10,9.49,stockouts make me switch to other brands,3
R000542,7,8.13,I prefer brands with recyclable packaging,5
R000543,7,7.51,low carbon packaging would improve brand impression,5
R000544,5,6.3,the product quality is stable and trustworthy,0
R000545,7,7.79,quality improvement would make me repurchase more often,0
R000546,9,10.0,stockouts make me switch to other brands,3
R000547,7,7.32,the package design should show product benefits more clearly,2
R000548,7,6.7,delivery speed affects whether I choose the brand,5
R000549,10,9.03,sustainability claims need to be more credible,5
R000550,10,9.06,the packaging is convenient but could look more premium,5
R000551,10,9.24,livestream promotion helps me discover new products,4
R000552,10,9.41,discount bundles make me more willing to buy,3
R000553,9,8.26,quality improvement would make me repurchase more often,0
R000554,9,7.02,offline availability is not always convenient,5
R000555,10,10.0,sustainability claims need to be more credible,5
R000556,6,6.37,sustainability claims need to be more credible,5
R000557,9,9.25,I prefer brands with recyclable packaging,5
R000558,9,8.87,KOL reviews are useful but need to be authentic,5
R000559,10,10.0,delivery speed affects whether I choose the brand,5
R000560,10,10.0,delivery speed affects whether I choose the brand,5
R000561,7,7.34,discount bundles make me more willing to buy,3
R000562,8,7.54,the packaging is convenient but could look more premium,5
R000563,8,7.48,the product quality is stable and trustworthy,0
R000564,5,6.34,low carbon packaging would improve brand impression,5
R000565,9,8.76,I prefer brands with recyclable packaging,5
R000566,9,10.0,the package design should show product benefits more clearly,2
R000567,10,8.08,livestream promotion helps me discover new products,4
R000568,6,7.53,membership coupons can increase repeat purchase,1
R000569,7,8.09,stockouts make me switch to other brands,3
R000570,10,9.0,discount bundles make me more willing to buy,3
R000571,7,7.9,the packaging is convenient but could look more premium,5
R000572,5,5.92,livestream promotion helps me discover new products,4
R000573,10,9.53,I care about ingredients and product safety,2
R000574,10,9.52,sustainability claims need to be more credible,5
R000575,10,10.0,I compare price across platforms before purchase,1
R000576,6,7.98,KOL reviews are useful but need to be authentic,5
R000577,9,9.49,quality improvement would make me repurchase more often,0
R000578,7,6.31,the packaging is convenient but could look more premium,5
R000579,10,9.04,the packaging is convenient but could look more premium,5
R000580,8,7.92,sustainability claims need to be more credible,5
R000581,7,8.09,discount bundles make me more willing to buy,3
R000582,8,5.49,I care about ingredients and product safety,2
R000583,7,7.03,quality improvement would make me repurchase more often,0
R000584,8,8.45,the package design should show product benefits more clearly,2
R000585,8,8.49,the package design should show product benefits more clearly,2
R000586,10,9.29,delivery speed affects whether I choose the brand,5
R000587,8,8.28,I compare price across platforms before purchase,1
R000588,10,9.39,discount bundles make me more willing to buy,3
R000589,8,7.15,the price feels high without promotion,4
R000590,9,10.0,KOL reviews are useful but need to be authentic,5
R000591,9,10.0,discount bundles make me more willing to buy,3
R000592,10,10.0,I care about ingredients and product safety,2
R000593,5,7.28,membership coupons can increase repeat purchase,1
R000594,6,5.04,the price feels high without promotion,4
R000595,4,6.04,delivery speed affects whether I choose the brand,5
R000596,4,5.78,the price feels high without promotion,4
R000597,8,8.13,discount bundles make me more willing to buy,3
R000598,7,8.03,offline availability is not always convenient,5
R000599,7,7.82,delivery speed affects whether I choose the brand,5
R000600,5,7.57,I care about ingredients and product safety,2
R000601,8,8.45,offline availability is not always convenient,5
R000602,8,9.04,membership coupons can increase repeat purchase,1
R000603,9,10.0,stockouts make me switch to other brands,3
R000604,10,10.0,livestream promotion helps me discover new products,4
R000605,10,10.0,quality improvement would make me repurchase more often,0
R000606,10,9.64,stockouts make me switch to other brands,3
R000607,10,8.92,the packaging is convenient but could look more premium,5
R000608,6,8.24,I compare price across platforms before purchase,1
R000609,9,9.25,delivery speed affects whether I choose the brand,5
R000610,10,9.13,low carbon packaging would improve brand impression,5
R000611,8,9.29,discount bundles make me more willing to buy,3
R000612,8,8.05,the price feels high without promotion,4
R000613,10,7.97,sustainability claims need to be more credible,5
R000614,9,9.41,portable packaging is useful for work and travel,5
R000615,8,6.89,KOL reviews are useful but need to be authentic,5
R000616,9,8.77,offline availability is not always convenient,5
R000617,10,10.0,sustainability claims need to be more credible,5
R000618,9,8.94,sustainability claims need to be more credible,5
R000619,8,10.0,quality improvement would make me repurchase more often,0
R000620,7,7.54,the price feels high without promotion,4
R000621,10,10.0,low carbon packaging would improve brand impression,5
R000622,9,9.92,I prefer brands with recyclable packaging,5
R000623,8,10.0,I prefer brands with recyclable packaging,5
R000624,9,9.64,the product quality is stable and trustworthy,0
R000625,7,9.21,sustainability claims need to be more credible,5
R000626,10,10.0,low carbon packaging would improve brand impression,5
R000627,10,10.0,discount bundles make me more willing to buy,3
R000628,10,10.0,the price feels high without promotion,4
R000629,7,7.48,I compare price across platforms before purchase,1
R000630,10,9.96,I care about ingredients and product safety,2
R000631,7,8.92,the product quality is stable and trustworthy,0
R000632,7,8.4,the packaging is convenient but could look more premium,5
R000633,8,8.92,livestream promotion helps me discover new products,4
R000634,8,10.0,I care about ingredients and product safety,2
R000635,8,8.41,portable packaging is useful for work and travel,5
R000636,7,7.2,quality improvement would make me repurchase more often,0
R000637,10,8.69,KOL reviews are useful but need to be authentic,5
R000638,8,9.8,stockouts make me switch to other brands,3
R000639,3,5.55,the price feels high without promotion,4
R000640,10,10.0,I compare price across platforms before purchase,1
R000641,4,6.1,low carbon packaging would improve brand impression,5
R000642,10,9.49,discount bundles make me more willing to buy,3
R000643,9,8.47,stockouts make me switch to other brands,3
R000644,9,8.99,KOL reviews are useful but need to be authentic,5
R000645,8,8.49,I compare price across platforms before purchase,1
R000646,7,8.9,discount bundles make me more willing to buy,3
R000647,8,8.87,I compare price across platforms before purchase,1
R000648,10,10.0,I care about ingredients and product safety,2
R000649,7,7.15,portable packaging is useful for work and travel,5
R000650,4,5.08,I compare price across platforms before purchase,1
R000651,9,9.62,I prefer brands with recyclable packaging,5
R000652,9,7.8,I compare price across platforms before purchase,1
R000653,10,10.0,delivery speed affects whether I choose the brand,5
R000654,10,9.44,KOL reviews are useful but need to be authentic,5
R000655,9,8.65,membership coupons can increase repeat purchase,1
R000656,9,6.9,I compare price across platforms before purchase,1
R000657,6,7.79,offline availability is not always convenient,5
R000658,9,8.55,stockouts make me switch to other brands,3
R000659,10,9.63,the packaging is convenient but could look more premium,5
R000660,7,7.83,the packaging is convenient but could look more premium,5
R000661,8,7.64,the price feels high without promotion,4
R000662,8,7.67,KOL reviews are useful but need to be authentic,5
R000663,9,10.0,the package design should show product benefits more clearly,2
R000664,6,8.15,the price feels high without promotion,4
R000665,10,9.3,KOL reviews are useful but need to be authentic,5
R000666,7,6.64,stockouts make me switch to other brands,3
R000667,9,8.42,discount bundles make me more willing to buy,3
R000668,9,9.11,stockouts make me switch to other brands,3
R000669,6,6.88,discount bundles make me more willing to buy,3
R000670,8,8.01,I care about ingredients and product safety,2
R000671,10,10.0,I care about ingredients and product safety,2
R000672,10,8.84,the product quality is stable and trustworthy,0
R000673,10,8.31,delivery speed affects whether I choose the brand,5
R000674,9,10.0,I care about ingredients and product safety,2
R000675,10,7.98,portable packaging is useful for work and travel,5
R000676,10,8.22,membership coupons can increase repeat purchase,1
R000677,8,9.26,I care about ingredients and product safety,2
R000678,8,8.59,I care about ingredients and product safety,2
R000679,9,9.45,KOL reviews are useful but need to be authentic,5
R000680,9,8.43,portable packaging is useful for work and travel,5
R000681,6,6.3,low carbon packaging would improve brand impression,5
R000682,9,7.98,I care about ingredients and product safety,2
R000683,8,8.16,stockouts make me switch to other brands,3
R000684,6,7.67,I care about ingredients and product safety,2
R000685,8,8.76,offline availability is not always convenient,5
R000686,10,9.48,low carbon packaging would improve brand impression,5
R000687,9,9.23,low carbon packaging would improve brand impression,5
R000688,6,8.23,I care about ingredients and product safety,2
R000689,6,6.77,membership coupons can increase repeat purchase,1
R000690,8,7.35,membership coupons can increase repeat purchase,1
R000691,7,7.51,the packaging is convenient but could look more premium,5
R000692,5,7.44,stockouts make me switch to other brands,3
R000693,10,9.8,quality improvement would make me repurchase more often,0
R000694,9,8.62,quality improvement would make me repurchase more often,0
R000695,10,8.64,delivery speed affects whether I choose the brand,5
R000696,10,8.85,I prefer brands with recyclable packaging,5
R000697,5,8.09,quality improvement would make me repurchase more often,0
R000698,10,10.0,stockouts make me switch to other brands,3
R000699,10,9.28,I prefer brands with recyclable packaging,5
R000700,6,8.46,KOL reviews are useful but need to be authentic,5
R000701,7,7.83,delivery speed affects whether I choose the brand,5
R000702,6,8.51,KOL reviews are useful but need to be authentic,5
R000703,3,5.35,the packaging is convenient but could look more premium,5
R000704,9,8.4,quality improvement would make me repurchase more often,0
R000705,10,10.0,the product quality is stable and trustworthy,0
R000706,4,6.94,stockouts make me switch to other brands,3
R000707,9,8.37,I care about ingredients and product safety,2
R000708,5,6.2,offline availability is not always convenient,5
R000709,10,10.0,low carbon packaging would improve brand impression,5
R000710,9,10.0,the package design should show product benefits more clearly,2
R000711,5,7.57,the price feels high without promotion,4
R000712,5,7.02,the price feels high without promotion,4
R000713,5,6.19,KOL reviews are useful but need to be authentic,5
R000714,9,8.77,I care about ingredients and product safety,2
R000715,7,6.91,stockouts make me switch to other brands,3
R000716,10,8.17,portable packaging is useful for work and travel,5
R000717,9,10.0,membership coupons can increase repeat purchase,1
R000718,8,8.8,offline availability is not always convenient,5
R000719,7,9.5,I compare price across platforms before purchase,1
R000720,9,8.56,I compare price across platforms before purchase,1
R000721,10,8.42,offline availability is not always convenient,5
R000722,8,9.63,membership coupons can increase repeat purchase,1
R000723,10,8.96,delivery speed affects whether I choose the brand,5
R000724,5,7.06,livestream promotion helps me discover new products,4
R000725,10,9.33,the package design should show product benefits more clearly,2
R000726,10,9.77,the package design should show product benefits more clearly,2
R000727,9,8.45,livestream promotion helps me discover new products,4
R000728,7,7.67,stockouts make me switch to other brands,3
R000729,10,8.47,discount bundles make me more willing to buy,3
R000730,10,9.57,stockouts make me switch to other brands,3
R000731,8,9.29,KOL reviews are useful but need to be authentic,5
R000732,10,8.48,the packaging is convenient but could look more premium,5
R000733,10,9.32,the packaging is convenient but could look more premium,5
R000734,4,5.87,membership coupons can increase repeat purchase,1
R000735,8,7.11,delivery speed affects whether I choose the brand,5
R000736,6,8.32,quality improvement would make me repurchase more often,0
R000737,10,10.0,the packaging is convenient but could look more premium,5
R000738,6,6.3,sustainability claims need to be more credible,5
R000739,9,8.27,membership coupons can increase repeat purchase,1
R000740,8,8.28,KOL reviews are useful but need to be authentic,5
R000741,8,8.34,livestream promotion helps me discover new products,4
R000742,9,10.0,I care about ingredients and product safety,2
R000743,10,10.0,delivery speed affects whether I choose the brand,5
R000744,4,6.05,KOL reviews are useful but need to be authentic,5
R000745,10,10.0,offline availability is not always convenient,5
R000746,10,8.53,stockouts make me switch to other brands,3
R000747,8,9.99,the price feels high without promotion,4
R000748,10,9.01,I compare price across platforms before purchase,1
R000749,8,8.51,livestream promotion helps me discover new products,4
R000750,5,6.01,membership coupons can increase repeat purchase,1
R000751,8,8.39,sustainability claims need to be more credible,5
R000752,5,6.75,livestream promotion helps me discover new products,4
R000753,6,7.98,I care about ingredients and product safety,2
R000754,9,8.38,low carbon packaging would improve brand impression,5
R000755,6,7.02,membership coupons can increase repeat purchase,1
R000756,8,8.9,portable packaging is useful for work and travel,5
R000757,10,9.03,portable packaging is useful for work and travel,5
R000758,5,7.53,livestream promotion helps me discover new products,4
R000759,6,7.53,KOL reviews are useful but need to be authentic,5
R000760,10,7.93,stockouts make me switch to other brands,3
R000761,8,9.12,delivery speed affects whether I choose the brand,5
R000762,8,8.52,delivery speed affects whether I choose the brand,5
R000763,7,7.71,I compare price across platforms before purchase,1
R000764,9,7.95,stockouts make me switch to other brands,3
R000765,10,9.38,I compare price across platforms before purchase,1
R000766,7,8.2,offline availability is not always convenient,5
R000767,7,7.01,livestream promotion helps me discover new products,4
R000768,7,8.0,I compare price across platforms before purchase,1
R000769,7,6.94,I compare price across platforms before purchase,1
R000770,9,8.96,the price feels high without promotion,4
R000771,10,10.0,KOL reviews are useful but need to be authentic,5
R000772,9,8.83,delivery speed affects whether I choose the brand,5
R000773,10,9.95,I compare price across platforms before purchase,1
R000774,8,8.89,membership coupons can increase repeat purchase,1
R000775,10,10.0,membership coupons can increase repeat purchase,1
R000776,10,8.62,livestream promotion helps me discover new products,4
R000777,10,9.86,quality improvement would make me repurchase more often,0
R000778,10,9.52,stockouts make me switch to other brands,3
R000779,7,9.57,I prefer brands with recyclable packaging,5
R000780,7,7.73,sustainability claims need to be more credible,5
R000781,9,9.07,offline availability is not always convenient,5
R000782,7,8.27,the product quality is stable and trustworthy,0
R000783,9,10.0,sustainability claims need to be more credible,5
R000784,7,8.1,low carbon packaging would improve brand impression,5
R000785,10,10.0,discount bundles make me more willing to buy,3
R000786,9,9.18,I prefer brands with recyclable packaging,5
R000787,10,9.62,quality improvement would make me repurchase more often,0
R000788,7,7.64,KOL reviews are useful but need to be authentic,5
R000789,8,6.48,the price feels high without promotion,4
R000790,10,8.41,the packaging is convenient but could look more premium,5
R000791,6,7.77,low carbon packaging would improve brand impression,5
R000792,10,8.89,the package design should show product benefits more clearly,2
R000793,10,8.96,quality improvement would make me repurchase more often,0
R000794,4,6.14,quality improvement would make me repurchase more often,0
R000795,4,6.67,I care about ingredients and product safety,2
R000796,10,10.0,membership coupons can increase repeat purchase,1
R000797,10,8.4,the product quality is stable and trustworthy,0
R000798,9,9.35,offline availability is not always convenient,5
R000799,10,8.84,delivery speed affects whether I choose the brand,5
R000800,9,8.67,livestream promotion helps me discover new products,4
R000801,8,9.19,low carbon packaging would improve brand impression,5
R000802,8,9.8,the package design should show product benefits more clearly,2
R000803,9,7.83,low carbon packaging would improve brand impression,5
R000804,5,6.82,the package design should show product benefits more clearly,2
R000805,5,5.23,I compare price across platforms before purchase,1
R000806,6,7.41,I care about ingredients and product safety,2
R000807,6,7.87,the product quality is stable and trustworthy,0
R000808,5,7.98,sustainability claims need to be more credible,5
R000809,9,7.74,I care about ingredients and product safety,2
R000810,8,7.89,delivery speed affects whether I choose the brand,5
R000811,9,9.11,livestream promotion helps me discover new products,4
R000812,8,10.0,quality improvement would make me repurchase more often,0
R000813,8,8.02,KOL reviews are useful but need to be authentic,5
R000814,6,6.4,the price feels high without promotion,4
R000815,9,7.58,discount bundles make me more willing to buy,3
R000816,6,6.86,offline availability is not always convenient,5
R000817,10,9.38,sustainability claims need to be more credible,5
R000818,10,9.61,low carbon packaging would improve brand impression,5
R000819,6,7.01,discount bundles make me more willing to buy,3
R000820,9,7.78,I prefer brands with recyclable packaging,5
R000821,7,7.94,discount bundles make me more willing to buy,3
R000822,8,7.92,sustainability claims need to be more credible,5
R000823,6,8.35,I compare price across platforms before purchase,1
R000824,8,7.97,I compare price across platforms before purchase,1
R000825,5,6.54,the price feels high without promotion,4
R000826,10,9.12,sustainability claims need to be more credible,5
R000827,10,10.0,the product quality is stable and trustworthy,0
R000828,9,8.55,I prefer brands with recyclable packaging,5
R000829,10,9.92,discount bundles make me more willing to buy,3
R000830,8,8.67,the product quality is stable and trustworthy,0
R000831,9,10.0,the price feels high without promotion,4
R000832,10,10.0,portable packaging is useful for work and travel,5
R000833,9,8.43,quality improvement would make me repurchase more often,0
R000834,5,6.84,quality improvement would make me repurchase more often,0
R000835,6,8.21,I compare price across platforms before purchase,1
R000836,6,6.88,the price feels high without promotion,4
R000837,10,8.91,delivery speed affects whether I choose the brand,5
R000838,8,8.57,the price feels high without promotion,4
R000839,7,7.19,membership coupons can increase repeat purchase,1
R000840,10,10.0,I care about ingredients and product safety,2
R000841,3,5.75,delivery speed affects whether I choose the brand,5
R000842,10,10.0,the product quality is stable and trustworthy,0
R000843,5,6.17,I compare price across platforms before purchase,1
R000844,6,7.17,I compare price across platforms before purchase,1
R000845,10,8.56,I compare price across platforms before purchase,1
R000846,5,6.22,membership coupons can increase repeat purchase,1
R000847,9,8.95,I care about ingredients and product safety,2
R000848,10,10.0,livestream promotion helps me discover new products,4
R000849,10,8.81,I prefer brands with recyclable packaging,5
R000850,7,8.8,discount bundles make me more willing to buy,3
R000851,8,6.56,I care about ingredients and product safety,2
R000852,9,8.93,low carbon packaging would improve brand impression,5
R000853,6,7.22,portable packaging is useful for work and travel,5
R000854,8,7.69,portable packaging is useful for work and travel,5
R000855,8,9.39,KOL reviews are useful but need to be authentic,5
R000856,10,10.0,offline availability is not always convenient,5
R000857,10,9.96,livestream promotion helps me discover new products,4
R000858,8,9.67,stockouts make me switch to other brands,3
R000859,8,9.41,the product quality is stable and trustworthy,0
R000860,7,9.18,the package design should show product benefits more clearly,2
R000861,7,6.68,offline availability is not always convenient,5
R000862,5,7.17,I prefer brands with recyclable packaging,5
R000863,5,7.88,I compare price across platforms before purchase,1
R000864,9,9.05,livestream promotion helps me discover new products,4
R000865,9,9.25,sustainability claims need to be more credible,5
R000866,7,8.26,delivery speed affects whether I choose the brand,5
R000867,9,7.72,quality improvement would make me repurchase more often,0
R000868,6,6.08,KOL reviews are useful but need to be authentic,5
R000869,9,7.35,I compare price across platforms before purchase,1
R000870,8,8.31,stockouts make me switch to other brands,3
R000871,8,7.72,low carbon packaging would improve brand impression,5
R000872,10,10.0,livestream promotion helps me discover new products,4
R000873,5,6.53,delivery speed affects whether I choose the brand,5
R000874,4,4.07,discount bundles make me more willing to buy,3
R000875,7,7.76,stockouts make me switch to other brands,3
R000876,9,9.69,quality improvement would make me repurchase more often,0
R000877,6,7.23,the product quality is stable and trustworthy,0
R000878,9,10.0,the product quality is stable and trustworthy,0
R000879,8,7.41,discount bundles make me more willing to buy,3
R000880,10,10.0,quality improvement would make me repurchase more often,0
R000881,8,7.72,offline availability is not always convenient,5
R000882,8,9.09,stockouts make me switch to other brands,3
R000883,10,9.41,the packaging is convenient but could look more premium,5
R000884,4,7.88,sustainability claims need to be more credible,5
R000885,3,4.84,discount bundles make me more willing to buy,3
R000886,6,6.87,membership coupons can increase repeat purchase,1
R000887,8,8.25,the product quality is stable and trustworthy,0
R000888,10,9.32,the product quality is stable and trustworthy,0
R000889,10,9.45,I prefer brands with recyclable packaging,5
R000890,9,8.84,sustainability claims need to be more credible,5
R000891,9,9.38,membership coupons can increase repeat purchase,1
R000892,10,9.0,I prefer brands with recyclable packaging,5
R000893,8,8.4,membership coupons can increase repeat purchase,1
R000894,8,7.57,low carbon packaging would improve brand impression,5
R000895,9,8.22,I care about ingredients and product safety,2
R000896,9,9.79,low carbon packaging would improve brand impression,5
R000897,7,7.61,sustainability claims need to be more credible,5
R000898,10,10.0,stockouts make me switch to other brands,3
R000899,10,9.06,quality improvement would make me repurchase more often,0
R000900,7,9.12,low carbon packaging would improve brand impression,5
R000901,10,10.0,offline availability is not always convenient,5
R000902,10,9.17,the packaging is convenient but could look more premium,5
R000903,7,7.93,offline availability is not always convenient,5
R000904,10,9.01,KOL reviews are useful but need to be authentic,5
R000905,4,5.18,the price feels high without promotion,4
R000906,8,7.71,I compare price across platforms before purchase,1
R000907,8,6.32,discount bundles make me more willing to buy,3
R000908,10,9.09,membership coupons can increase repeat purchase,1
R000909,10,10.0,discount bundles make me more willing to buy,3
R000910,10,8.34,the product quality is stable and trustworthy,0
R000911,10,7.99,discount bundles make me more willing to buy,3
R000912,7,8.75,the packaging is convenient but could look more premium,5
R000913,9,8.65,livestream promotion helps me discover new products,4
R000914,8,7.36,the package design should show product benefits more clearly,2
R000915,8,8.44,the packaging is convenient but could look more premium,5
R000916,10,7.78,the package design should show product benefits more clearly,2
R000917,7,5.85,discount bundles make me more willing to buy,3
R000918,10,10.0,the product quality is stable and trustworthy,0
R000919,9,9.12,delivery speed affects whether I choose the brand,5
R000920,10,10.0,stockouts make me switch to other brands,3
R000921,10,10.0,portable packaging is useful for work and travel,5
R000922,6,6.45,I compare price across platforms before purchase,1
R000923,8,8.0,the packaging is convenient but could look more premium,5
R000924,9,9.7,offline availability is not always convenient,5
R000925,7,8.41,the package design should show product benefits more clearly,2
R000926,10,8.99,discount bundles make me more willing to buy,3
R000927,8,8.01,I compare price across platforms before purchase,1
R000928,10,10.0,KOL reviews are useful but need to be authentic,5
R000929,9,9.77,membership coupons can increase repeat purchase,1
R000930,9,9.33,quality improvement would make me repurchase more often,0
R000931,10,10.0,quality improvement would make me repurchase more often,0
R000932,10,9.94,the price feels high without promotion,4
R000933,5,4.41,the packaging is convenient but could look more premium,5
R000934,8,7.97,livestream promotion helps me discover new products,4
R000935,6,5.68,KOL reviews are useful but need to be authentic,5
R000936,9,6.73,low carbon packaging would improve brand impression,5
R000937,7,9.17,the package design should show product benefits more clearly,2
R000938,8,8.36,the package design should show product benefits more clearly,2
R000939,6,7.26,I prefer brands with recyclable packaging,5
R000940,8,8.32,quality improvement would make me repurchase more often,0
R000941,8,8.06,the package design should show product benefits more clearly,2
R000942,9,7.41,livestream promotion helps me discover new products,4
R000943,6,8.37,the packaging is convenient but could look more premium,5
R000944,5,6.88,quality improvement would make me repurchase more often,0
R000945,5,5.81,membership coupons can increase repeat purchase,1
R000946,7,7.72,I compare price across platforms before purchase,1
R000947,10,9.33,quality improvement would make me repurchase more often,0
R000948,2,4.36,discount bundles make me more willing to buy,3
R000949,7,7.87,discount bundles make me more willing to buy,3
R000950,9,8.32,the price feels high without promotion,4
R000951,5,7.18,I care about ingredients and product safety,2
R000952,5,6.38,delivery speed affects whether I choose the brand,5
R000953,9,10.0,quality improvement would make me repurchase more often,0
R000954,10,10.0,membership coupons can increase repeat purchase,1
R000955,8,7.5,low carbon packaging would improve brand impression,5
R000956,9,7.1,I compare price across platforms before purchase,1
R000957,9,10.0,membership coupons can increase repeat purchase,1
R000958,9,8.61,low carbon packaging would improve brand impression,5
R000959,7,7.27,portable packaging is useful for work and travel,5
R000960,5,6.98,KOL reviews are useful but need to be authentic,5
R000961,9,9.1,offline availability is not always convenient,5
R000962,6,9.04,the package design should show product benefits more clearly,2
R000963,5,5.81,the product quality is stable and trustworthy,0
R000964,8,8.11,I care about ingredients and product safety,2
R000965,8,9.34,quality improvement would make me repurchase more often,0
R000966,8,8.65,low carbon packaging would improve brand impression,5
R000967,9,9.18,membership coupons can increase repeat purchase,1
R000968,5,8.01,discount bundles make me more willing to buy,3
R000969,6,7.23,delivery speed affects whether I choose the brand,5
R000970,9,8.68,livestream promotion helps me discover new products,4
R000971,9,10.0,I prefer brands with recyclable packaging,5
R000972,7,8.81,stockouts make me switch to other brands,3
R000973,9,9.39,I compare price across platforms before purchase,1
R000974,5,6.53,quality improvement would make me repurchase more often,0
R000975,7,7.86,livestream promotion helps me discover new products,4
R000976,7,8.7,KOL reviews are useful but need to be authentic,5
R000977,5,6.91,quality improvement would make me repurchase more often,0
R000978,9,8.51,low carbon packaging would improve brand impression,5
R000979,9,10.0,I care about ingredients and product safety,2
R000980,6,7.74,membership coupons can increase repeat purchase,1
R000981,6,8.35,sustainability claims need to be more credible,5
R000982,5,6.83,sustainability claims need to be more credible,5
R000983,7,7.54,the package design should show product benefits more clearly,2
R000984,10,9.41,membership coupons can increase repeat purchase,1
R000985,4,6.28,I compare price across platforms before purchase,1
R000986,10,10.0,sustainability claims need to be more credible,5
R000987,7,7.3,the packaging is convenient but could look more premium,5
R000988,10,10.0,the price feels high without promotion,4
R000989,7,8.28,KOL reviews are useful but need to be authentic,5
R000990,10,9.46,stockouts make me switch to other brands,3
R000991,10,10.0,the product quality is stable and trustworthy,0
R000992,4,5.85,the product quality is stable and trustworthy,0
R000993,9,9.73,the packaging is convenient but could look more premium,5
R000994,9,7.68,I compare price across platforms before purchase,1
R000995,6,7.05,livestream promotion helps me discover new products,4
R000996,8,7.49,livestream promotion helps me discover new products,4
R000997,8,7.09,I prefer brands with recyclable packaging,5
R000998,3,4.17,the price feels high without promotion,4
R000999,7,8.21,I care about ingredients and product safety,2
R001000,9,9.49,low carbon packaging would improve brand impression,5
R001001,3,6.28,delivery speed affects whether I choose the brand,5
R001002,5,7.83,membership coupons can increase repeat purchase,1
R001003,4,6.25,livestream promotion helps me discover new products,4
R001004,9,7.9,delivery speed affects whether I choose the brand,5
R001005,10,10.0,I care about ingredients and product safety,2
R001006,7,6.96,discount bundles make me more willing to buy,3
R001007,8,6.16,the price feels high without promotion,4
R001008,8,6.78,quality improvement would make me repurchase more often,0
R001009,8,9.05,low carbon packaging would improve brand impression,5
R001010,5,6.55,the price feels high without promotion,4
R001011,7,8.33,KOL reviews are useful but need to be authentic,5
R001012,10,10.0,the price feels high without promotion,4
R001013,10,10.0,membership coupons can increase repeat purchase,1
R001014,6,8.73,the product quality is stable and trustworthy,0
R001015,8,10.0,quality improvement would make me repurchase more often,0
R001016,10,10.0,stockouts make me switch to other brands,3
R001017,10,9.4,portable packaging is useful for work and travel,5
R001018,5,6.43,stockouts make me switch to other brands,3
R001019,8,8.5,delivery speed affects whether I choose the brand,5
R001020,4,6.07,membership coupons can increase repeat purchase,1
R001021,9,10.0,the product quality is stable and trustworthy,0
R001022,10,9.85,I prefer brands with recyclable packaging,5
R001023,7,8.36,I prefer brands with recyclable packaging,5
R001024,7,7.74,membership coupons can increase repeat purchase,1
R001025,6,5.49,the price feels high without promotion,4
R001026,9,8.41,I compare price across platforms before purchase,1
R001027,9,7.94,quality improvement would make me repurchase more often,0
R001028,6,4.94,the price feels high without promotion,4
R001029,7,6.59,quality improvement would make me repurchase more often,0
R001030,7,7.43,I prefer brands with recyclable packaging,5
R001031,5,6.32,offline availability is not always convenient,5
R001032,8,8.64,stockouts make me switch to other brands,3
R001033,7,9.54,the product quality is stable and trustworthy,0
R001034,9,9.77,delivery speed affects whether I choose the brand,5
R001035,10,9.03,sustainability claims need to be more credible,5
R001036,10,7.63,I prefer brands with recyclable packaging,5
R001037,7,8.23,discount bundles make me more willing to buy,3
R001038,7,8.3,sustainability claims need to be more credible,5
R001039,8,8.49,the price feels high without promotion,4
R001040,9,9.21,offline availability is not always convenient,5
R001041,8,8.75,livestream promotion helps me discover new products,4
R001042,10,10.0,livestream promotion helps me discover new products,4
R001043,9,9.27,delivery speed affects whether I choose the brand,5
R001044,9,10.0,the packaging is convenient but could look more premium,5
R001045,5,6.95,discount bundles make me more willing to buy,3
R001046,10,10.0,the packaging is convenient but could look more premium,5
R001047,8,8.18,stockouts make me switch to other brands,3
R001048,8,6.65,portable packaging is useful for work and travel,5
R001049,9,10.0,low carbon packaging would improve brand impression,5
R001050,10,9.55,the package design should show product benefits more clearly,2
R001051,6,6.53,delivery speed affects whether I choose the brand,5
R001052,10,10.0,the price feels high without promotion,4
R001053,8,8.44,quality improvement would make me repurchase more often,0
R001054,8,9.69,offline availability is not always convenient,5
R001055,10,10.0,I care about ingredients and product safety,2
R001056,8,9.29,portable packaging is useful for work and travel,5
R001057,3,7.39,delivery speed affects whether I choose the brand,5
R001058,9,7.48,discount bundles make me more willing to buy,3
R001059,7,6.74,low carbon packaging would improve brand impression,5
R001060,7,8.22,the packaging is convenient but could look more premium,5
R001061,9,10.0,I prefer brands with recyclable packaging,5
R001062,10,10.0,I prefer brands with recyclable packaging,5
R001063,10,10.0,stockouts make me switch to other brands,3
R001064,10,10.0,delivery speed affects whether I choose the brand,5
R001065,8,8.03,I care about ingredients and product safety,2
R001066,10,9.0,delivery speed affects whether I choose the brand,5
R001067,7,7.75,stockouts make me switch to other brands,3
R001068,6,6.83,I compare price across platforms before purchase,1
R001069,6,7.3,I compare price across platforms before purchase,1
R001070,6,7.74,delivery speed affects whether I choose the brand,5
R001071,6,6.49,I prefer brands with recyclable packaging,5
R001072,5,8.08,sustainability claims need to be more credible,5
R001073,4,5.2,portable packaging is useful for work and travel,5
R001074,9,9.68,membership coupons can increase repeat purchase,1
R001075,10,10.0,the product quality is stable and trustworthy,0
R001076,10,9.35,I compare price across platforms before purchase,1
R001077,9,8.94,the product quality is stable and trustworthy,0
R001078,4,5.39,I compare price across platforms before purchase,1
R001079,8,7.17,portable packaging is useful for work and travel,5
R001080,9,10.0,sustainability claims need to be more credible,5
R001081,7,7.25,livestream promotion helps me discover new products,4
R001082,6,7.06,the packaging is convenient but could look more premium,5
R001083,8,7.56,delivery speed affects whether I choose the brand,5
R001084,10,10.0,discount bundles make me more willing to buy,3
R001085,3,5.61,I compare price across platforms before purchase,1
R001086,10,8.7,offline availability is not always convenient,5
R001087,10,9.88,the price feels high without promotion,4
R001088,7,9.31,quality improvement would make me repurchase more often,0
R001089,5,7.58,the price feels high without promotion,4
R001090,6,7.72,sustainability claims need to be more credible,5
R001091,8,8.62,livestream promotion helps me discover new products,4
R001092,10,10.0,the price feels high without promotion,4
R001093,8,8.7,livestream promotion helps me discover new products,4
R001094,9,9.2,membership coupons can increase repeat purchase,1
R001095,6,6.86,discount bundles make me more willing to buy,3
R001096,10,10.0,the product quality is stable and trustworthy,0
R001097,8,8.04,the product quality is stable and trustworthy,0
R001098,9,8.87,the package design should show product benefits more clearly,2
R001099,9,8.82,the price feels high without promotion,4
R001100,8,8.26,discount bundles make me more willing to buy,3
R001101,7,7.82,stockouts make me switch to other brands,3
R001102,10,8.51,discount bundles make me more willing to buy,3
R001103,9,9.44,KOL reviews are useful but need to be authentic,5
R001104,6,6.68,KOL reviews are useful but need to be authentic,5
R001105,8,8.0,I prefer brands with recyclable packaging,5
R001106,10,10.0,offline availability is not always convenient,5
R001107,10,10.0,quality improvement would make me repurchase more often,0
R001108,7,6.07,the package design should show product benefits more clearly,2
R001109,7,8.01,the package design should show product benefits more clearly,2
R001110,5,6.16,the price feels high without promotion,4
R001111,6,6.8,I compare price across platforms before purchase,1
R001112,5,7.26,I compare price across platforms before purchase,1
R001113,7,6.05,KOL reviews are useful but need to be authentic,5
R001114,8,7.31,KOL reviews are useful but need to be authentic,5
R001115,10,8.2,the packaging is convenient but could look more premium,5
R001116,9,10.0,sustainability claims need to be more credible,5
R001117,6,8.06,I care about ingredients and product safety,2
R001118,7,10.0,discount bundles make me more willing to buy,3
R001119,10,10.0,the packaging is convenient but could look more premium,5
R001120,6,6.37,I prefer brands with recyclable packaging,5
R001121,9,9.91,the product quality is stable and trustworthy,0
R001122,7,6.33,the packaging is convenient but could look more premium,5
R001123,8,10.0,KOL reviews are useful but need to be authentic,5
R001124,10,8.27,offline availability is not always convenient,5
R001125,8,7.79,membership coupons can increase repeat purchase,1
R001126,6,6.9,the product quality is stable and trustworthy,0
R001127,7,9.01,portable packaging is useful for work and travel,5
R001128,9,8.23,livestream promotion helps me discover new products,4
R001129,10,9.37,offline availability is not always convenient,5
R001130,9,8.5,I care about ingredients and product safety,2
R001131,8,9.71,I compare price across platforms before purchase,1
R001132,5,6.12,livestream promotion helps me discover new products,4
R001133,10,10.0,the package design should show product benefits more clearly,2
R001134,10,10.0,low carbon packaging would improve brand impression,5
R001135,9,8.35,discount bundles make me more willing to buy,3
R001136,8,7.15,stockouts make me switch to other brands,3
R001137,7,7.49,discount bundles make me more willing to buy,3
R001138,9,8.4,the packaging is convenient but could look more premium,5
R001139,7,8.24,portable packaging is useful for work and travel,5
R001140,10,10.0,portable packaging is useful for work and travel,5
R001141,9,8.43,the price feels high without promotion,4
R001142,8,8.07,the product quality is stable and trustworthy,0
R001143,8,7.61,the packaging is convenient but could look more premium,5
R001144,5,6.03,the package design should show product benefits more clearly,2
R001145,7,9.19,I prefer brands with recyclable packaging,5
R001146,9,9.42,portable packaging is useful for work and travel,5
R001147,9,8.39,the product quality is stable and trustworthy,0
R001148,10,9.88,the price feels high without promotion,4
R001149,7,8.35,low carbon packaging would improve brand impression,5
R001150,8,9.16,KOL reviews are useful but need to be authentic,5
R001151,10,9.95,KOL reviews are useful but need to be authentic,5
R001152,6,6.15,stockouts make me switch to other brands,3
R001153,9,10.0,quality improvement would make me repurchase more often,0
R001154,7,7.46,delivery speed affects whether I choose the brand,5
R001155,8,9.49,sustainability claims need to be more credible,5
R001156,8,7.56,I compare price across platforms before purchase,1
R001157,8,7.73,I care about ingredients and product safety,2
R001158,9,10.0,delivery speed affects whether I choose the brand,5
R001159,7,6.38,discount bundles make me more willing to buy,3
R001160,10,8.99,I care about ingredients and product safety,2
R001161,9,8.56,the product quality is stable and trustworthy,0
R001162,8,7.21,I compare price across platforms before purchase,1
R001163,8,6.43,membership coupons can increase repeat purchase,1
R001164,7,6.23,portable packaging is useful for work and travel,5
R001165,5,5.12,I care about ingredients and product safety,2
R001166,9,7.21,I compare price across platforms before purchase,1
R001167,10,9.04,the price feels high without promotion,4
R001168,8,6.89,the product quality is stable and trustworthy,0
R001169,6,6.12,the product quality is stable and trustworthy,0
R001170,10,10.0,I care about ingredients and product safety,2
R001171,10,9.77,delivery speed affects whether I choose the brand,5
R001172,7,7.79,I compare price across platforms before purchase,1
R001173,10,10.0,I prefer brands with recyclable packaging,5
R001174,10,9.88,I care about ingredients and product safety,2
R001175,8,9.34,quality improvement would make me repurchase more often,0
R001176,7,7.17,delivery speed affects whether I choose the brand,5
R001177,9,9.52,portable packaging is useful for work and travel,5
R001178,10,9.64,discount bundles make me more willing to buy,3
R001179,7,7.49,livestream promotion helps me discover new products,4
R001180,7,7.86,low carbon packaging would improve brand impression,5
R001181,3,4.08,I care about ingredients and product safety,2
R001182,9,10.0,the packaging is convenient but could look more premium,5
R001183,7,7.93,the packaging is convenient but could look more premium,5
R001184,8,10.0,offline availability is not always convenient,5
R001185,10,8.1,quality improvement would make me repurchase more often,0
R001186,10,9.12,quality improvement would make me repurchase more often,0
R001187,8,6.06,I prefer brands with recyclable packaging,5
R001188,6,6.74,sustainability claims need to be more credible,5
R001189,10,9.0,KOL reviews are useful but need to be authentic,5
R001190,10,8.18,I care about ingredients and product safety,2
R001191,9,9.63,discount bundles make me more willing to buy,3
R001192,9,8.82,discount bundles make me more willing to buy,3
R001193,10,9.95,I prefer brands with recyclable packaging,5
R001194,10,7.85,stockouts make me switch to other brands,3
R001195,4,6.57,stockouts make me switch to other brands,3
R001196,5,6.33,discount bundles make me more willing to buy,3
R001197,10,10.0,quality improvement would make me repurchase more often,0
R001198,8,8.9,sustainability claims need to be more credible,5
R001199,7,6.82,membership coupons can increase repeat purchase,1
R001200,8,7.45,portable packaging is useful for work and travel,5
R001201,7,8.84,the packaging is convenient but could look more premium,5
R001202,8,9.13,the price feels high without promotion,4
R001203,8,7.66,livestream promotion helps me discover new products,4
R001204,7,8.8,portable packaging is useful for work and travel,5
R001205,3,5.99,membership coupons can increase repeat purchase,1
R001206,5,6.24,I compare price across platforms before purchase,1
R001207,6,5.42,delivery speed affects whether I choose the brand,5
R001208,10,10.0,the price feels high without promotion,4
R001209,8,9.27,quality improvement would make me repurchase more often,0
R001210,10,10.0,offline availability is not always convenient,5
R001211,8,7.36,delivery speed affects whether I choose the brand,5
R001212,9,8.49,portable packaging is useful for work and travel,5
R001213,9,9.61,delivery speed affects whether I choose the brand,5
R001214,10,9.7,the packaging is convenient but could look more premium,5
R001215,7,5.95,membership coupons can increase repeat purchase,1
R001216,8,9.83,the product quality is stable and trustworthy,0
R001217,8,8.42,sustainability claims need to be more credible,5
R001218,9,8.63,the product quality is stable and trustworthy,0
R001219,9,7.83,delivery speed affects whether I choose the brand,5
R001220,8,9.25,I care about ingredients and product safety,2
R001221,10,8.47,the product quality is stable and trustworthy,0
R001222,9,8.43,livestream promotion helps me discover new products,4
R001223,10,10.0,I prefer brands with recyclable packaging,5
R001224,10,10.0,the product quality is stable and trustworthy,0
R001225,8,10.0,the packaging is convenient but could look more premium,5
R001226,6,6.72,I care about ingredients and product safety,2
R001227,9,10.0,membership coupons can increase repeat purchase,1
R001228,8,7.23,quality improvement would make me repurchase more often,0
R001229,9,9.91,discount bundles make me more willing to buy,3
R001230,7,6.87,I compare price across platforms before purchase,1
R001231,8,9.17,livestream promotion helps me discover new products,4
R001232,7,8.03,I compare price across platforms before purchase,1
R001233,5,6.27,discount bundles make me more willing to buy,3
R001234,10,10.0,I prefer brands with recyclable packaging,5
R001235,10,9.72,discount bundles make me more willing to buy,3
R001236,5,5.9,discount bundles make me more willing to buy,3
R001237,8,7.85,offline availability is not always convenient,5
R001238,6,6.16,the price feels high without promotion,4
R001239,9,9.3,stockouts make me switch to other brands,3
R001240,9,10.0,delivery speed affects whether I choose the brand,5
R001241,10,9.97,KOL reviews are useful but need to be authentic,5
R001242,7,9.62,delivery speed affects whether I choose the brand,5
R001243,9,8.85,the price feels high without promotion,4
R001244,9,10.0,quality improvement would make me repurchase more often,0
R001245,9,10.0,portable packaging is useful for work and travel,5
R001246,9,7.91,the product quality is stable and trustworthy,0
R001247,8,8.47,the product quality is stable and trustworthy,0
R001248,7,6.88,I compare price across platforms before purchase,1
R001249,10,9.36,the package design should show product benefits more clearly,2
R001250,10,9.38,sustainability claims need to be more credible,5
R001251,10,10.0,the packaging is convenient but could look more premium,5
R001252,5,5.35,I care about ingredients and product safety,2
R001253,9,8.19,quality improvement would make me repurchase more often,0
R001254,10,9.44,the price feels high without promotion,4
R001255,4,5.46,portable packaging is useful for work and travel,5
R001256,8,8.76,low carbon packaging would improve brand impression,5
R001257,9,7.72,offline availability is not always convenient,5
R001258,9,8.09,I care about ingredients and product safety,2
R001259,7,9.06,I compare price across platforms before purchase,1
R001260,10,9.88,KOL reviews are useful but need to be authentic,5
R001261,8,7.8,discount bundles make me more willing to buy,3
R001262,8,9.36,the product quality is stable and trustworthy,0
R001263,10,10.0,offline availability is not always convenient,5
R001264,8,8.82,the product quality is stable and trustworthy,0
R001265,6,6.17,I care about ingredients and product safety,2
R001266,9,10.0,KOL reviews are useful but need to be authentic,5
R001267,9,10.0,I compare price across platforms before purchase,1
R001268,9,9.92,stockouts make me switch to other brands,3
R001269,8,8.46,the product quality is stable and trustworthy,0
R001270,10,10.0,quality improvement would make me repurchase more often,0
R001271,9,10.0,stockouts make me switch to other brands,3
R001272,10,8.47,I compare price across platforms before purchase,1
R001273,7,7.47,KOL reviews are useful but need to be authentic,5
R001274,9,10.0,the price feels high without promotion,4
R001275,10,8.35,the packaging is convenient but could look more premium,5
R001276,9,8.76,low carbon packaging would improve brand impression,5
R001277,5,6.19,quality improvement would make me repurchase more often,0
R001278,7,8.46,livestream promotion helps me discover new products,4
R001279,7,7.63,discount bundles make me more willing to buy,3
R001280,10,9.08,membership coupons can increase repeat purchase,1
R001281,9,9.84,membership coupons can increase repeat purchase,1
R001282,9,9.41,the package design should show product benefits more clearly,2
R001283,6,7.3,I care about ingredients and product safety,2
R001284,9,9.85,livestream promotion helps me discover new products,4
R001285,3,6.08,membership coupons can increase repeat purchase,1
R001286,9,8.39,livestream promotion helps me discover new products,4
R001287,10,10.0,I care about ingredients and product safety,2
R001288,7,7.68,the price feels high without promotion,4
R001289,9,8.87,livestream promotion helps me discover new products,4
R001290,4,6.81,livestream promotion helps me discover new products,4
R001291,10,9.99,membership coupons can increase repeat purchase,1
R001292,9,9.67,I care about ingredients and product safety,2
R001293,6,7.06,livestream promotion helps me discover new products,4
R001294,9,9.31,portable packaging is useful for work and travel,5
R001295,10,8.59,offline availability is not always convenient,5
R001296,6,7.96,stockouts make me switch to other brands,3
R001297,6,8.55,I compare price across platforms before purchase,1
R001298,10,9.47,the product quality is stable and trustworthy,0
R001299,9,10.0,stockouts make me switch to other brands,3
R001300,9,7.56,the product quality is stable and trustworthy,0
R001301,8,8.73,the packaging is convenient but could look more premium,5
R001302,10,10.0,membership coupons can increase repeat purchase,1
R001303,6,6.11,the price feels high without promotion,4
R001304,8,6.58,livestream promotion helps me discover new products,4
R001305,9,9.19,membership coupons can increase repeat purchase,1
R001306,8,6.35,I prefer brands with recyclable packaging,5
R001307,10,9.13,portable packaging is useful for work and travel,5
R001308,8,8.39,the product quality is stable and trustworthy,0
R001309,9,8.08,I care about ingredients and product safety,2
R001310,10,10.0,I care about ingredients and product safety,2
R001311,7,5.75,I compare price across platforms before purchase,1
R001312,7,8.11,the product quality is stable and trustworthy,0
R001313,7,7.33,stockouts make me switch to other brands,3
R001314,9,9.87,I prefer brands with recyclable packaging,5
R001315,4,5.54,stockouts make me switch to other brands,3
R001316,10,10.0,low carbon packaging would improve brand impression,5
R001317,8,7.94,the price feels high without promotion,4
R001318,9,7.99,quality improvement would make me repurchase more often,0
R001319,8,8.16,the packaging is convenient but could look more premium,5
R001320,7,8.55,I care about ingredients and product safety,2
R001321,9,9.47,portable packaging is useful for work and travel,5
R001322,9,8.0,portable packaging is useful for work and travel,5
R001323,10,9.37,offline availability is not always convenient,5
R001324,10,10.0,I compare price across platforms before purchase,1
R001325,8,7.89,the price feels high without promotion,4
R001326,6,6.54,the packaging is convenient but could look more premium,5
R001327,7,7.42,discount bundles make me more willing to buy,3
R001328,9,7.65,membership coupons can increase repeat purchase,1
R001329,9,8.74,I prefer brands with recyclable packaging,5
R001330,9,9.31,I care about ingredients and product safety,2
R001331,8,8.06,stockouts make me switch to other brands,3
R001332,7,7.66,livestream promotion helps me discover new products,4
R001333,4,6.68,the price feels high without promotion,4
R001334,9,10.0,stockouts make me switch to other brands,3
R001335,8,8.59,the price feels high without promotion,4
R001336,10,10.0,membership coupons can increase repeat purchase,1
R001337,10,9.44,offline availability is not always convenient,5
R001338,9,8.14,delivery speed affects whether I choose the brand,5
R001339,8,8.64,livestream promotion helps me discover new products,4
R001340,10,8.81,the price feels high without promotion,4
R001341,5,5.75,I care about ingredients and product safety,2
R001342,9,8.61,the product quality is stable and trustworthy,0
R001343,9,8.92,I care about ingredients and product safety,2
R001344,7,7.7,stockouts make me switch to other brands,3
R001345,10,9.22,membership coupons can increase repeat purchase,1
R001346,9,8.86,the package design should show product benefits more clearly,2
R001347,10,10.0,discount bundles make me more willing to buy,3
R001348,8,7.27,discount bundles make me more willing to buy,3
R001349,4,4.26,KOL reviews are useful but need to be authentic,5
R001350,10,10.0,the package design should show product benefits more clearly,2
R001351,6,7.01,livestream promotion helps me discover new products,4
R001352,5,6.23,delivery speed affects whether I choose the brand,5
R001353,6,7.19,I prefer brands with recyclable packaging,5
R001354,7,6.27,I compare price across platforms before purchase,1
R001355,7,7.35,discount bundles make me more willing to buy,3
R001356,9,10.0,sustainability claims need to be more credible,5
R001357,10,10.0,stockouts make me switch to other brands,3
R001358,10,10.0,quality improvement would make me repurchase more often,0
R001359,10,9.87,the package design should show product benefits more clearly,2
R001360,10,10.0,low carbon packaging would improve brand impression,5
R001361,6,7.86,livestream promotion helps me discover new products,4
R001362,8,10.0,the product quality is stable and trustworthy,0
R001363,8,6.48,offline availability is not always convenient,5
R001364,9,8.32,stockouts make me switch to other brands,3
R001365,9,9.62,I compare price across platforms before purchase,1
R001366,5,7.76,portable packaging is useful for work and travel,5
R001367,6,7.41,portable packaging is useful for work and travel,5
R001368,8,7.16,the product quality is stable and trustworthy,0
R001369,9,7.39,I compare price across platforms before purchase,1
R001370,9,9.7,portable packaging is useful for work and travel,5
R001371,7,6.94,offline availability is not always convenient,5
R001372,9,8.47,membership coupons can increase repeat purchase,1
R001373,3,4.4,the price feels high without promotion,4
R001374,9,9.27,portable packaging is useful for work and travel,5
R001375,7,8.49,KOL reviews are useful but need to be authentic,5
R001376,7,7.77,portable packaging is useful for work and travel,5
R001377,8,8.73,offline availability is not always convenient,5
R001378,10,9.5,the package design should show product benefits more clearly,2
R001379,4,6.89,membership coupons can increase repeat purchase,1
R001380,4,4.99,portable packaging is useful for work and travel,5
R001381,10,9.62,stockouts make me switch to other brands,3
R001382,10,10.0,I compare price across platforms before purchase,1
R001383,10,8.14,I compare price across platforms before purchase,1
R001384,10,10.0,the package design should show product benefits more clearly,2
R001385,7,9.23,quality improvement would make me repurchase more often,0
R001386,7,8.31,quality improvement would make me repurchase more often,0
R001387,9,8.72,delivery speed affects whether I choose the brand,5
R001388,8,8.07,delivery speed affects whether I choose the brand,5
R001389,8,7.98,quality improvement would make me repurchase more often,0
R001390,10,9.93,portable packaging is useful for work and travel,5
R001391,7,7.42,sustainability claims need to be more credible,5
R001392,7,7.76,livestream promotion helps me discover new products,4
R001393,3,6.4,the package design should show product benefits more clearly,2
R001394,4,7.02,membership coupons can increase repeat purchase,1
R001395,8,7.05,the package design should show product benefits more clearly,2
R001396,7,8.31,sustainability claims need to be more credible,5
R001397,10,8.47,offline availability is not always convenient,5
R001398,10,10.0,sustainability claims need to be more credible,5
R001399,10,9.49,delivery speed affects whether I choose the brand,5
R001400,7,8.56,I care about ingredients and product safety,2
R001401,10,9.68,the packaging is convenient but could look more premium,5
R001402,9,7.22,low carbon packaging would improve brand impression,5
R001403,10,9.59,sustainability claims need to be more credible,5
R001404,4,3.99,KOL reviews are useful but need to be authentic,5
R001405,9,10.0,delivery speed affects whether I choose the brand,5
R001406,3,5.9,discount bundles make me more willing to buy,3
R001407,10,10.0,the package design should show product benefits more clearly,2
R001408,9,9.18,quality improvement would make me repurchase more often,0
R001409,9,9.48,I care about ingredients and product safety,2
R001410,10,10.0,offline availability is not always convenient,5
R001411,9,6.81,I compare price across platforms before purchase,1
R001412,10,10.0,the product quality is stable and trustworthy,0
R001413,7,6.47,the product quality is stable and trustworthy,0
R001414,9,10.0,delivery speed affects whether I choose the brand,5
R001415,9,9.88,offline availability is not always convenient,5
R001416,8,8.23,I prefer brands with recyclable packaging,5
R001417,8,8.94,the product quality is stable and trustworthy,0
R001418,9,10.0,I care about ingredients and product safety,2
R001419,9,8.57,the price feels high without promotion,4
R001420,10,7.75,portable packaging is useful for work and travel,5
R001421,6,7.29,the price feels high without promotion,4
R001422,9,8.97,delivery speed affects whether I choose the brand,5
R001423,8,9.02,sustainability claims need to be more credible,5
R001424,7,8.1,discount bundles make me more willing to buy,3
R001425,8,10.0,KOL reviews are useful but need to be authentic,5
R001426,9,7.82,the price feels high without promotion,4
R001427,8,10.0,delivery speed affects whether I choose the brand,5
R001428,6,7.25,I compare price across platforms before purchase,1
R001429,9,8.42,sustainability claims need to be more credible,5
R001430,7,6.7,the price feels high without promotion,4
R001431,7,6.89,livestream promotion helps me discover new products,4
R001432,4,6.47,sustainability claims need to be more credible,5
R001433,10,8.14,delivery speed affects whether I choose the brand,5
R001434,5,5.76,I compare price across platforms before purchase,1
R001435,9,8.89,I compare price across platforms before purchase,1
R001436,7,5.44,the product quality is stable and trustworthy,0
R001437,7,7.51,I care about ingredients and product safety,2
R001438,6,7.0,low carbon packaging would improve brand impression,5
R001439,9,10.0,the product quality is stable and trustworthy,0
R001440,9,7.98,discount bundles make me more willing to buy,3
R001441,9,6.21,the price feels high without promotion,4
R001442,4,5.41,I care about ingredients and product safety,2
R001443,5,6.29,membership coupons can increase repeat purchase,1
R001444,9,8.59,KOL reviews are useful but need to be authentic,5
R001445,10,10.0,membership coupons can increase repeat purchase,1
R001446,10,10.0,delivery speed affects whether I choose the brand,5
R001447,8,7.37,delivery speed affects whether I choose the brand,5
R001448,10,9.72,delivery speed affects whether I choose the brand,5
R001449,5,7.57,KOL reviews are useful but need to be authentic,5
R001450,10,9.93,the package design should show product benefits more clearly,2
R001451,10,8.43,offline availability is not always convenient,5
R001452,10,9.83,the package design should show product benefits more clearly,2
R001453,10,8.98,the product quality is stable and trustworthy,0
R001454,6,5.7,I care about ingredients and product safety,2
R001455,8,8.17,discount bundles make me more willing to buy,3
R001456,3,6.36,the packaging is convenient but could look more premium,5
R001457,8,8.82,portable packaging is useful for work and travel,5
R001458,10,8.27,low carbon packaging would improve brand impression,5
R001459,10,8.31,the package design should show product benefits more clearly,2
R001460,8,9.29,the price feels high without promotion,4
R001461,7,8.8,KOL reviews are useful but need to be authentic,5
R001462,8,7.43,livestream promotion helps me discover new products,4
R001463,10,8.94,I compare price across platforms before purchase,1
R001464,10,10.0,quality improvement would make me repurchase more often,0
R001465,9,9.33,low carbon packaging would improve brand impression,5
R001466,8,7.23,I compare price across platforms before purchase,1
R001467,6,5.92,I compare price across platforms before purchase,1
R001468,5,7.04,discount bundles make me more willing to buy,3
R001469,6,8.2,I compare price across platforms before purchase,1
R001470,10,9.11,I care about ingredients and product safety,2
R001471,10,9.65,offline availability is not always convenient,5
R001472,8,8.0,offline availability is not always convenient,5
R001473,4,5.84,discount bundles make me more willing to buy,3
R001474,7,8.4,I compare price across platforms before purchase,1
R001475,10,10.0,quality improvement would make me repurchase more often,0
R001476,10,9.91,I care about ingredients and product safety,2
R001477,7,8.16,livestream promotion helps me discover new products,4
R001478,9,10.0,low carbon packaging would improve brand impression,5
R001479,10,10.0,portable packaging is useful for work and travel,5
R001480,10,8.14,I care about ingredients and product safety,2
R001481,9,7.6,quality improvement would make me repurchase more often,0
R001482,9,7.25,membership coupons can increase repeat purchase,1
R001483,10,10.0,livestream promotion helps me discover new products,4
R001484,5,5.94,the price feels high without promotion,4
R001485,10,9.81,stockouts make me switch to other brands,3
R001486,8,7.42,discount bundles make me more willing to buy,3
R001487,6,7.6,offline availability is not always convenient,5
R001488,9,9.13,sustainability claims need to be more credible,5
R001489,7,8.57,stockouts make me switch to other brands,3
R001490,10,10.0,the package design should show product benefits more clearly,2
R001491,8,8.64,membership coupons can increase repeat purchase,1
R001492,10,9.53,the package design should show product benefits more clearly,2
R001493,10,9.19,membership coupons can increase repeat purchase,1
R001494,10,9.34,sustainability claims need to be more credible,5
R001495,9,8.72,discount bundles make me more willing to buy,3
R001496,9,10.0,I prefer brands with recyclable packaging,5
R001497,7,8.07,stockouts make me switch to other brands,3
R001498,7,9.23,low carbon packaging would improve brand impression,5
R001499,8,9.45,KOL reviews are useful but need to be authentic,5
R001500,8,8.02,offline availability is not always convenient,5
R001501,6,6.43,quality improvement would make me repurchase more often,0
R001502,5,6.72,the product quality is stable and trustworthy,0
R001503,9,9.41,membership coupons can increase repeat purchase,1
R001504,9,9.02,the product quality is stable and trustworthy,0
R001505,10,9.07,the product quality is stable and trustworthy,0
R001506,9,8.21,the product quality is stable and trustworthy,0
R001507,10,9.57,I prefer brands with recyclable packaging,5
R001508,9,8.52,portable packaging is useful for work and travel,5
R001509,9,8.96,stockouts make me switch to other brands,3
R001510,7,6.99,discount bundles make me more willing to buy,3
R001511,9,8.82,the packaging is convenient but could look more premium,5
R001512,7,7.89,the packaging is convenient but could look more premium,5
R001513,7,6.37,quality improvement would make me repurchase more often,0
R001514,10,10.0,membership coupons can increase repeat purchase,1
R001515,10,8.6,I compare price across platforms before purchase,1
R001516,7,7.41,discount bundles make me more willing to buy,3
R001517,10,10.0,stockouts make me switch to other brands,3
R001518,9,10.0,quality improvement would make me repurchase more often,0
R001519,9,9.14,the product quality is stable and trustworthy,0
R001520,6,5.51,discount bundles make me more willing to buy,3
R001521,4,5.41,I compare price across platforms before purchase,1
R001522,7,7.72,I compare price across platforms before purchase,1
R001523,8,8.92,the price feels high without promotion,4
R001524,7,9.05,the product quality is stable and trustworthy,0
R001525,9,9.34,sustainability claims need to be more credible,5
R001526,5,7.45,delivery speed affects whether I choose the brand,5
R001527,10,10.0,the product quality is stable and trustworthy,0
R001528,7,8.58,offline availability is not always convenient,5
R001529,7,9.16,offline availability is not always convenient,5
R001530,8,7.76,livestream promotion helps me discover new products,4
R001531,8,9.07,quality improvement would make me repurchase more often,0
R001532,9,8.6,KOL reviews are useful but need to be authentic,5
R001533,8,7.44,membership coupons can increase repeat purchase,1
R001534,10,8.8,the price feels high without promotion,4
R001535,10,9.38,membership coupons can increase repeat purchase,1
R001536,9,8.21,the product quality is stable and trustworthy,0
R001537,8,7.3,discount bundles make me more willing to buy,3
R001538,10,9.21,stockouts make me switch to other brands,3
R001539,7,7.26,portable packaging is useful for work and travel,5
R001540,6,6.11,the packaging is convenient but could look more premium,5
R001541,10,10.0,membership coupons can increase repeat purchase,1
R001542,7,7.61,quality improvement would make me repurchase more often,0
R001543,4,5.72,I compare price across platforms before purchase,1
R001544,10,10.0,the price feels high without promotion,4
R001545,6,7.09,livestream promotion helps me discover new products,4
R001546,6,7.44,stockouts make me switch to other brands,3
R001547,10,10.0,the product quality is stable and trustworthy,0
R001548,9,7.95,offline availability is not always convenient,5
R001549,8,7.04,membership coupons can increase repeat purchase,1
R001550,6,7.96,discount bundles make me more willing to buy,3
R001551,10,9.19,delivery speed affects whether I choose the brand,5
R001552,7,7.43,the price feels high without promotion,4
R001553,8,9.08,sustainability claims need to be more credible,5
R001554,10,9.95,quality improvement would make me repurchase more often,0
R001555,8,10.0,the package design should show product benefits more clearly,2
R001556,6,6.34,the product quality is stable and trustworthy,0
R001557,3,6.65,I compare price across platforms before purchase,1
R001558,7,7.92,membership coupons can increase repeat purchase,1
R001559,7,7.69,I prefer brands with recyclable packaging,5
R001560,10,8.67,portable packaging is useful for work and travel,5
R001561,7,7.53,I compare price across platforms before purchase,1
R001562,10,9.64,KOL reviews are useful but need to be authentic,5
R001563,6,7.17,discount bundles make me more willing to buy,3
R001564,10,10.0,sustainability claims need to be more credible,5
R001565,5,5.27,KOL reviews are useful but need to be authentic,5
R001566,6,6.94,quality improvement would make me repurchase more often,0
R001567,10,9.63,portable packaging is useful for work and travel,5
R001568,9,7.99,discount bundles make me more willing to buy,3
R001569,8,10.0,offline availability is not always convenient,5
R001570,6,7.27,the price feels high without promotion,4
R001571,9,9.99,low carbon packaging would improve brand impression,5
R001572,7,7.08,low carbon packaging would improve brand impression,5
R001573,8,8.39,stockouts make me switch to other brands,3
R001574,10,10.0,I care about ingredients and product safety,2
R001575,8,8.36,I prefer brands with recyclable packaging,5
R001576,9,9.14,I care about ingredients and product safety,2
R001577,7,8.46,stockouts make me switch to other brands,3
R001578,6,7.68,KOL reviews are useful but need to be authentic,5
R001579,8,8.27,sustainability claims need to be more credible,5
R001580,10,9.01,sustainability claims need to be more credible,5
R001581,7,8.37,delivery speed affects whether I choose the brand,5
R001582,9,7.89,I care about ingredients and product safety,2
R001583,8,10.0,delivery speed affects whether I choose the brand,5
R001584,9,8.43,low carbon packaging would improve brand impression,5
R001585,6,7.48,stockouts make me switch to other brands,3
R001586,7,7.97,the price feels high without promotion,4
R001587,8,7.6,quality improvement would make me repurchase more often,0
R001588,9,9.37,quality improvement would make me repurchase more often,0
R001589,10,10.0,quality improvement would make me repurchase more often,0
R001590,8,9.69,I prefer brands with recyclable packaging,5
R001591,9,8.87,delivery speed affects whether I choose the brand,5
R001592,9,10.0,offline availability is not always convenient,5
R001593,9,8.26,I compare price across platforms before purchase,1
R001594,10,9.04,I compare price across platforms before purchase,1
R001595,7,7.8,offline availability is not always convenient,5
R001596,9,8.6,the price feels high without promotion,4
R001597,10,9.49,quality improvement would make me repurchase more often,0
R001598,9,9.08,membership coupons can increase repeat purchase,1
R001599,9,8.84,I compare price across platforms before purchase,1
R001600,9,10.0,delivery speed affects whether I choose the brand,5
R001601,10,10.0,low carbon packaging would improve brand impression,5
R001602,9,7.37,membership coupons can increase repeat purchase,1
R001603,4,5.89,the price feels high without promotion,4
R001604,8,7.41,delivery speed affects whether I choose the brand,5
R001605,7,8.22,livestream promotion helps me discover new products,4
R001606,6,8.34,the package design should show product benefits more clearly,2
R001607,7,7.34,livestream promotion helps me discover new products,4
R001608,4,6.14,livestream promotion helps me discover new products,4
R001609,6,5.76,discount bundles make me more willing to buy,3
R001610,9,8.59,I compare price across platforms before purchase,1
R001611,9,8.86,I compare price across platforms before purchase,1
R001612,7,6.41,KOL reviews are useful but need to be authentic,5
R001613,7,8.27,I care about ingredients and product safety,2
R001614,8,7.41,discount bundles make me more willing to buy,3
R001615,7,9.03,sustainability claims need to be more credible,5
R001616,9,9.65,KOL reviews are useful but need to be authentic,5
R001617,6,4.95,the price feels high without promotion,4
R001618,9,9.26,I prefer brands with recyclable packaging,5
R001619,5,6.24,the packaging is convenient but could look more premium,5
R001620,10,9.92,stockouts make me switch to other brands,3
R001621,8,9.77,livestream promotion helps me discover new products,4
R001622,7,6.66,stockouts make me switch to other brands,3
R001623,8,6.38,sustainability claims need to be more credible,5
R001624,10,10.0,portable packaging is useful for work and travel,5
R001625,6,7.66,the price feels high without promotion,4
R001626,10,10.0,delivery speed affects whether I choose the brand,5
R001627,8,8.19,the product quality is stable and trustworthy,0
R001628,9,8.94,offline availability is not always convenient,5
R001629,8,8.36,quality improvement would make me repurchase more often,0
R001630,9,10.0,livestream promotion helps me discover new products,4
R001631,6,7.19,the product quality is stable and trustworthy,0
R001632,6,5.1,delivery speed affects whether I choose the brand,5
R001633,7,6.5,the price feels high without promotion,4
R001634,6,6.12,I compare price across platforms before purchase,1
R001635,10,8.52,portable packaging is useful for work and travel,5
R001636,9,10.0,quality improvement would make me repurchase more often,0
R001637,9,9.5,delivery speed affects whether I choose the brand,5
R001638,6,8.4,the packaging is convenient but could look more premium,5
R001639,9,8.24,I compare price across platforms before purchase,1
R001640,10,8.13,sustainability claims need to be more credible,5
R001641,10,10.0,the packaging is convenient but could look more premium,5
R001642,7,7.24,delivery speed affects whether I choose the brand,5
R001643,8,8.44,the package design should show product benefits more clearly,2
R001644,4,5.3,sustainability claims need to be more credible,5
R001645,9,8.3,the price feels high without promotion,4
R001646,9,9.05,I prefer brands with recyclable packaging,5
R001647,7,8.04,discount bundles make me more willing to buy,3
R001648,10,8.88,sustainability claims need to be more credible,5
R001649,10,10.0,KOL reviews are useful but need to be authentic,5
R001650,10,9.5,portable packaging is useful for work and travel,5
R001651,8,8.77,sustainability claims need to be more credible,5
R001652,7,7.54,discount bundles make me more willing to buy,3
R001653,8,8.44,stockouts make me switch to other brands,3
R001654,9,8.35,the package design should show product benefits more clearly,2
R001655,5,5.42,quality improvement would make me repurchase more often,0
R001656,9,8.96,membership coupons can increase repeat purchase,1
R001657,3,5.72,stockouts make me switch to other brands,3
R001658,5,6.56,quality improvement would make me repurchase more often,0
R001659,10,10.0,the packaging is convenient but could look more premium,5
R001660,4,7.21,portable packaging is useful for work and travel,5
R001661,6,8.21,stockouts make me switch to other brands,3
R001662,6,8.46,livestream promotion helps me discover new products,4
R001663,5,7.01,delivery speed affects whether I choose the brand,5
R001664,6,6.35,membership coupons can increase repeat purchase,1
R001665,9,8.11,low carbon packaging would improve brand impression,5
R001666,9,8.42,stockouts make me switch to other brands,3
R001667,7,7.43,KOL reviews are useful but need to be authentic,5
R001668,9,9.65,KOL reviews are useful but need to be authentic,5
R001669,9,8.17,livestream promotion helps me discover new products,4
R001670,8,10.0,the product quality is stable and trustworthy,0
R001671,4,4.64,the packaging is convenient but could look more premium,5
R001672,7,9.15,stockouts make me switch to other brands,3
R001673,8,9.84,stockouts make me switch to other brands,3
R001674,7,6.59,discount bundles make me more willing to buy,3
R001675,8,9.15,low carbon packaging would improve brand impression,5
R001676,8,8.51,the price feels high without promotion,4
R001677,6,6.77,stockouts make me switch to other brands,3
R001678,10,9.52,the packaging is convenient but could look more premium,5
R001679,9,7.42,the package design should show product benefits more clearly,2
R001680,8,8.6,the price feels high without promotion,4
R001681,3,4.75,I prefer brands with recyclable packaging,5
R001682,9,9.17,KOL reviews are useful but need to be authentic,5
R001683,8,8.52,discount bundles make me more willing to buy,3
R001684,10,10.0,I compare price across platforms before purchase,1
R001685,7,7.04,the price feels high without promotion,4
R001686,9,7.93,discount bundles make me more willing to buy,3
R001687,10,9.49,KOL reviews are useful but need to be authentic,5
R001688,9,8.21,quality improvement would make me repurchase more often,0
R001689,8,8.64,I compare price across platforms before purchase,1
R001690,6,7.4,low carbon packaging would improve brand impression,5
R001691,8,10.0,I care about ingredients and product safety,2
R001692,8,8.48,I compare price across platforms before purchase,1
R001693,7,6.05,offline availability is not always convenient,5
R001694,7,6.18,discount bundles make me more willing to buy,3
R001695,8,8.19,I compare price across platforms before purchase,1
R001696,9,10.0,quality improvement would make me repurchase more often,0
R001697,5,5.82,portable packaging is useful for work and travel,5
R001698,8,9.0,offline availability is not always convenient,5
R001699,8,9.74,low carbon packaging would improve brand impression,5
R001700,10,10.0,offline availability is not always convenient,5
R001701,10,10.0,sustainability claims need to be more credible,5
R001702,10,9.92,portable packaging is useful for work and travel,5
R001703,10,10.0,the product quality is stable and trustworthy,0
R001704,5,5.68,livestream promotion helps me discover new products,4
R001705,9,9.02,I care about ingredients and product safety,2
R001706,9,10.0,quality improvement would make me repurchase more often,0
R001707,10,10.0,livestream promotion helps me discover new products,4
R001708,8,6.55,I compare price across platforms before purchase,1
R001709,8,8.8,I compare price across platforms before purchase,1
R001710,10,8.85,membership coupons can increase repeat purchase,1
R001711,8,6.6,delivery speed affects whether I choose the brand,5
R001712,10,9.89,membership coupons can increase repeat purchase,1
R001713,10,8.88,portable packaging is useful for work and travel,5
R001714,4,5.91,I compare price across platforms before purchase,1
R001715,9,8.95,delivery speed affects whether I choose the brand,5
R001716,8,6.73,I compare price across platforms before purchase,1
R001717,8,9.44,I care about ingredients and product safety,2
R001718,6,5.31,membership coupons can increase repeat purchase,1
R001719,5,6.31,the package design should show product benefits more clearly,2
R001720,6,7.96,KOL reviews are useful but need to be authentic,5
R001721,7,6.38,quality improvement would make me repurchase more often,0
R001722,10,9.12,sustainability claims need to be more credible,5
R001723,9,9.6,the packaging is convenient but could look more premium,5
R001724,9,9.45,the product quality is stable and trustworthy,0
R001725,6,6.61,I compare price across platforms before purchase,1
R001726,9,8.59,the packaging is convenient but could look more premium,5
R001727,9,9.58,discount bundles make me more willing to buy,3
R001728,4,5.52,I prefer brands with recyclable packaging,5
R001729,7,8.3,livestream promotion helps me discover new products,4
R001730,10,10.0,delivery speed affects whether I choose the brand,5
R001731,5,6.67,the product quality is stable and trustworthy,0
R001732,10,10.0,livestream promotion helps me discover new products,4
R001733,9,7.85,the package design should show product benefits more clearly,2
R001734,7,8.21,the packaging is convenient but could look more premium,5
R001735,8,7.69,I compare price across platforms before purchase,1
R001736,10,10.0,delivery speed affects whether I choose the brand,5
R001737,7,7.84,delivery speed affects whether I choose the brand,5
R001738,10,9.26,the product quality is stable and trustworthy,0
R001739,9,7.14,I compare price across platforms before purchase,1
R001740,10,10.0,the product quality is stable and trustworthy,0
R001741,6,6.79,the product quality is stable and trustworthy,0
R001742,10,9.82,membership coupons can increase repeat purchase,1
R001743,10,10.0,portable packaging is useful for work and travel,5
R001744,8,8.3,quality improvement would make me repurchase more often,0
R001745,6,5.89,the product quality is stable and trustworthy,0
R001746,6,7.95,low carbon packaging would improve brand impression,5
R001747,8,8.83,offline availability is not always convenient,5
R001748,6,7.98,I compare price across platforms before purchase,1
R001749,9,9.27,stockouts make me switch to other brands,3
R001750,4,6.17,KOL reviews are useful but need to be authentic,5
R001751,10,10.0,quality improvement would make me repurchase more often,0
R001752,7,9.41,quality improvement would make me repurchase more often,0
R001753,7,7.76,quality improvement would make me repurchase more often,0
R001754,7,7.17,membership coupons can increase repeat purchase,1
R001755,10,10.0,quality improvement would make me repurchase more often,0
R001756,10,10.0,discount bundles make me more willing to buy,3
R001757,5,6.04,sustainability claims need to be more credible,5
R001758,9,9.67,I care about ingredients and product safety,2
R001759,4,4.1,quality improvement would make me repurchase more often,0
R001760,10,10.0,membership coupons can increase repeat purchase,1
R001761,5,6.63,membership coupons can increase repeat purchase,1
R001762,10,9.49,stockouts make me switch to other brands,3
R001763,10,10.0,the product quality is stable and trustworthy,0
R001764,7,8.13,discount bundles make me more willing to buy,3
R001765,6,8.72,offline availability is not always convenient,5
R001766,8,9.87,sustainability claims need to be more credible,5
R001767,5,6.5,stockouts make me switch to other brands,3
R001768,8,8.49,I compare price across platforms before purchase,1
R001769,4,5.98,discount bundles make me more willing to buy,3
R001770,8,7.99,membership coupons can increase repeat purchase,1
R001771,10,10.0,the packaging is convenient but could look more premium,5
R001772,7,6.44,discount bundles make me more willing to buy,3
R001773,6,4.77,delivery speed affects whether I choose the brand,5
R001774,6,5.76,offline availability is not always convenient,5
R001775,6,7.35,livestream promotion helps me discover new products,4
R001776,7,7.8,the product quality is stable and trustworthy,0
R001777,8,8.01,delivery speed affects whether I choose the brand,5
R001778,6,6.47,discount bundles make me more willing to buy,3
R001779,6,7.05,delivery speed affects whether I choose the brand,5
R001780,7,7.86,livestream promotion helps me discover new products,4
R001781,7,6.74,I compare price across platforms before purchase,1
R001782,8,9.77,I care about ingredients and product safety,2
R001783,10,10.0,quality improvement would make me repurchase more often,0
R001784,6,6.45,membership coupons can increase repeat purchase,1
R001785,5,5.71,I compare price across platforms before purchase,1
R001786,6,6.48,KOL reviews are useful but need to be authentic,5
R001787,9,8.64,quality improvement would make me repurchase more often,0
R001788,9,9.77,low carbon packaging would improve brand impression,5
R001789,10,9.97,the product quality is stable and trustworthy,0
R001790,8,8.24,the price feels high without promotion,4
R001791,8,10.0,sustainability claims need to be more credible,5
R001792,10,9.75,the package design should show product benefits more clearly,2
R001793,9,10.0,quality improvement would make me repurchase more often,0
R001794,10,10.0,discount bundles make me more willing to buy,3
R001795,9,9.48,the packaging is convenient but could look more premium,5
R001796,7,7.74,membership coupons can increase repeat purchase,1
R001797,10,10.0,low carbon packaging would improve brand impression,5
R001798,10,8.64,offline availability is not always convenient,5
R001799,8,7.18,delivery speed affects whether I choose the brand,5
R001800,10,8.84,low carbon packaging would improve brand impression,5
R001801,10,9.2,membership coupons can increase repeat purchase,1
R001802,8,6.94,delivery speed affects whether I choose the brand,5
R001803,7,7.37,I care about ingredients and product safety,2
R001804,9,8.09,KOL reviews are useful but need to be authentic,5
R001805,10,10.0,membership coupons can increase repeat purchase,1
R001806,7,8.16,I compare price across platforms before purchase,1
R001807,8,8.63,the product quality is stable and trustworthy,0
R001808,8,9.32,the packaging is convenient but could look more premium,5
R001809,7,8.01,KOL reviews are useful but need to be authentic,5
R001810,8,8.27,portable packaging is useful for work and travel,5
R001811,9,7.99,offline availability is not always convenient,5
R001812,10,9.37,I compare price across platforms before purchase,1
R001813,10,8.41,discount bundles make me more willing to buy,3
R001814,8,8.1,offline availability is not always convenient,5
R001815,8,8.58,the product quality is stable and trustworthy,0
R001816,7,6.95,sustainability claims need to be more credible,5
R001817,7,5.21,membership coupons can increase repeat purchase,1
R001818,5,6.83,the package design should show product benefits more clearly,2
R001819,10,9.45,sustainability claims need to be more credible,5
R001820,10,10.0,I care about ingredients and product safety,2
R001821,10,10.0,stockouts make me switch to other brands,3
R001822,10,10.0,membership coupons can increase repeat purchase,1
R001823,10,10.0,quality improvement would make me repurchase more often,0
R001824,7,8.49,quality improvement would make me repurchase more often,0
R001825,5,5.46,I compare price across platforms before purchase,1
R001826,8,8.14,low carbon packaging would improve brand impression,5
R001827,9,8.65,offline availability is not always convenient,5
R001828,9,10.0,membership coupons can increase repeat purchase,1
R001829,10,10.0,delivery speed affects whether I choose the brand,5
R001830,7,6.94,discount bundles make me more willing to buy,3
R001831,9,9.62,I care about ingredients and product safety,2
R001832,9,10.0,low carbon packaging would improve brand impression,5
R001833,10,10.0,I care about ingredients and product safety,2
R001834,10,8.45,the packaging is convenient but could look more premium,5
R001835,6,5.99,the package design should show product benefits more clearly,2
R001836,10,10.0,the price feels high without promotion,4
R001837,9,10.0,quality improvement would make me repurchase more often,0
R001838,10,8.63,delivery speed affects whether I choose the brand,5
R001839,8,7.45,the price feels high without promotion,4
R001840,10,9.93,KOL reviews are useful but need to be authentic,5
R001841,9,8.99,KOL reviews are useful but need to be authentic,5
R001842,9,8.63,quality improvement would make me repurchase more often,0
R001843,6,8.4,I care about ingredients and product safety,2
R001844,7,8.29,I care about ingredients and product safety,2
R001845,8,7.82,I care about ingredients and product safety,2
R001846,7,7.0,KOL reviews are useful but need to be authentic,5
R001847,7,9.77,I care about ingredients and product safety,2
R001848,8,6.65,I compare price across platforms before purchase,1
R001849,9,9.14,sustainability claims need to be more credible,5
R001850,7,8.13,offline availability is not always convenient,5
R001851,9,10.0,low carbon packaging would improve brand impression,5
R001852,8,8.42,I care about ingredients and product safety,2
R001853,9,8.72,offline availability is not always convenient,5
R001854,9,8.71,I care about ingredients and product safety,2
R001855,10,8.53,discount bundles make me more willing to buy,3
R001856,7,8.08,the product quality is stable and trustworthy,0
R001857,9,8.36,offline availability is not always convenient,5
R001858,10,9.26,KOL reviews are useful but need to be authentic,5
R001859,9,9.72,the product quality is stable and trustworthy,0
R001860,6,8.91,offline availability is not always convenient,5
R001861,4,5.94,offline availability is not always convenient,5
R001862,6,7.93,discount bundles make me more willing to buy,3
R001863,7,8.4,the price feels high without promotion,4
R001864,4,5.46,KOL reviews are useful but need to be authentic,5
R001865,8,7.71,the packaging is convenient but could look more premium,5
R001866,10,10.0,sustainability claims need to be more credible,5
R001867,8,9.0,quality improvement would make me repurchase more often,0
R001868,10,10.0,the price feels high without promotion,4
R001869,10,10.0,I compare price across platforms before purchase,1
R001870,6,6.35,offline availability is not always convenient,5
R001871,8,7.17,I prefer brands with recyclable packaging,5
R001872,9,10.0,low carbon packaging would improve brand impression,5
R001873,7,6.7,the packaging is convenient but could look more premium,5
R001874,7,6.77,the packaging is convenient but could look more premium,5
R001875,8,9.93,delivery speed affects whether I choose the brand,5
R001876,8,6.93,discount bundles make me more willing to buy,3
R001877,7,6.9,membership coupons can increase repeat purchase,1
R001878,8,7.31,sustainability claims need to be more credible,5
R001879,10,9.74,I prefer brands with recyclable packaging,5
R001880,9,9.28,low carbon packaging would improve brand impression,5
R001881,8,10.0,membership coupons can increase repeat purchase,1
R001882,7,7.41,discount bundles make me more willing to buy,3
R001883,10,10.0,I care about ingredients and product safety,2
R001884,9,10.0,discount bundles make me more willing to buy,3
R001885,6,6.56,portable packaging is useful for work and travel,5
R001886,9,9.02,stockouts make me switch to other brands,3
R001887,9,9.57,I care about ingredients and product safety,2
R001888,7,4.97,KOL reviews are useful but need to be authentic,5
R001889,5,5.34,I compare price across platforms before purchase,1
R001890,9,8.94,membership coupons can increase repeat purchase,1
R001891,8,7.68,KOL reviews are useful but need to be authentic,5
R001892,3,6.13,I prefer brands with recyclable packaging,5
R001893,7,8.23,KOL reviews are useful but need to be authentic,5
R001894,10,8.39,quality improvement would make me repurchase more often,0
R001895,7,8.45,I prefer brands with recyclable packaging,5
R001896,7,8.09,KOL reviews are useful but need to be authentic,5
R001897,10,8.53,the package design should show product benefits more clearly,2
R001898,10,9.36,I care about ingredients and product safety,2
R001899,9,10.0,KOL reviews are useful but need to be authentic,5
R001900,7,9.34,the packaging is convenient but could look more premium,5
R001901,10,8.81,livestream promotion helps me discover new products,4
R001902,6,6.24,portable packaging is useful for work and travel,5
R001903,6,6.44,delivery speed affects whether I choose the brand,5
R001904,2,5.16,portable packaging is useful for work and travel,5
R001905,8,8.74,I care about ingredients and product safety,2
R001906,8,8.0,I prefer brands with recyclable packaging,5
R001907,8,8.76,livestream promotion helps me discover new products,4
R001908,8,9.34,delivery speed affects whether I choose the brand,5
R001909,8,9.06,livestream promotion helps me discover new products,4
R001910,10,10.0,membership coupons can increase repeat purchase,1
R001911,9,9.44,I care about ingredients and product safety,2
R001912,6,7.7,KOL reviews are useful but need to be authentic,5
R001913,10,9.61,I prefer brands with recyclable packaging,5
R001914,8,7.87,KOL reviews are useful but need to be authentic,5
R001915,7,6.92,I care about ingredients and product safety,2
R001916,8,9.11,KOL reviews are useful but need to be authentic,5
R001917,5,5.15,I compare price across platforms before purchase,1
R001918,10,8.17,I compare price across platforms before purchase,1
R001919,8,6.87,delivery speed affects whether I choose the brand,5
R001920,9,10.0,quality improvement would make me repurchase more often,0
R001921,10,8.93,I prefer brands with recyclable packaging,5
R001922,10,9.89,the package design should show product benefits more clearly,2
R001923,5,6.32,the price feels high without promotion,4
R001924,7,7.3,offline availability is not always convenient,5
R001925,9,8.63,I prefer brands with recyclable packaging,5
R001926,10,9.99,the product quality is stable and trustworthy,0
R001927,10,6.69,KOL reviews are useful but need to be authentic,5
R001928,7,8.65,the price feels high without promotion,4
R001929,7,7.59,membership coupons can increase repeat purchase,1
R001930,9,8.9,offline availability is not always convenient,5
R001931,5,5.57,KOL reviews are useful but need to be authentic,5
R001932,9,9.2,membership coupons can increase repeat purchase,1
R001933,8,8.19,offline availability is not always convenient,5
R001934,8,8.12,I compare price across platforms before purchase,1
R001935,8,9.01,I compare price across platforms before purchase,1
R001936,8,7.86,livestream promotion helps me discover new products,4
R001937,5,7.97,I care about ingredients and product safety,2
R001938,8,10.0,I care about ingredients and product safety,2
R001939,10,10.0,low carbon packaging would improve brand impression,5
R001940,10,8.66,the product quality is stable and trustworthy,0
R001941,7,9.11,quality improvement would make me repurchase more often,0
R001942,7,6.33,the price feels high without promotion,4
R001943,6,8.02,I prefer brands with recyclable packaging,5
R001944,9,7.38,the package design should show product benefits more clearly,2
R001945,10,10.0,I compare price across platforms before purchase,1
R001946,4,5.1,the package design should show product benefits more clearly,2
R001947,7,6.18,stockouts make me switch to other brands,3
R001948,10,8.6,KOL reviews are useful but need to be authentic,5
R001949,10,9.96,discount bundles make me more willing to buy,3
R001950,10,9.61,I compare price across platforms before purchase,1
R001951,9,9.1,the packaging is convenient but could look more premium,5
R001952,5,8.04,livestream promotion helps me discover new products,4
R001953,8,9.02,sustainability claims need to be more credible,5
R001954,8,8.61,I care about ingredients and product safety,2
R001955,9,9.22,KOL reviews are useful but need to be authentic,5
R001956,6,5.16,membership coupons can increase repeat purchase,1
R001957,7,7.68,quality improvement would make me repurchase more often,0
R001958,9,10.0,quality improvement would make me repurchase more often,0
R001959,6,6.73,I compare price across platforms before purchase,1
R001960,7,6.61,livestream promotion helps me discover new products,4
R001961,8,8.41,membership coupons can increase repeat purchase,1
R001962,8,9.26,sustainability claims need to be more credible,5
R001963,5,5.8,membership coupons can increase repeat purchase,1
R001964,8,6.43,quality improvement would make me repurchase more often,0
R001965,8,8.48,the price feels high without promotion,4
R001966,9,8.4,membership coupons can increase repeat purchase,1
R001967,4,6.16,I care about ingredients and product safety,2
R001968,8,8.15,discount bundles make me more willing to buy,3
R001969,7,6.34,I compare price across platforms before purchase,1
R001970,6,9.66,I care about ingredients and product safety,2
R001971,10,9.56,offline availability is not always convenient,5
R001972,10,8.58,stockouts make me switch to other brands,3
R001973,4,6.84,the packaging is convenient but could look more premium,5
R001974,6,7.05,I prefer brands with recyclable packaging,5
R001975,10,7.97,I compare price across platforms before purchase,1
R001976,9,9.34,low carbon packaging would improve brand impression,5
R001977,10,8.92,membership coupons can increase repeat purchase,1
R001978,7,7.55,KOL reviews are useful but need to be authentic,5
R001979,10,8.81,sustainability claims need to be more credible,5
R001980,8,8.62,the package design should show product benefits more clearly,2
R001981,5,7.88,membership coupons can increase repeat purchase,1
R001982,6,7.82,quality improvement would make me repurchase more often,0
R001983,10,7.86,I care about ingredients and product safety,2
R001984,8,9.28,low carbon packaging would improve brand impression,5
R001985,6,6.59,the price feels high without promotion,4
R001986,7,8.68,the product quality is stable and trustworthy,0
R001987,8,7.23,delivery speed affects whether I choose the brand,5
R001988,6,8.12,discount bundles make me more willing to buy,3
R001989,7,6.52,the price feels high without promotion,4
R001990,5,6.23,offline availability is not always convenient,5
R001991,9,9.66,KOL reviews are useful but need to be authentic,5
R001992,8,6.87,offline availability is not always convenient,5
R001993,9,8.75,the package design should show product benefits more clearly,2
R001994,7,8.38,the product quality is stable and trustworthy,0
R001995,10,10.0,the packaging is convenient but could look more premium,5
R001996,9,10.0,discount bundles make me more willing to buy,3
R001997,6,7.13,quality improvement would make me repurchase more often,0
R001998,10,9.12,the product quality is stable and trustworthy,0
R001999,4,3.35,offline availability is not always convenient,5
R002000,9,10.0,discount bundles make me more willing to buy,3
R002001,8,7.97,portable packaging is useful for work and travel,5
R002002,6,4.76,quality improvement would make me repurchase more often,0
R002003,8,7.59,membership coupons can increase repeat purchase,1
R002004,8,7.94,livestream promotion helps me discover new products,4
R002005,7,8.42,discount bundles make me more willing to buy,3
R002006,10,10.0,membership coupons can increase repeat purchase,1
R002007,10,10.0,the product quality is stable and trustworthy,0
R002008,6,7.94,quality improvement would make me repurchase more often,0
R002009,10,10.0,I care about ingredients and product safety,2
R002010,9,8.76,low carbon packaging would improve brand impression,5
R002011,7,8.67,the package design should show product benefits more clearly,2
R002012,10,10.0,stockouts make me switch to other brands,3
R002013,10,6.46,KOL reviews are useful but need to be authentic,5
R002014,6,8.36,stockouts make me switch to other brands,3
R002015,9,7.57,sustainability claims need to be more credible,5
R002016,8,7.0,discount bundles make me more willing to buy,3
R002017,9,9.8,portable packaging is useful for work and travel,5
R002018,8,9.65,sustainability claims need to be more credible,5
R002019,8,8.46,the product quality is stable and trustworthy,0
R002020,9,9.25,offline availability is not always convenient,5
R002021,9,7.68,stockouts make me switch to other brands,3
R002022,7,6.67,discount bundles make me more willing to buy,3
R002023,10,9.12,delivery speed affects whether I choose the brand,5
R002024,6,6.62,offline availability is not always convenient,5
R002025,9,9.95,sustainability claims need to be more credible,5
R002026,4,6.66,KOL reviews are useful but need to be authentic,5
R002027,10,7.96,the product quality is stable and trustworthy,0
R002028,10,10.0,I care about ingredients and product safety,2
R002029,9,8.3,the product quality is stable and trustworthy,0
R002030,10,8.9,I prefer brands with recyclable packaging,5
R002031,9,10.0,portable packaging is useful for work and travel,5
R002032,9,8.93,I compare price across platforms before purchase,1
R002033,10,10.0,offline availability is not always convenient,5
R002034,9,10.0,sustainability claims need to be more credible,5
R002035,5,7.35,I compare price across platforms before purchase,1
R002036,10,10.0,membership coupons can increase repeat purchase,1
R002037,8,8.63,stockouts make me switch to other brands,3
R002038,10,9.23,offline availability is not always convenient,5
R002039,7,6.63,I compare price across platforms before purchase,1
R002040,9,10.0,membership coupons can increase repeat purchase,1
R002041,8,7.67,KOL reviews are useful but need to be authentic,5
R002042,6,6.54,the price feels high without promotion,4
R002043,9,8.54,the price feels high without promotion,4
R002044,8,8.09,livestream promotion helps me discover new products,4
R002045,7,8.07,the product quality is stable and trustworthy,0
R002046,9,8.89,I compare price across platforms before purchase,1
R002047,8,9.16,delivery speed affects whether I choose the brand,5
R002048,7,8.45,stockouts make me switch to other brands,3
R002049,8,7.49,KOL reviews are useful but need to be authentic,5
R002050,10,9.83,delivery speed affects whether I choose the brand,5
R002051,6,7.32,delivery speed affects whether I choose the brand,5
R002052,10,9.89,offline availability is not always convenient,5
R002053,5,7.48,offline availability is not always convenient,5
R002054,6,8.09,membership coupons can increase repeat purchase,1
R002055,9,10.0,low carbon packaging would improve brand impression,5
R002056,4,6.53,KOL reviews are useful but need to be authentic,5
R002057,7,9.31,the price feels high without promotion,4
R002058,6,7.33,livestream promotion helps me discover new products,4
R002059,7,7.78,livestream promotion helps me discover new products,4
R002060,9,8.88,the product quality is stable and trustworthy,0
R002061,8,8.04,the packaging is convenient but could look more premium,5
R002062,8,8.28,discount bundles make me more willing to buy,3
R002063,8,7.49,low carbon packaging would improve brand impression,5
R002064,10,10.0,I care about ingredients and product safety,2
R002065,5,5.98,quality improvement would make me repurchase more often,0
R002066,5,5.29,I compare price across platforms before purchase,1
R002067,7,7.89,the price feels high without promotion,4
R002068,7,10.0,offline availability is not always convenient,5
R002069,9,6.0,I compare price across platforms before purchase,1
R002070,8,10.0,offline availability is not always convenient,5
R002071,5,5.84,the package design should show product benefits more clearly,2
R002072,5,7.34,the price feels high without promotion,4
R002073,5,6.8,discount bundles make me more willing to buy,3
R002074,7,6.96,I compare price across platforms before purchase,1
R002075,8,7.82,I compare price across platforms before purchase,1
R002076,8,8.44,the package design should show product benefits more clearly,2
R002077,10,8.73,delivery speed affects whether I choose the brand,5
R002078,9,8.31,the price feels high without promotion,4
R002079,7,7.41,the packaging is convenient but could look more premium,5
R002080,6,7.52,the product quality is stable and trustworthy,0
R002081,10,10.0,the price feels high without promotion,4
R002082,4,4.83,the product quality is stable and trustworthy,0
R002083,7,5.98,discount bundles make me more willing to buy,3
R002084,7,7.37,I compare price across platforms before purchase,1
R002085,7,10.0,I care about ingredients and product safety,2
R002086,10,8.79,stockouts make me switch to other brands,3
R002087,9,7.74,the product quality is stable and trustworthy,0
R002088,7,9.36,low carbon packaging would improve brand impression,5
R002089,6,6.27,I compare price across platforms before purchase,1
R002090,10,8.21,I compare price across platforms before purchase,1
R002091,9,8.74,stockouts make me switch to other brands,3
R002092,10,10.0,I care about ingredients and product safety,2
R002093,8,7.71,I care about ingredients and product safety,2
R002094,8,9.39,membership coupons can increase repeat purchase,1
R002095,9,7.45,quality improvement would make me repurchase more often,0
R002096,8,10.0,I care about ingredients and product safety,2
R002097,9,7.93,membership coupons can increase repeat purchase,1
R002098,8,8.21,discount bundles make me more willing to buy,3
R002099,2,4.48,delivery speed affects whether I choose the brand,5
R002100,6,8.62,the price feels high without promotion,4
R002101,8,10.0,sustainability claims need to be more credible,5
R002102,10,9.89,the price feels high without promotion,4
R002103,4,5.38,the price feels high without promotion,4
R002104,7,7.06,quality improvement would make me repurchase more often,0
R002105,8,7.5,livestream promotion helps me discover new products,4
R002106,10,9.04,livestream promotion helps me discover new products,4
R002107,6,7.12,the price feels high without promotion,4
R002108,10,9.88,I compare price across platforms before purchase,1
R002109,6,5.36,offline availability is not always convenient,5
R002110,10,10.0,I prefer brands with recyclable packaging,5
R002111,8,10.0,delivery speed affects whether I choose the brand,5
R002112,6,7.35,KOL reviews are useful but need to be authentic,5
R002113,7,6.77,quality improvement would make me repurchase more often,0
R002114,3,5.46,I compare price across platforms before purchase,1
R002115,9,8.22,discount bundles make me more willing to buy,3
R002116,9,8.17,I prefer brands with recyclable packaging,5
R002117,9,7.46,I compare price across platforms before purchase,1
R002118,9,7.65,stockouts make me switch to other brands,3
R002119,10,10.0,membership coupons can increase repeat purchase,1
R002120,8,7.56,the price feels high without promotion,4
R002121,7,8.83,KOL reviews are useful but need to be authentic,5
R002122,10,9.66,quality improvement would make me repurchase more often,0
R002123,10,10.0,I prefer brands with recyclable packaging,5
R002124,8,7.96,the packaging is convenient but could look more premium,5
R002125,10,9.94,the price feels high without promotion,4
R002126,9,9.47,livestream promotion helps me discover new products,4
R002127,6,5.28,KOL reviews are useful but need to be authentic,5
R002128,8,8.87,low carbon packaging would improve brand impression,5
R002129,6,6.7,discount bundles make me more willing to buy,3
R002130,4,7.76,offline availability is not always convenient,5
R002131,10,9.59,membership coupons can increase repeat purchase,1
R002132,10,8.77,quality improvement would make me repurchase more often,0
R002133,9,9.79,low carbon packaging would improve brand impression,5
R002134,10,10.0,stockouts make me switch to other brands,3
R002135,6,5.12,livestream promotion helps me discover new products,4
R002136,10,9.38,membership coupons can increase repeat purchase,1
R002137,7,7.16,delivery speed affects whether I choose the brand,5
R002138,6,8.58,livestream promotion helps me discover new products,4
R002139,6,8.28,discount bundles make me more willing to buy,3
R002140,2,3.17,livestream promotion helps me discover new products,4
R002141,6,7.68,portable packaging is useful for work and travel,5
R002142,7,8.54,KOL reviews are useful but need to be authentic,5
R002143,10,10.0,I prefer brands with recyclable packaging,5
R002144,8,10.0,the price feels high without promotion,4
R002145,10,10.0,portable packaging is useful for work and travel,5
R002146,9,7.49,discount bundles make me more willing to buy,3
R002147,5,4.55,I care about ingredients and product safety,2
R002148,7,8.53,membership coupons can increase repeat purchase,1
R002149,10,10.0,low carbon packaging would improve brand impression,5
R002150,9,9.41,sustainability claims need to be more credible,5
R002151,8,8.04,discount bundles make me more willing to buy,3
R002152,9,7.6,the price feels high without promotion,4
R002153,7,5.84,I care about ingredients and product safety,2
R002154,10,9.02,membership coupons can increase repeat purchase,1
R002155,7,7.32,stockouts make me switch to other brands,3
R002156,3,4.26,the packaging is convenient but could look more premium,5
R002157,4,5.3,membership coupons can increase repeat purchase,1
R002158,7,8.53,the package design should show product benefits more clearly,2
R002159,10,9.14,stockouts make me switch to other brands,3
R002160,6,6.26,sustainability claims need to be more credible,5
R002161,9,8.26,portable packaging is useful for work and travel,5
R002162,5,7.26,I care about ingredients and product safety,2
R002163,10,8.62,stockouts make me switch to other brands,3
R002164,6,6.41,portable packaging is useful for work and travel,5
R002165,10,9.37,the packaging is convenient but could look more premium,5
R002166,10,9.71,the product quality is stable and trustworthy,0
R002167,8,8.45,the packaging is convenient but could look more premium,5
R002168,10,9.66,the product quality is stable and trustworthy,0
R002169,5,5.79,delivery speed affects whether I choose the brand,5
R002170,8,6.75,I compare price across platforms before purchase,1
R002171,7,7.66,the price feels high without promotion,4
R002172,8,9.29,stockouts make me switch to other brands,3
R002173,7,7.07,the price feels high without promotion,4
R002174,10,8.92,the product quality is stable and trustworthy,0
R002175,10,10.0,I care about ingredients and product safety,2
R002176,9,9.56,quality improvement would make me repurchase more often,0
R002177,9,8.41,I prefer brands with recyclable packaging,5
R002178,8,8.97,membership coupons can increase repeat purchase,1
R002179,9,9.75,the product quality is stable and trustworthy,0
R002180,10,9.73,quality improvement would make me repurchase more often,0
R002181,9,9.98,stockouts make me switch to other brands,3
R002182,9,6.65,livestream promotion helps me discover new products,4
R002183,9,7.79,delivery speed affects whether I choose the brand,5
R002184,6,7.38,portable packaging is useful for work and travel,5
R002185,8,9.98,quality improvement would make me repurchase more often,0
R002186,7,7.67,the packaging is convenient but could look more premium,5
R002187,5,7.89,offline availability is not always convenient,5
R002188,6,7.54,sustainability claims need to be more credible,5
R002189,9,8.98,the package design should show product benefits more clearly,2
R002190,8,7.99,the product quality is stable and trustworthy,0
R002191,9,8.85,portable packaging is useful for work and travel,5
R002192,9,7.93,portable packaging is useful for work and travel,5
R002193,10,9.34,KOL reviews are useful but need to be authentic,5
R002194,9,7.79,delivery speed affects whether I choose the brand,5
R002195,10,10.0,the price feels high without promotion,4
R002196,7,7.94,quality improvement would make me repurchase more often,0
R002197,4,4.4,livestream promotion helps me discover new products,4
R002198,10,9.08,I prefer brands with recyclable packaging,5
R002199,10,9.34,discount bundles make me more willing to buy,3
R002200,9,9.11,KOL reviews are useful but need to be authentic,5
R002201,7,6.89,the price feels high without promotion,4
R002202,9,10.0,the package design should show product benefits more clearly,2
R002203,10,9.77,I prefer brands with recyclable packaging,5
R002204,6,7.28,livestream promotion helps me discover new products,4
R002205,9,8.4,stockouts make me switch to other brands,3
R002206,9,10.0,KOL reviews are useful but need to be authentic,5
R002207,9,10.0,stockouts make me switch to other brands,3
R002208,8,8.63,the product quality is stable and trustworthy,0
R002209,8,10.0,delivery speed affects whether I choose the brand,5
R002210,8,6.71,I prefer brands with recyclable packaging,5
R002211,10,9.41,I prefer brands with recyclable packaging,5
R002212,8,7.7,I compare price across platforms before purchase,1
R002213,9,9.87,sustainability claims need to be more credible,5
R002214,6,6.84,the price feels high without promotion,4
R002215,7,7.49,KOL reviews are useful but need to be authentic,5
R002216,2,4.18,KOL reviews are useful but need to be authentic,5
R002217,8,8.48,I prefer brands with recyclable packaging,5
R002218,7,10.0,I compare price across platforms before purchase,1
R002219,10,9.95,I care about ingredients and product safety,2
R002220,8,7.93,the price feels high without promotion,4
R002221,7,6.82,offline availability is not always convenient,5
R002222,8,7.27,KOL reviews are useful but need to be authentic,5
R002223,5,6.41,delivery speed affects whether I choose the brand,5
R002224,10,10.0,portable packaging is useful for work and travel,5
R002225,4,5.18,I compare price across platforms before purchase,1
R002226,8,8.76,membership coupons can increase repeat purchase,1
R002227,4,4.83,the packaging is convenient but could look more premium,5
R002228,8,7.86,quality improvement would make me repurchase more often,0
R002229,8,9.01,portable packaging is useful for work and travel,5
R002230,6,7.07,stockouts make me switch to other brands,3
R002231,10,10.0,the packaging is convenient but could look more premium,5
R002232,8,9.22,quality improvement would make me repurchase more often,0
R002233,10,7.73,offline availability is not always convenient,5
R002234,8,9.39,I compare price across platforms before purchase,1
R002235,4,6.12,I care about ingredients and product safety,2
R002236,10,8.42,the package design should show product benefits more clearly,2
R002237,7,6.11,the package design should show product benefits more clearly,2
R002238,5,5.04,KOL reviews are useful but need to be authentic,5
R002239,9,8.25,quality improvement would make me repurchase more often,0
R002240,6,6.34,the price feels high without promotion,4
R002241,7,6.96,KOL reviews are useful but need to be authentic,5
R002242,7,6.55,the price feels high without promotion,4
R002243,9,8.47,sustainability claims need to be more credible,5
R002244,10,8.67,KOL reviews are useful but need to be authentic,5
R002245,10,9.26,the product quality is stable and trustworthy,0
R002246,9,9.32,quality improvement would make me repurchase more often,0
R002247,3,6.1,portable packaging is useful for work and travel,5
R002248,9,8.94,membership coupons can increase repeat purchase,1
R002249,8,9.04,offline availability is not always convenient,5
R002250,10,7.5,the product quality is stable and trustworthy,0
R002251,10,8.36,discount bundles make me more willing to buy,3
R002252,10,10.0,the product quality is stable and trustworthy,0
R002253,9,9.54,livestream promotion helps me discover new products,4
R002254,9,9.58,KOL reviews are useful but need to be authentic,5
R002255,4,4.77,discount bundles make me more willing to buy,3
R002256,8,9.44,membership coupons can increase repeat purchase,1
R002257,7,6.08,the package design should show product benefits more clearly,2
R002258,10,10.0,the product quality is stable and trustworthy,0
R002259,6,5.73,I compare price across platforms before purchase,1
R002260,10,9.15,the price feels high without promotion,4
R002261,8,9.48,I compare price across platforms before purchase,1
R002262,7,8.66,the price feels high without promotion,4
R002263,9,9.12,I prefer brands with recyclable packaging,5
R002264,10,9.66,membership coupons can increase repeat purchase,1
R002265,9,9.12,the price feels high without promotion,4
R002266,9,9.85,membership coupons can increase repeat purchase,1
R002267,10,9.85,the price feels high without promotion,4
R002268,9,9.33,quality improvement would make me repurchase more often,0
R002269,9,9.48,delivery speed affects whether I choose the brand,5
R002270,8,10.0,I care about ingredients and product safety,2
R002271,9,9.06,stockouts make me switch to other brands,3
R002272,10,9.37,discount bundles make me more willing to buy,3
R002273,5,4.95,quality improvement would make me repurchase more often,0
R002274,6,6.22,the price feels high without promotion,4
R002275,6,8.08,I compare price across platforms before purchase,1
R002276,10,9.35,delivery speed affects whether I choose the brand,5
R002277,8,8.82,low carbon packaging would improve brand impression,5
R002278,5,6.94,offline availability is not always convenient,5
R002279,7,6.65,discount bundles make me more willing to buy,3
R002280,7,7.31,delivery speed affects whether I choose the brand,5
R002281,8,7.79,sustainability claims need to be more credible,5
R002282,9,7.2,quality improvement would make me repurchase more often,0
R002283,10,9.67,I prefer brands with recyclable packaging,5
R002284,5,6.28,I care about ingredients and product safety,2
R002285,9,9.79,the packaging is convenient but could look more premium,5
R002286,7,7.64,membership coupons can increase repeat purchase,1
R002287,8,8.0,discount bundles make me more willing to buy,3
R002288,9,10.0,sustainability claims need to be more credible,5
R002289,10,10.0,I compare price across platforms before purchase,1
R002290,10,9.86,I prefer brands with recyclable packaging,5
R002291,10,10.0,offline availability is not always convenient,5
R002292,8,9.23,quality improvement would make me repurchase more often,0
R002293,10,10.0,sustainability claims need to be more credible,5
R002294,8,7.54,I compare price across platforms before purchase,1
R002295,10,8.77,I compare price across platforms before purchase,1
R002296,10,8.91,portable packaging is useful for work and travel,5
R002297,8,9.2,I compare price across platforms before purchase,1
R002298,9,9.33,KOL reviews are useful but need to be authentic,5
R002299,9,9.9,stockouts make me switch to other brands,3
R002300,9,8.33,I care about ingredients and product safety,2
R002301,4,6.61,livestream promotion helps me discover new products,4
R002302,5,5.59,the product quality is stable and trustworthy,0
R002303,10,9.92,I compare price across platforms before purchase,1
R002304,9,8.08,I care about ingredients and product safety,2
R002305,7,7.73,quality improvement would make me repurchase more often,0
R002306,4,5.02,stockouts make me switch to other brands,3
R002307,10,10.0,the packaging is convenient but could look more premium,5
R002308,10,7.53,discount bundles make me more willing to buy,3
R002309,7,8.41,discount bundles make me more willing to buy,3
R002310,8,8.15,the product quality is stable and trustworthy,0
R002311,6,7.51,stockouts make me switch to other brands,3
R002312,9,8.72,I compare price across platforms before purchase,1
R002313,10,10.0,stockouts make me switch to other brands,3
R002314,10,8.44,membership coupons can increase repeat purchase,1
R002315,8,8.54,I care about ingredients and product safety,2
R002316,7,6.58,I care about ingredients and product safety,2
R002317,9,9.07,stockouts make me switch to other brands,3
R002318,10,10.0,I compare price across platforms before purchase,1
R002319,9,7.47,delivery speed affects whether I choose the brand,5
R002320,10,9.99,discount bundles make me more willing to buy,3
R002321,9,9.88,the package design should show product benefits more clearly,2
R002322,6,6.64,I prefer brands with recyclable packaging,5
R002323,9,7.71,the package design should show product benefits more clearly,2
R002324,7,7.91,discount bundles make me more willing to buy,3
R002325,10,9.8,the price feels high without promotion,4
R002326,10,10.0,I care about ingredients and product safety,2
R002327,8,8.01,the package design should show product benefits more clearly,2
R002328,8,6.76,livestream promotion helps me discover new products,4
R002329,5,8.42,membership coupons can increase repeat purchase,1
R002330,7,6.77,I compare price across platforms before purchase,1
R002331,8,8.57,I prefer brands with recyclable packaging,5
R002332,7,8.07,stockouts make me switch to other brands,3
R002333,10,9.76,sustainability claims need to be more credible,5
R002334,5,4.71,portable packaging is useful for work and travel,5
R002335,6,6.36,delivery speed affects whether I choose the brand,5
R002336,8,8.89,the price feels high without promotion,4
R002337,8,9.44,delivery speed affects whether I choose the brand,5
R002338,6,7.67,sustainability claims need to be more credible,5
R002339,9,10.0,offline availability is not always convenient,5
R002340,7,6.79,I care about ingredients and product safety,2
R002341,7,6.5,portable packaging is useful for work and travel,5
R002342,10,10.0,I compare price across platforms before purchase,1
R002343,5,6.42,sustainability claims need to be more credible,5
R002344,9,7.71,offline availability is not always convenient,5
R002345,8,7.67,membership coupons can increase repeat purchase,1
R002346,10,10.0,the price feels high without promotion,4
R002347,9,9.61,livestream promotion helps me discover new products,4
R002348,5,6.29,portable packaging is useful for work and travel,5
R002349,7,7.62,quality improvement would make me repurchase more often,0
R002350,7,5.21,the package design should show product benefits more clearly,2
R002351,9,8.42,the price feels high without promotion,4
R002352,7,7.33,quality improvement would make me repurchase more often,0
R002353,10,9.99,the product quality is stable and trustworthy,0
R002354,10,9.05,KOL reviews are useful but need to be authentic,5
R002355,10,9.8,I compare price across platforms before purchase,1
R002356,9,9.58,membership coupons can increase repeat purchase,1
R002357,7,7.66,discount bundles make me more willing to buy,3
R002358,10,9.94,low carbon packaging would improve brand impression,5
R002359,8,8.08,low carbon packaging would improve brand impression,5
R002360,9,9.19,offline availability is not always convenient,5
R002361,4,5.89,the price feels high without promotion,4
R002362,8,9.07,portable packaging is useful for work and travel,5
R002363,8,9.54,portable packaging is useful for work and travel,5
R002364,5,5.65,low carbon packaging would improve brand impression,5
R002365,4,4.89,I prefer brands with recyclable packaging,5
R002366,9,8.86,livestream promotion helps me discover new products,4
R002367,5,7.14,livestream promotion helps me discover new products,4
R002368,2,6.22,discount bundles make me more willing to buy,3
R002369,10,10.0,stockouts make me switch to other brands,3
R002370,10,10.0,offline availability is not always convenient,5
R002371,5,7.3,I prefer brands with recyclable packaging,5
R002372,8,8.62,membership coupons can increase repeat purchase,1
R002373,7,7.94,stockouts make me switch to other brands,3
R002374,10,9.74,membership coupons can increase repeat purchase,1
R002375,9,10.0,the price feels high without promotion,4
R002376,10,10.0,discount bundles make me more willing to buy,3
R002377,9,8.46,I care about ingredients and product safety,2
R002378,7,8.06,livestream promotion helps me discover new products,4
R002379,9,10.0,discount bundles make me more willing to buy,3
R002380,7,8.43,low carbon packaging would improve brand impression,5
R002381,3,5.42,the packaging is convenient but could look more premium,5
R002382,9,8.21,the product quality is stable and trustworthy,0
R002383,10,8.63,KOL reviews are useful but need to be authentic,5
R002384,9,8.28,stockouts make me switch to other brands,3
R002385,6,6.84,portable packaging is useful for work and travel,5
R002386,9,9.11,the product quality is stable and trustworthy,0
R002387,5,6.12,delivery speed affects whether I choose the brand,5
R002388,7,9.28,livestream promotion helps me discover new products,4
R002389,10,10.0,KOL reviews are useful but need to be authentic,5
R002390,9,10.0,quality improvement would make me repurchase more often,0
R002391,6,7.56,stockouts make me switch to other brands,3
R002392,8,8.42,delivery speed affects whether I choose the brand,5
R002393,8,7.08,sustainability claims need to be more credible,5
R002394,10,8.67,quality improvement would make me repurchase more often,0
R002395,5,7.85,KOL reviews are useful but need to be authentic,5
R002396,5,6.45,I care about ingredients and product safety,2
R002397,6,6.44,I compare price across platforms before purchase,1
R002398,8,9.34,livestream promotion helps me discover new products,4
R002399,8,7.65,offline availability is not always convenient,5
R002400,10,8.83,discount bundles make me more willing to buy,3
R002401,9,8.84,stockouts make me switch to other brands,3
R002402,9,7.92,the price feels high without promotion,4
R002403,8,6.74,sustainability claims need to be more credible,5
R002404,5,6.78,discount bundles make me more willing to buy,3
R002405,6,7.08,the package design should show product benefits more clearly,2
R002406,8,7.81,the product quality is stable and trustworthy,0
R002407,7,9.99,stockouts make me switch to other brands,3
R002408,8,8.21,the product quality is stable and trustworthy,0
R002409,9,9.01,offline availability is not always convenient,5
R002410,7,6.9,I care about ingredients and product safety,2
R002411,8,9.0,stockouts make me switch to other brands,3
R002412,9,8.67,I compare price across platforms before purchase,1
R002413,7,10.0,I care about ingredients and product safety,2
R002414,5,7.1,the product quality is stable and trustworthy,0
R002415,7,6.18,I compare price across platforms before purchase,1
R002416,10,9.79,stockouts make me switch to other brands,3
R002417,10,9.79,offline availability is not always convenient,5
R002418,9,8.88,I care about ingredients and product safety,2
R002419,8,7.53,the package design should show product benefits more clearly,2
R002420,8,9.2,I care about ingredients and product safety,2
R002421,6,6.06,offline availability is not always convenient,5
R002422,6,7.49,livestream promotion helps me discover new products,4
R002423,8,9.21,offline availability is not always convenient,5
R002424,7,7.45,portable packaging is useful for work and travel,5
R002425,7,6.7,I compare price across platforms before purchase,1
R002426,10,9.59,I prefer brands with recyclable packaging,5
R002427,8,7.6,low carbon packaging would improve brand impression,5
R002428,5,7.59,I prefer brands with recyclable packaging,5
R002429,5,4.91,the price feels high without promotion,4
R002430,9,10.0,KOL reviews are useful but need to be authentic,5
R002431,5,6.81,membership coupons can increase repeat purchase,1
R002432,4,5.93,KOL reviews are useful but need to be authentic,5
R002433,9,8.68,membership coupons can increase repeat purchase,1
R002434,10,10.0,I compare price across platforms before purchase,1
R002435,9,9.73,low carbon packaging would improve brand impression,5
R002436,10,10.0,the price feels high without promotion,4
R002437,9,10.0,offline availability is not always convenient,5
R002438,10,10.0,membership coupons can increase repeat purchase,1
R002439,8,7.66,delivery speed affects whether I choose the brand,5
R002440,10,9.62,quality improvement would make me repurchase more often,0
R002441,8,7.42,the product quality is stable and trustworthy,0
R002442,7,7.84,I prefer brands with recyclable packaging,5
R002443,9,8.62,I care about ingredients and product safety,2
R002444,9,10.0,the product quality is stable and trustworthy,0
R002445,8,6.75,quality improvement would make me repurchase more often,0
R002446,10,10.0,I prefer brands with recyclable packaging,5
R002447,9,8.81,quality improvement would make me repurchase more often,0
R002448,6,5.43,delivery speed affects whether I choose the brand,5
R002449,10,10.0,delivery speed affects whether I choose the brand,5
R002450,5,6.57,offline availability is not always convenient,5
R002451,9,9.22,sustainability claims need to be more credible,5
R002452,9,8.6,I compare price across platforms before purchase,1
R002453,7,8.35,the price feels high without promotion,4
R002454,10,9.55,membership coupons can increase repeat purchase,1
R002455,9,8.43,I prefer brands with recyclable packaging,5
R002456,9,9.38,the packaging is convenient but could look more premium,5
R002457,8,6.29,the price feels high without promotion,4
R002458,6,7.84,the price feels high without promotion,4
R002459,8,10.0,membership coupons can increase repeat purchase,1
R002460,5,5.7,I compare price across platforms before purchase,1
R002461,10,10.0,stockouts make me switch to other brands,3
R002462,5,5.63,I compare price across platforms before purchase,1
R002463,9,10.0,quality improvement would make me repurchase more often,0
R002464,8,8.79,the price feels high without promotion,4
R002465,10,8.97,quality improvement would make me repurchase more often,0
R002466,8,9.58,I compare price across platforms before purchase,1
R002467,10,8.94,stockouts make me switch to other brands,3
R002468,10,10.0,portable packaging is useful for work and travel,5
R002469,7,7.88,I compare price across platforms before purchase,1
R002470,10,9.81,stockouts make me switch to other brands,3
R002471,7,6.71,stockouts make me switch to other brands,3
R002472,8,9.5,the product quality is stable and trustworthy,0
R002473,8,9.52,membership coupons can increase repeat purchase,1
R002474,8,8.59,discount bundles make me more willing to buy,3
R002475,5,7.0,I prefer brands with recyclable packaging,5
R002476,6,7.81,membership coupons can increase repeat purchase,1
R002477,10,10.0,I care about ingredients and product safety,2
R002478,8,8.91,livestream promotion helps me discover new products,4
R002479,9,10.0,the price feels high without promotion,4
R002480,9,10.0,the packaging is convenient but could look more premium,5
R002481,8,8.47,delivery speed affects whether I choose the brand,5
R002482,9,7.0,the price feels high without promotion,4
R002483,8,8.35,delivery speed affects whether I choose the brand,5
R002484,9,10.0,low carbon packaging would improve brand impression,5
R002485,9,8.45,livestream promotion helps me discover new products,4
R002486,8,7.48,the price feels high without promotion,4
R002487,7,7.72,I prefer brands with recyclable packaging,5
R002488,7,5.46,the price feels high without promotion,4
R002489,6,6.58,the packaging is convenient but could look more premium,5
R002490,9,7.31,the price feels high without promotion,4
R002491,9,8.81,membership coupons can increase repeat purchase,1
R002492,3,5.82,discount bundles make me more willing to buy,3
R002493,9,8.64,quality improvement would make me repurchase more often,0
R002494,10,9.35,portable packaging is useful for work and travel,5
R002495,9,9.51,membership coupons can increase repeat purchase,1
R002496,10,10.0,quality improvement would make me repurchase more often,0
R002497,5,5.39,I compare price across platforms before purchase,1
R002498,7,6.02,membership coupons can increase repeat purchase,1
R002499,9,9.05,offline availability is not always convenient,5
R002500,10,8.4,the packaging is convenient but could look more premium,5
R002501,7,7.77,I care about ingredients and product safety,2
R002502,7,6.49,I compare price across platforms before purchase,1
R002503,7,8.28,I care about ingredients and product safety,2
R002504,6,6.49,sustainability claims need to be more credible,5
R002505,9,8.3,KOL reviews are useful but need to be authentic,5
R002506,6,9.03,I prefer brands with recyclable packaging,5
R002507,10,8.38,the product quality is stable and trustworthy,0
R002508,8,9.0,the packaging is convenient but could look more premium,5
R002509,7,8.82,I care about ingredients and product safety,2
R002510,8,6.23,KOL reviews are useful but need to be authentic,5
R002511,4,5.16,the price feels high without promotion,4
R002512,10,9.33,portable packaging is useful for work and travel,5
R002513,7,9.14,the packaging is convenient but could look more premium,5
R002514,8,9.35,quality improvement would make me repurchase more often,0
R002515,7,5.88,quality improvement would make me repurchase more often,0
R002516,9,8.05,quality improvement would make me repurchase more often,0
R002517,8,7.1,I compare price across platforms before purchase,1
R002518,9,7.56,the price feels high without promotion,4
R002519,10,9.83,quality improvement would make me repurchase more often,0
R002520,10,9.85,the product quality is stable and trustworthy,0
R002521,9,7.52,discount bundles make me more willing to buy,3
R002522,9,9.64,the product quality is stable and trustworthy,0
R002523,8,7.12,the price feels high without promotion,4
R002524,10,9.48,offline availability is not always convenient,5
R002525,10,9.14,the product quality is stable and trustworthy,0
R002526,10,10.0,livestream promotion helps me discover new products,4
R002527,8,8.88,KOL reviews are useful but need to be authentic,5
R002528,6,6.24,the price feels high without promotion,4
R002529,7,7.58,I compare price across platforms before purchase,1
R002530,9,7.98,I care about ingredients and product safety,2
R002531,7,6.51,membership coupons can increase repeat purchase,1
R002532,5,5.35,offline availability is not always convenient,5
R002533,6,7.18,I compare price across platforms before purchase,1
R002534,10,9.36,offline availability is not always convenient,5
R002535,9,9.39,the price feels high without promotion,4
R002536,10,8.2,delivery speed affects whether I choose the brand,5
R002537,6,10.0,KOL reviews are useful but need to be authentic,5
R002538,9,9.46,the product quality is stable and trustworthy,0
R002539,10,9.07,I care about ingredients and product safety,2
R002540,5,6.76,quality improvement would make me repurchase more often,0
R002541,9,10.0,offline availability is not always convenient,5
R002542,10,8.03,sustainability claims need to be more credible,5
R002543,9,10.0,the packaging is convenient but could look more premium,5
R002544,9,8.85,portable packaging is useful for work and travel,5
R002545,7,8.23,delivery speed affects whether I choose the brand,5
R002546,5,7.71,stockouts make me switch to other brands,3
R002547,10,7.88,the price feels high without promotion,4
R002548,7,7.76,quality improvement would make me repurchase more often,0
R002549,9,9.85,stockouts make me switch to other brands,3
R002550,4,5.74,the packaging is convenient but could look more premium,5
R002551,10,10.0,KOL reviews are useful but need to be authentic,5
R002552,7,7.27,I compare price across platforms before purchase,1
R002553,8,7.54,offline availability is not always convenient,5
R002554,7,8.78,KOL reviews are useful but need to be authentic,5
R002555,10,10.0,discount bundles make me more willing to buy,3
R002556,6,5.41,portable packaging is useful for work and travel,5
R002557,4,5.17,discount bundles make me more willing to buy,3
R002558,10,9.11,the product quality is stable and trustworthy,0
R002559,9,9.26,discount bundles make me more willing to buy,3
R002560,8,8.51,quality improvement would make me repurchase more often,0
R002561,10,10.0,I prefer brands with recyclable packaging,5
R002562,6,6.05,the price feels high without promotion,4
R002563,4,6.09,discount bundles make me more willing to buy,3
R002564,10,10.0,delivery speed affects whether I choose the brand,5
R002565,10,10.0,quality improvement would make me repurchase more often,0
R002566,9,9.41,I compare price across platforms before purchase,1
R002567,10,9.91,membership coupons can increase repeat purchase,1
R002568,7,5.94,delivery speed affects whether I choose the brand,5
R002569,7,8.11,I care about ingredients and product safety,2
R002570,9,7.82,KOL reviews are useful but need to be authentic,5
R002571,10,8.46,the packaging is convenient but could look more premium,5
R002572,9,9.7,I care about ingredients and product safety,2
R002573,4,6.08,the price feels high without promotion,4
R002574,5,5.43,portable packaging is useful for work and travel,5
R002575,9,7.89,low carbon packaging would improve brand impression,5
R002576,6,6.58,membership coupons can increase repeat purchase,1
R002577,5,7.1,delivery speed affects whether I choose the brand,5
R002578,7,8.9,livestream promotion helps me discover new products,4
R002579,6,6.31,I care about ingredients and product safety,2
R002580,9,8.98,KOL reviews are useful but need to be authentic,5
R002581,6,6.69,delivery speed affects whether I choose the brand,5
R002582,3,5.55,portable packaging is useful for work and travel,5
R002583,8,9.79,offline availability is not always convenient,5
R002584,8,8.36,discount bundles make me more willing to buy,3
R002585,9,9.16,I care about ingredients and product safety,2
R002586,10,10.0,low carbon packaging would improve brand impression,5
R002587,6,5.49,KOL reviews are useful but need to be authentic,5
R002588,8,8.58,I prefer brands with recyclable packaging,5
R002589,8,8.87,KOL reviews are useful but need to be authentic,5
R002590,8,8.24,delivery speed affects whether I choose the brand,5
R002591,5,5.84,livestream promotion helps me discover new products,4
R002592,10,9.1,I compare price across platforms before purchase,1
R002593,7,7.62,I prefer brands with recyclable packaging,5
R002594,6,6.08,quality improvement would make me repurchase more often,0
R002595,9,10.0,the packaging is convenient but could look more premium,5
R002596,9,10.0,livestream promotion helps me discover new products,4
R002597,10,9.78,the product quality is stable and trustworthy,0
R002598,7,7.75,stockouts make me switch to other brands,3
R002599,8,7.22,I compare price across platforms before purchase,1
R002600,6,6.48,the package design should show product benefits more clearly,2
R002601,7,7.2,delivery speed affects whether I choose the brand,5
R002602,8,8.8,KOL reviews are useful but need to be authentic,5
R002603,10,10.0,the product quality is stable and trustworthy,0
R002604,7,8.76,livestream promotion helps me discover new products,4
R002605,8,7.08,I prefer brands with recyclable packaging,5
R002606,9,8.62,I care about ingredients and product safety,2
R002607,9,9.19,I care about ingredients and product safety,2
R002608,10,9.6,offline availability is not always convenient,5
R002609,8,10.0,quality improvement would make me repurchase more often,0
R002610,10,10.0,quality improvement would make me repurchase more often,0
R002611,6,8.13,the product quality is stable and trustworthy,0
R002612,6,5.41,livestream promotion helps me discover new products,4
R002613,7,7.39,low carbon packaging would improve brand impression,5
R002614,10,9.19,the product quality is stable and trustworthy,0
R002615,8,8.72,membership coupons can increase repeat purchase,1
R002616,5,5.98,portable packaging is useful for work and travel,5
R002617,7,6.87,livestream promotion helps me discover new products,4
R002618,7,7.89,I care about ingredients and product safety,2
R002619,7,8.42,the packaging is convenient but could look more premium,5
R002620,7,9.14,the price feels high without promotion,4
R002621,10,10.0,stockouts make me switch to other brands,3
R002622,5,7.39,offline availability is not always convenient,5
R002623,10,10.0,low carbon packaging would improve brand impression,5
R002624,6,6.38,portable packaging is useful for work and travel,5
R002625,9,9.23,KOL reviews are useful but need to be authentic,5
R002626,10,10.0,portable packaging is useful for work and travel,5
R002627,9,10.0,I prefer brands with recyclable packaging,5
R002628,10,8.77,sustainability claims need to be more credible,5
R002629,6,7.34,the product quality is stable and trustworthy,0
R002630,8,9.39,I compare price across platforms before purchase,1
R002631,8,7.92,livestream promotion helps me discover new products,4
R002632,8,7.74,the product quality is stable and trustworthy,0
R002633,8,8.06,portable packaging is useful for work and travel,5
R002634,7,8.08,the product quality is stable and trustworthy,0
R002635,10,9.11,quality improvement would make me repurchase more often,0
R002636,7,7.44,I compare price across platforms before purchase,1
R002637,9,7.91,I compare price across platforms before purchase,1
R002638,8,7.59,sustainability claims need to be more credible,5
R002639,9,9.82,offline availability is not always convenient,5
R002640,7,7.48,the price feels high without promotion,4
R002641,9,9.37,I prefer brands with recyclable packaging,5
R002642,8,7.58,discount bundles make me more willing to buy,3
R002643,8,7.65,the package design should show product benefits more clearly,2
R002644,9,9.42,discount bundles make me more willing to buy,3
R002645,10,10.0,offline availability is not always convenient,5
R002646,5,6.84,quality improvement would make me repurchase more often,0
R002647,3,4.41,I compare price across platforms before purchase,1
R002648,6,9.17,KOL reviews are useful but need to be authentic,5
R002649,10,9.2,portable packaging is useful for work and travel,5
R002650,10,10.0,stockouts make me switch to other brands,3
R002651,9,8.84,offline availability is not always convenient,5
R002652,7,6.75,discount bundles make me more willing to buy,3
R002653,7,7.91,stockouts make me switch to other brands,3
R002654,6,8.16,discount bundles make me more willing to buy,3
R002655,10,9.14,I care about ingredients and product safety,2
R002656,10,9.42,sustainability claims need to be more credible,5
R002657,8,8.98,the package design should show product benefits more clearly,2
R002658,10,10.0,I care about ingredients and product safety,2
R002659,8,8.51,discount bundles make me more willing to buy,3
R002660,9,8.62,membership coupons can increase repeat purchase,1
R002661,10,10.0,I care about ingredients and product safety,2
R002662,10,10.0,the price feels high without promotion,4
R002663,9,10.0,I care about ingredients and product safety,2
R002664,9,10.0,discount bundles make me more willing to buy,3
R002665,10,10.0,the packaging is convenient but could look more premium,5
R002666,10,10.0,membership coupons can increase repeat purchase,1
R002667,7,7.5,discount bundles make me more willing to buy,3
R002668,8,8.29,KOL reviews are useful but need to be authentic,5
R002669,10,9.39,KOL reviews are useful but need to be authentic,5
R002670,7,7.9,discount bundles make me more willing to buy,3
R002671,10,10.0,I care about ingredients and product safety,2
R002672,10,9.21,quality improvement would make me repurchase more often,0
R002673,6,7.75,membership coupons can increase repeat purchase,1
R002674,7,8.06,stockouts make me switch to other brands,3
R002675,7,7.58,I care about ingredients and product safety,2
R002676,8,8.84,I care about ingredients and product safety,2
R002677,10,9.94,quality improvement would make me repurchase more often,0
R002678,6,7.29,portable packaging is useful for work and travel,5
R002679,10,9.04,delivery speed affects whether I choose the brand,5
R002680,8,6.83,offline availability is not always convenient,5
R002681,3,5.43,I care about ingredients and product safety,2
R002682,8,5.7,quality improvement would make me repurchase more often,0
R002683,9,7.7,I compare price across platforms before purchase,1
R002684,7,7.71,the package design should show product benefits more clearly,2
R002685,10,10.0,stockouts make me switch to other brands,3
R002686,9,6.99,stockouts make me switch to other brands,3
R002687,7,6.8,the packaging is convenient but could look more premium,5
R002688,10,9.18,stockouts make me switch to other brands,3
R002689,10,9.77,the package design should show product benefits more clearly,2
R002690,10,10.0,I compare price across platforms before purchase,1
R002691,8,6.76,the packaging is convenient but could look more premium,5
R002692,10,9.35,quality improvement would make me repurchase more often,0
R002693,5,5.35,discount bundles make me more willing to buy,3
R002694,10,10.0,discount bundles make me more willing to buy,3
R002695,10,10.0,the package design should show product benefits more clearly,2
R002696,9,9.35,stockouts make me switch to other brands,3
R002697,6,5.86,I prefer brands with recyclable packaging,5
R002698,7,7.76,membership coupons can increase repeat purchase,1
R002699,8,9.49,stockouts make me switch to other brands,3
R002700,9,8.91,the package design should show product benefits more clearly,2
R002701,10,8.55,livestream promotion helps me discover new products,4
R002702,4,5.96,the price feels high without promotion,4
R002703,6,6.37,discount bundles make me more willing to buy,3
R002704,9,10.0,membership coupons can increase repeat purchase,1
R002705,5,5.72,the packaging is convenient but could look more premium,5
R002706,10,10.0,I care about ingredients and product safety,2
R002707,9,8.64,offline availability is not always convenient,5
R002708,10,10.0,portable packaging is useful for work and travel,5
R002709,7,8.17,delivery speed affects whether I choose the brand,5
R002710,10,10.0,livestream promotion helps me discover new products,4
R002711,5,5.41,the package design should show product benefits more clearly,2
R002712,10,9.11,the price feels high without promotion,4
R002713,8,7.26,stockouts make me switch to other brands,3
R002714,8,6.55,sustainability claims need to be more credible,5
R002715,9,10.0,the price feels high without promotion,4
R002716,6,8.8,I compare price across platforms before purchase,1
R002717,7,7.26,sustainability claims need to be more credible,5
R002718,7,5.53,membership coupons can increase repeat purchase,1
R002719,10,9.42,discount bundles make me more willing to buy,3
R002720,8,7.56,I compare price across platforms before purchase,1
R002721,9,10.0,livestream promotion helps me discover new products,4
R002722,9,9.74,stockouts make me switch to other brands,3
R002723,8,8.45,sustainability claims need to be more credible,5
R002724,3,6.21,discount bundles make me more willing to buy,3
R002725,9,8.65,the packaging is convenient but could look more premium,5
R002726,10,9.73,sustainability claims need to be more credible,5
R002727,9,9.87,the price feels high without promotion,4
R002728,8,9.47,membership coupons can increase repeat purchase,1
R002729,8,8.12,stockouts make me switch to other brands,3
R002730,10,8.89,quality improvement would make me repurchase more often,0
R002731,6,5.26,quality improvement would make me repurchase more often,0
R002732,5,4.31,the price feels high without promotion,4
R002733,7,7.76,the product quality is stable and trustworthy,0
R002734,7,5.99,livestream promotion helps me discover new products,4
R002735,10,9.97,sustainability claims need to be more credible,5
R002736,2,4.91,portable packaging is useful for work and travel,5
R002737,7,6.94,discount bundles make me more willing to buy,3
R002738,6,7.02,I compare price across platforms before purchase,1
R002739,7,7.25,membership coupons can increase repeat purchase,1
R002740,9,8.81,livestream promotion helps me discover new products,4
R002741,9,7.48,delivery speed affects whether I choose the brand,5
R002742,8,8.43,discount bundles make me more willing to buy,3
R002743,7,7.6,the price feels high without promotion,4
R002744,8,7.72,I care about ingredients and product safety,2
R002745,9,10.0,sustainability claims need to be more credible,5
R002746,8,7.5,the product quality is stable and trustworthy,0
R002747,5,6.65,I care about ingredients and product safety,2
R002748,9,8.09,offline availability is not always convenient,5
R002749,10,8.47,delivery speed affects whether I choose the brand,5
R002750,6,6.97,I care about ingredients and product safety,2
R002751,8,6.6,offline availability is not always convenient,5
R002752,7,7.0,I compare price across platforms before purchase,1
R002753,10,9.25,the packaging is convenient but could look more premium,5
R002754,7,7.34,KOL reviews are useful but need to be authentic,5
R002755,9,9.78,delivery speed affects whether I choose the brand,5
R002756,10,9.63,quality improvement would make me repurchase more often,0
R002757,10,9.42,membership coupons can increase repeat purchase,1
R002758,5,6.09,I compare price across platforms before purchase,1
R002759,9,7.92,I compare price across platforms before purchase,1
R002760,7,6.43,KOL reviews are useful but need to be authentic,5
R002761,9,8.68,stockouts make me switch to other brands,3
R002762,10,9.81,low carbon packaging would improve brand impression,5
R002763,10,9.66,low carbon packaging would improve brand impression,5
R002764,7,5.28,livestream promotion helps me discover new products,4
R002765,10,9.03,sustainability claims need to be more credible,5
R002766,9,8.0,the price feels high without promotion,4
R002767,9,8.18,the package design should show product benefits more clearly,2
R002768,7,6.57,the price feels high without promotion,4
R002769,10,10.0,the product quality is stable and trustworthy,0
R002770,10,10.0,I prefer brands with recyclable packaging,5
R002771,7,6.19,quality improvement would make me repurchase more often,0
R002772,9,10.0,livestream promotion helps me discover new products,4
R002773,9,7.54,the packaging is convenient but could look more premium,5
R002774,9,8.22,stockouts make me switch to other brands,3
R002775,10,9.67,discount bundles make me more willing to buy,3
R002776,10,9.99,KOL reviews are useful but need to be authentic,5
R002777,7,7.07,KOL reviews are useful but need to be authentic,5
R002778,10,10.0,low carbon packaging would improve brand impression,5
R002779,8,8.83,stockouts make me switch to other brands,3
R002780,5,6.2,the product quality is stable and trustworthy,0
R002781,10,8.26,stockouts make me switch to other brands,3
R002782,9,8.96,low carbon packaging would improve brand impression,5
R002783,7,6.99,the package design should show product benefits more clearly,2
R002784,10,9.67,portable packaging is useful for work and travel,5
R002785,10,10.0,membership coupons can increase repeat purchase,1
R002786,7,5.95,the packaging is convenient but could look more premium,5
R002787,7,7.6,the packaging is convenient but could look more premium,5
R002788,10,10.0,sustainability claims need to be more credible,5
R002789,10,10.0,quality improvement would make me repurchase more often,0
R002790,7,7.53,I prefer brands with recyclable packaging,5
R002791,7,6.58,livestream promotion helps me discover new products,4
R002792,9,9.34,I care about ingredients and product safety,2
R002793,10,9.01,delivery speed affects whether I choose the brand,5
R002794,6,7.49,offline availability is not always convenient,5
R002795,7,8.26,KOL reviews are useful but need to be authentic,5
R002796,10,9.45,membership coupons can increase repeat purchase,1
R002797,10,9.77,the package design should show product benefits more clearly,2
R002798,9,8.81,sustainability claims need to be more credible,5
R002799,7,7.52,quality improvement would make me repurchase more often,0
R002800,8,7.43,membership coupons can increase repeat purchase,1
R002801,10,10.0,sustainability claims need to be more credible,5
R002802,10,10.0,discount bundles make me more willing to buy,3
R002803,10,9.02,stockouts make me switch to other brands,3
R002804,6,6.06,membership coupons can increase repeat purchase,1
R002805,7,7.99,I compare price across platforms before purchase,1
R002806,7,8.49,discount bundles make me more willing to buy,3
R002807,8,9.81,the package design should show product benefits more clearly,2
R002808,10,9.9,the product quality is stable and trustworthy,0
R002809,5,5.55,low carbon packaging would improve brand impression,5
R002810,6,6.24,KOL reviews are useful but need to be authentic,5
R002811,8,9.33,I care about ingredients and product safety,2
R002812,9,8.78,I prefer brands with recyclable packaging,5
R002813,6,6.8,I care about ingredients and product safety,2
R002814,4,6.34,I care about ingredients and product safety,2
R002815,9,9.63,the product quality is stable and trustworthy,0
R002816,10,10.0,the product quality is stable and trustworthy,0
R002817,9,9.08,offline availability is not always convenient,5
R002818,7,8.12,the product quality is stable and trustworthy,0
R002819,8,10.0,quality improvement would make me repurchase more often,0
R002820,10,10.0,the packaging is convenient but could look more premium,5
R002821,8,8.96,sustainability claims need to be more credible,5
R002822,9,9.57,quality improvement would make me repurchase more often,0
R002823,9,8.83,quality improvement would make me repurchase more often,0
R002824,9,9.75,the packaging is convenient but could look more premium,5
R002825,7,8.84,the product quality is stable and trustworthy,0
R002826,9,10.0,I compare price across platforms before purchase,1
R002827,8,7.96,quality improvement would make me repurchase more often,0
R002828,10,10.0,I prefer brands with recyclable packaging,5
R002829,10,8.5,offline availability is not always convenient,5
R002830,9,9.78,I compare price across platforms before purchase,1
R002831,8,8.33,I compare price across platforms before purchase,1
R002832,10,10.0,I prefer brands with recyclable packaging,5
R002833,9,8.46,stockouts make me switch to other brands,3
R002834,7,6.85,I care about ingredients and product safety,2
R002835,8,8.32,the packaging is convenient but could look more premium,5
R002836,10,10.0,discount bundles make me more willing to buy,3
R002837,10,9.71,offline availability is not always convenient,5
R002838,5,6.69,sustainability claims need to be more credible,5
R002839,9,8.65,delivery speed affects whether I choose the brand,5
R002840,6,5.16,the product quality is stable and trustworthy,0
R002841,7,6.67,I compare price across platforms before purchase,1
R002842,10,10.0,livestream promotion helps me discover new products,4
R002843,9,10.0,portable packaging is useful for work and travel,5
R002844,10,9.14,KOL reviews are useful but need to be authentic,5
R002845,10,10.0,sustainability claims need to be more credible,5
R002846,9,9.0,quality improvement would make me repurchase more often,0
R002847,7,8.11,I prefer brands with recyclable packaging,5
R002848,8,7.1,delivery speed affects whether I choose the brand,5
R002849,9,10.0,the packaging is convenient but could look more premium,5
R002850,3,5.74,discount bundles make me more willing to buy,3
R002851,8,10.0,stockouts make me switch to other brands,3
R002852,10,10.0,I care about ingredients and product safety,2
R002853,8,9.62,I care about ingredients and product safety,2
R002854,9,8.75,the product quality is stable and trustworthy,0
R002855,6,6.3,KOL reviews are useful but need to be authentic,5
R002856,8,9.0,the product quality is stable and trustworthy,0
R002857,8,6.44,the price feels high without promotion,4
R002858,5,6.6,membership coupons can increase repeat purchase,1
R002859,6,5.84,discount bundles make me more willing to buy,3
R002860,7,6.97,KOL reviews are useful but need to be authentic,5
R002861,7,5.46,membership coupons can increase repeat purchase,1
R002862,9,10.0,quality improvement would make me repurchase more often,0
R002863,9,8.51,low carbon packaging would improve brand impression,5
R002864,9,10.0,low carbon packaging would improve brand impression,5
R002865,8,7.24,delivery speed affects whether I choose the brand,5
R002866,8,8.1,I care about ingredients and product safety,2
R002867,10,9.51,stockouts make me switch to other brands,3
R002868,9,8.45,quality improvement would make me repurchase more often,0
R002869,9,7.98,KOL reviews are useful but need to be authentic,5
R002870,10,9.87,membership coupons can increase repeat purchase,1
R002871,8,10.0,the package design should show product benefits more clearly,2
R002872,9,10.0,the product quality is stable and trustworthy,0
R002873,5,6.74,quality improvement would make me repurchase more often,0
R002874,7,8.15,the packaging is convenient but could look more premium,5
R002875,10,7.1,the product quality is stable and trustworthy,0
R002876,9,9.4,membership coupons can increase repeat purchase,1
R002877,9,10.0,the package design should show product benefits more clearly,2
R002878,9,8.5,membership coupons can increase repeat purchase,1
R002879,8,6.33,quality improvement would make me repurchase more often,0
R002880,7,6.85,livestream promotion helps me discover new products,4
R002881,5,6.38,the price feels high without promotion,4
R002882,9,7.86,portable packaging is useful for work and travel,5
R002883,5,6.87,membership coupons can increase repeat purchase,1
R002884,8,8.39,the package design should show product benefits more clearly,2
R002885,7,6.87,the package design should show product benefits more clearly,2
R002886,9,8.15,KOL reviews are useful but need to be authentic,5
R002887,10,10.0,the price feels high without promotion,4
R002888,8,9.13,offline availability is not always convenient,5
R002889,4,5.12,discount bundles make me more willing to buy,3
R002890,8,8.89,the package design should show product benefits more clearly,2
R002891,8,7.04,I compare price across platforms before purchase,1
R002892,8,7.39,I care about ingredients and product safety,2
R002893,6,7.63,quality improvement would make me repurchase more often,0
R002894,6,6.77,I care about ingredients and product safety,2
R002895,10,9.7,the product quality is stable and trustworthy,0
R002896,8,8.47,discount bundles make me more willing to buy,3
R002897,9,8.17,sustainability claims need to be more credible,5
R002898,7,8.91,offline availability is not always convenient,5
R002899,5,6.49,KOL reviews are useful but need to be authentic,5
R002900,8,8.25,quality improvement would make me repurchase more often,0
R002901,7,7.88,KOL reviews are useful but need to be authentic,5
R002902,3,5.51,the packaging is convenient but could look more premium,5
R002903,8,8.1,delivery speed affects whether I choose the brand,5
R002904,8,7.91,livestream promotion helps me discover new products,4
R002905,10,9.53,the package design should show product benefits more clearly,2
R002906,9,8.82,stockouts make me switch to other brands,3
R002907,6,6.23,I care about ingredients and product safety,2
R002908,6,6.39,KOL reviews are useful but need to be authentic,5
R002909,9,9.25,I care about ingredients and product safety,2
R002910,9,10.0,discount bundles make me more willing to buy,3
R002911,8,8.43,discount bundles make me more willing to buy,3
R002912,10,9.63,sustainability claims need to be more credible,5
R002913,9,10.0,portable packaging is useful for work and travel,5
R002914,4,7.31,KOL reviews are useful but need to be authentic,5
R002915,8,8.34,delivery speed affects whether I choose the brand,5
R002916,8,8.45,quality improvement would make me repurchase more often,0
R002917,10,7.22,stockouts make me switch to other brands,3
R002918,7,8.21,delivery speed affects whether I choose the brand,5
R002919,10,8.57,portable packaging is useful for work and travel,5
R002920,7,10.0,discount bundles make me more willing to buy,3
R002921,9,9.3,stockouts make me switch to other brands,3
R002922,7,8.17,KOL reviews are useful but need to be authentic,5
R002923,10,10.0,membership coupons can increase repeat purchase,1
R002924,7,6.54,offline availability is not always convenient,5
R002925,9,8.78,I compare price across platforms before purchase,1
R002926,10,10.0,the product quality is stable and trustworthy,0
R002927,7,8.63,the packaging is convenient but could look more premium,5
R002928,10,8.75,I care about ingredients and product safety,2
R002929,9,10.0,quality improvement would make me repurchase more often,0
R002930,5,6.58,portable packaging is useful for work and travel,5
R002931,7,7.22,the price feels high without promotion,4
R002932,4,4.92,the package design should show product benefits more clearly,2
R002933,9,8.81,the package design should show product benefits more clearly,2
R002934,9,9.39,I care about ingredients and product safety,2
R002935,6,5.93,discount bundles make me more willing to buy,3
R002936,6,8.53,discount bundles make me more willing to buy,3
R002937,7,7.96,delivery speed affects whether I choose the brand,5
R002938,9,9.63,quality improvement would make me repurchase more often,0
R002939,6,5.81,I care about ingredients and product safety,2
R002940,8,8.13,I compare price across platforms before purchase,1
R002941,9,8.5,stockouts make me switch to other brands,3
R002942,10,10.0,livestream promotion helps me discover new products,4
R002943,8,8.61,sustainability claims need to be more credible,5
R002944,8,9.07,the package design should show product benefits more clearly,2
R002945,10,9.77,I prefer brands with recyclable packaging,5
R002946,7,7.45,I care about ingredients and product safety,2
R002947,6,7.65,I compare price across platforms before purchase,1
R002948,6,8.7,the product quality is stable and trustworthy,0
R002949,10,9.53,offline availability is not always convenient,5
R002950,5,5.73,I compare price across platforms before purchase,1
R002951,9,8.07,quality improvement would make me repurchase more often,0
R002952,7,8.34,quality improvement would make me repurchase more often,0
R002953,9,10.0,I prefer brands with recyclable packaging,5
R002954,5,6.54,portable packaging is useful for work and travel,5
R002955,9,8.46,I care about ingredients and product safety,2
R002956,2,3.26,discount bundles make me more willing to buy,3
R002957,10,10.0,the package design should show product benefits more clearly,2
R002958,10,10.0,I prefer brands with recyclable packaging,5
R002959,10,9.84,stockouts make me switch to other brands,3
R002960,8,7.16,quality improvement would make me repurchase more often,0
R002961,10,9.48,KOL reviews are useful but need to be authentic,5
R002962,8,10.0,KOL reviews are useful but need to be authentic,5
R002963,7,6.92,the price feels high without promotion,4
R002964,8,7.46,the price feels high without promotion,4
R002965,7,8.54,stockouts make me switch to other brands,3
R002966,7,7.31,portable packaging is useful for work and travel,5
R002967,8,9.04,the packaging is convenient but could look more premium,5
R002968,8,9.26,sustainability claims need to be more credible,5
R002969,10,10.0,livestream promotion helps me discover new products,4
R002970,8,9.1,low carbon packaging would improve brand impression,5
R002971,10,9.69,membership coupons can increase repeat purchase,1
R002972,10,10.0,the product quality is stable and trustworthy,0
R002973,10,10.0,I care about ingredients and product safety,2
R002974,8,7.2,offline availability is not always convenient,5
R002975,10,10.0,offline availability is not always convenient,5
R002976,9,10.0,offline availability is not always convenient,5
R002977,8,9.79,I compare price across platforms before purchase,1
R002978,5,7.24,I compare price across platforms before purchase,1
R002979,8,7.34,KOL reviews are useful but need to be authentic,5
R002980,10,9.82,discount bundles make me more willing to buy,3
R002981,7,6.9,delivery speed affects whether I choose the brand,5
R002982,9,9.16,low carbon packaging would improve brand impression,5
R002983,6,7.3,discount bundles make me more willing to buy,3
R002984,10,9.36,the product quality is stable and trustworthy,0
R002985,8,8.01,the product quality is stable and trustworthy,0
R002986,8,8.5,the package design should show product benefits more clearly,2
R002987,10,9.09,the product quality is stable and trustworthy,0
R002988,8,7.06,stockouts make me switch to other brands,3
R002989,10,10.0,I prefer brands with recyclable packaging,5
R002990,5,7.92,the price feels high without promotion,4
R002991,10,10.0,the package design should show product benefits more clearly,2
R002992,7,6.8,the price feels high without promotion,4
R002993,8,10.0,portable packaging is useful for work and travel,5
R002994,7,7.75,I prefer brands with recyclable packaging,5
R002995,9,10.0,livestream promotion helps me discover new products,4
R002996,5,6.74,low carbon packaging would improve brand impression,5
R002997,7,6.28,the packaging is convenient but could look more premium,5
R002998,10,8.11,delivery speed affects whether I choose the brand,5
R002999,10,8.64,KOL reviews are useful but need to be authentic,5
R003000,9,8.74,the price feels high without promotion,4
R003001,5,7.25,discount bundles make me more willing to buy,3
R003002,9,9.24,I prefer brands with recyclable packaging,5
R003003,10,10.0,the packaging is convenient but could look more premium,5
R003004,6,6.86,discount bundles make me more willing to buy,3
R003005,8,8.87,stockouts make me switch to other brands,3
R003006,8,7.05,the price feels high without promotion,4
R003007,10,9.63,stockouts make me switch to other brands,3
R003008,9,7.66,discount bundles make me more willing to buy,3
R003009,6,6.38,the price feels high without promotion,4
R003010,8,8.17,the price feels high without promotion,4
R003011,10,9.91,KOL reviews are useful but need to be authentic,5
R003012,6,7.64,KOL reviews are useful but need to be authentic,5
R003013,7,6.3,the packaging is convenient but could look more premium,5
R003014,8,6.95,offline availability is not always convenient,5
R003015,7,7.41,stockouts make me switch to other brands,3
R003016,6,7.7,sustainability claims need to be more credible,5
R003017,10,9.27,membership coupons can increase repeat purchase,1
R003018,10,10.0,stockouts make me switch to other brands,3
R003019,8,8.0,I prefer brands with recyclable packaging,5
R003020,10,10.0,delivery speed affects whether I choose the brand,5
R003021,9,9.47,KOL reviews are useful but need to be authentic,5
R003022,8,8.68,I care about ingredients and product safety,2
R003023,7,8.34,the product quality is stable and trustworthy,0
R003024,7,7.94,discount bundles make me more willing to buy,3
R003025,5,6.13,stockouts make me switch to other brands,3
R003026,7,7.02,membership coupons can increase repeat purchase,1
R003027,8,7.82,the packaging is convenient but could look more premium,5
R003028,6,6.82,livestream promotion helps me discover new products,4
R003029,8,7.89,offline availability is not always convenient,5
R003030,9,8.91,portable packaging is useful for work and travel,5
R003031,10,8.96,the package design should show product benefits more clearly,2
R003032,5,6.07,sustainability claims need to be more credible,5
R003033,4,5.19,I compare price across platforms before purchase,1
R003034,7,6.86,stockouts make me switch to other brands,3
R003035,8,9.76,I compare price across platforms before purchase,1
R003036,10,8.93,low carbon packaging would improve brand impression,5
R003037,6,7.02,the price feels high without promotion,4
R003038,6,4.66,livestream promotion helps me discover new products,4
R003039,7,7.79,stockouts make me switch to other brands,3
R003040,9,9.98,stockouts make me switch to other brands,3
R003041,9,9.35,quality improvement would make me repurchase more often,0
R003042,10,9.24,livestream promotion helps me discover new products,4
R003043,8,7.39,membership coupons can increase repeat purchase,1
R003044,7,8.67,the packaging is convenient but could look more premium,5
R003045,10,9.16,stockouts make me switch to other brands,3
R003046,6,5.85,livestream promotion helps me discover new products,4
R003047,6,6.74,I care about ingredients and product safety,2
R003048,6,7.0,KOL reviews are useful but need to be authentic,5
R003049,10,10.0,the product quality is stable and trustworthy,0
R003050,9,10.0,I compare price across platforms before purchase,1
R003051,10,7.71,KOL reviews are useful but need to be authentic,5
R003052,7,9.15,I care about ingredients and product safety,2
R003053,5,7.99,I prefer brands with recyclable packaging,5
R003054,7,7.14,membership coupons can increase repeat purchase,1
R003055,9,8.75,KOL reviews are useful but need to be authentic,5
R003056,8,9.61,the product quality is stable and trustworthy,0
R003057,5,6.75,low carbon packaging would improve brand impression,5
R003058,10,10.0,the product quality is stable and trustworthy,0
R003059,6,5.49,discount bundles make me more willing to buy,3
R003060,6,7.32,the packaging is convenient but could look more premium,5
R003061,9,8.32,the package design should show product benefits more clearly,2
R003062,9,8.35,membership coupons can increase repeat purchase,1
R003063,6,7.82,I prefer brands with recyclable packaging,5
R003064,2,6.03,low carbon packaging would improve brand impression,5
R003065,7,8.32,the product quality is stable and trustworthy,0
R003066,9,10.0,low carbon packaging would improve brand impression,5
R003067,5,6.29,I compare price across platforms before purchase,1
R003068,8,8.43,quality improvement would make me repurchase more often,0
R003069,7,7.92,offline availability is not always convenient,5
R003070,8,10.0,offline availability is not always convenient,5
R003071,4,6.95,quality improvement would make me repurchase more often,0
R003072,10,9.26,livestream promotion helps me discover new products,4
R003073,5,4.13,I care about ingredients and product safety,2
R003074,7,8.24,the product quality is stable and trustworthy,0
R003075,7,7.61,I compare price across platforms before purchase,1
R003076,9,9.14,stockouts make me switch to other brands,3
R003077,10,9.57,quality improvement would make me repurchase more often,0
R003078,7,6.63,the price feels high without promotion,4
R003079,10,9.48,delivery speed affects whether I choose the brand,5
R003080,7,7.81,membership coupons can increase repeat purchase,1
R003081,7,7.28,livestream promotion helps me discover new products,4
R003082,10,8.67,stockouts make me switch to other brands,3
R003083,8,8.71,sustainability claims need to be more credible,5
R003084,5,6.04,the product quality is stable and trustworthy,0
R003085,7,7.84,offline availability is not always convenient,5
R003086,9,10.0,KOL reviews are useful but need to be authentic,5
R003087,10,8.98,I compare price across platforms before purchase,1
R003088,10,8.52,delivery speed affects whether I choose the brand,5
R003089,7,6.77,discount bundles make me more willing to buy,3
R003090,9,10.0,delivery speed affects whether I choose the brand,5
R003091,8,7.99,I compare price across platforms before purchase,1
R003092,8,8.64,offline availability is not always convenient,5
R003093,10,9.31,I care about ingredients and product safety,2
R003094,4,4.51,membership coupons can increase repeat purchase,1
R003095,10,8.39,delivery speed affects whether I choose the brand,5
R003096,8,9.12,sustainability claims need to be more credible,5
R003097,9,9.58,livestream promotion helps me discover new products,4
R003098,9,7.75,I care about ingredients and product safety,2
R003099,5,6.72,membership coupons can increase repeat purchase,1
R003100,8,10.0,discount bundles make me more willing to buy,3
R003101,8,8.03,the packaging is convenient but could look more premium,5
R003102,6,8.28,membership coupons can increase repeat purchase,1
R003103,8,8.98,membership coupons can increase repeat purchase,1
R003104,10,10.0,discount bundles make me more willing to buy,3
R003105,9,9.14,sustainability claims need to be more credible,5
R003106,7,8.79,I prefer brands with recyclable packaging,5
R003107,10,9.76,membership coupons can increase repeat purchase,1
R003108,8,8.97,quality improvement would make me repurchase more often,0
R003109,10,10.0,KOL reviews are useful but need to be authentic,5
R003110,6,7.97,the package design should show product benefits more clearly,2
R003111,10,8.49,the package design should show product benefits more clearly,2
R003112,10,9.0,membership coupons can increase repeat purchase,1
R003113,10,10.0,livestream promotion helps me discover new products,4
R003114,9,10.0,offline availability is not always convenient,5
R003115,9,8.8,the price feels high without promotion,4
R003116,10,8.97,offline availability is not always convenient,5
R003117,6,6.35,the packaging is convenient but could look more premium,5
R003118,10,7.85,portable packaging is useful for work and travel,5
R003119,5,6.62,the price feels high without promotion,4
R003120,9,9.68,I care about ingredients and product safety,2
R003121,8,9.26,membership coupons can increase repeat purchase,1
R003122,9,10.0,I prefer brands with recyclable packaging,5
R003123,8,8.41,the packaging is convenient but could look more premium,5
R003124,7,6.53,I compare price across platforms before purchase,1
R003125,7,6.87,KOL reviews are useful but need to be authentic,5
R003126,10,7.87,the price feels high without promotion,4
R003127,6,5.92,I compare price across platforms before purchase,1
R003128,10,9.77,offline availability is not always convenient,5
R003129,9,8.73,stockouts make me switch to other brands,3
R003130,8,7.3,KOL reviews are useful but need to be authentic,5
R003131,10,8.77,delivery speed affects whether I choose the brand,5
R003132,3,5.82,the price feels high without promotion,4
R003133,10,9.16,sustainability claims need to be more credible,5
R003134,8,8.17,stockouts make me switch to other brands,3
R003135,10,9.56,the product quality is stable and trustworthy,0
R003136,6,7.91,I compare price across platforms before purchase,1
R003137,8,10.0,portable packaging is useful for work and travel,5
R003138,4,5.33,low carbon packaging would improve brand impression,5
R003139,10,10.0,discount bundles make me more willing to buy,3
R003140,7,8.11,KOL reviews are useful but need to be authentic,5
R003141,9,9.79,sustainability claims need to be more credible,5
R003142,10,8.95,the packaging is convenient but could look more premium,5
R003143,6,5.71,I compare price across platforms before purchase,1
R003144,9,10.0,I compare price across platforms before purchase,1
R003145,10,9.78,discount bundles make me more willing to buy,3
R003146,10,9.26,offline availability is not always convenient,5
R003147,8,8.49,stockouts make me switch to other brands,3
R003148,6,9.02,the package design should show product benefits more clearly,2
R003149,10,8.3,I care about ingredients and product safety,2
R003150,7,9.11,I care about ingredients and product safety,2
R003151,5,7.59,livestream promotion helps me discover new products,4
R003152,5,5.56,discount bundles make me more willing to buy,3
R003153,7,7.18,delivery speed affects whether I choose the brand,5
R003154,6,6.89,I compare price across platforms before purchase,1
R003155,10,10.0,KOL reviews are useful but need to be authentic,5
R003156,8,7.52,discount bundles make me more willing to buy,3
R003157,10,10.0,livestream promotion helps me discover new products,4
R003158,8,6.97,I care about ingredients and product safety,2
R003159,9,10.0,membership coupons can increase repeat purchase,1
R003160,10,8.87,delivery speed affects whether I choose the brand,5
R003161,10,8.5,I care about ingredients and product safety,2
R003162,10,10.0,quality improvement would make me repurchase more often,0
R003163,10,10.0,the product quality is stable and trustworthy,0
R003164,6,7.06,stockouts make me switch to other brands,3
R003165,5,6.54,quality improvement would make me repurchase more often,0
R003166,6,8.16,delivery speed affects whether I choose the brand,5
R003167,10,10.0,offline availability is not always convenient,5
R003168,6,6.8,sustainability claims need to be more credible,5
R003169,10,10.0,the packaging is convenient but could look more premium,5
R003170,10,9.78,stockouts make me switch to other brands,3
R003171,9,8.89,the price feels high without promotion,4
R003172,10,10.0,portable packaging is useful for work and travel,5
R003173,5,6.31,stockouts make me switch to other brands,3
R003174,10,10.0,the packaging is convenient but could look more premium,5
R003175,8,8.89,stockouts make me switch to other brands,3
R003176,8,7.42,livestream promotion helps me discover new products,4
R003177,9,8.02,delivery speed affects whether I choose the brand,5
R003178,5,4.71,offline availability is not always convenient,5
R003179,6,4.75,membership coupons can increase repeat purchase,1
R003180,9,10.0,delivery speed affects whether I choose the brand,5
R003181,10,10.0,discount bundles make me more willing to buy,3
R003182,6,7.87,quality improvement would make me repurchase more often,0
R003183,5,4.89,I compare price across platforms before purchase,1
R003184,10,10.0,I care about ingredients and product safety,2
R003185,8,7.21,KOL reviews are useful but need to be authentic,5
R003186,9,7.73,I care about ingredients and product safety,2
R003187,5,6.11,I compare price across platforms before purchase,1
R003188,10,7.6,offline availability is not always convenient,5
R003189,10,8.28,low carbon packaging would improve brand impression,5
R003190,10,9.71,discount bundles make me more willing to buy,3
R003191,10,10.0,the packaging is convenient but could look more premium,5
R003192,7,6.52,I compare price across platforms before purchase,1
R003193,7,8.33,the package design should show product benefits more clearly,2
R003194,9,9.51,membership coupons can increase repeat purchase,1
R003195,9,8.73,sustainability claims need to be more credible,5
R003196,9,9.71,the product quality is stable and trustworthy,0
R003197,8,7.68,the packaging is convenient but could look more premium,5
R003198,7,8.33,offline availability is not always convenient,5
R003199,9,8.65,delivery speed affects whether I choose the brand,5
R003200,7,7.25,I compare price across platforms before purchase,1
R003201,8,8.02,quality improvement would make me repurchase more often,0
R003202,7,8.07,livestream promotion helps me discover new products,4
R003203,7,8.0,the packaging is convenient but could look more premium,5
R003204,7,8.56,sustainability claims need to be more credible,5
R003205,9,8.82,the product quality is stable and trustworthy,0
R003206,10,9.25,livestream promotion helps me discover new products,4
R003207,10,8.93,the product quality is stable and trustworthy,0
R003208,7,6.74,offline availability is not always convenient,5
R003209,6,8.41,I compare price across platforms before purchase,1
R003210,4,5.81,the price feels high without promotion,4
R003211,6,7.43,I prefer brands with recyclable packaging,5
R003212,8,8.83,low carbon packaging would improve brand impression,5
R003213,8,7.2,I compare price across platforms before purchase,1
R003214,8,6.17,the packaging is convenient but could look more premium,5
R003215,8,6.69,membership coupons can increase repeat purchase,1
R003216,9,10.0,KOL reviews are useful but need to be authentic,5
R003217,7,4.73,the price feels high without promotion,4
R003218,9,8.63,KOL reviews are useful but need to be authentic,5
R003219,10,10.0,the package design should show product benefits more clearly,2
R003220,7,7.51,low carbon packaging would improve brand impression,5
R003221,10,8.91,the packaging is convenient but could look more premium,5
R003222,5,7.01,stockouts make me switch to other brands,3
R003223,7,5.32,the product quality is stable and trustworthy,0
R003224,6,8.09,delivery speed affects whether I choose the brand,5
R003225,5,5.59,portable packaging is useful for work and travel,5
R003226,5,5.53,discount bundles make me more willing to buy,3
R003227,8,10.0,portable packaging is useful for work and travel,5
R003228,7,6.9,the product quality is stable and trustworthy,0
R003229,9,8.73,low carbon packaging would improve brand impression,5
R003230,9,8.0,I prefer brands with recyclable packaging,5
R003231,8,9.19,I prefer brands with recyclable packaging,5
R003232,10,10.0,delivery speed affects whether I choose the brand,5
R003233,8,7.51,I prefer brands with recyclable packaging,5
R003234,6,6.04,quality improvement would make me repurchase more often,0
R003235,10,10.0,the packaging is convenient but could look more premium,5
R003236,8,7.58,offline availability is not always convenient,5
R003237,10,9.43,low carbon packaging would improve brand impression,5
R003238,7,7.15,the packaging is convenient but could look more premium,5
R003239,7,8.23,I compare price across platforms before purchase,1
R003240,10,9.03,stockouts make me switch to other brands,3
R003241,10,8.53,portable packaging is useful for work and travel,5
R003242,8,7.75,membership coupons can increase repeat purchase,1
R003243,6,7.95,the price feels high without promotion,4
R003244,9,6.57,the package design should show product benefits more clearly,2
R003245,10,9.48,the price feels high without promotion,4
R003246,7,8.56,I care about ingredients and product safety,2
R003247,9,9.43,low carbon packaging would improve brand impression,5
R003248,10,10.0,stockouts make me switch to other brands,3
R003249,7,5.47,sustainability claims need to be more credible,5
R003250,7,7.9,discount bundles make me more willing to buy,3
R003251,6,5.47,I compare price across platforms before purchase,1
R003252,5,5.99,membership coupons can increase repeat purchase,1
R003253,9,8.93,the price feels high without promotion,4
R003254,7,7.3,delivery speed affects whether I choose the brand,5
R003255,7,7.0,the product quality is stable and trustworthy,0
R003256,7,5.72,portable packaging is useful for work and travel,5
R003257,8,7.85,I prefer brands with recyclable packaging,5
R003258,10,10.0,KOL reviews are useful but need to be authentic,5
R003259,8,9.16,quality improvement would make me repurchase more often,0
R003260,8,8.49,quality improvement would make me repurchase more often,0
R003261,9,6.41,the package design should show product benefits more clearly,2
R003262,10,9.7,membership coupons can increase repeat purchase,1
R003263,6,4.98,portable packaging is useful for work and travel,5
R003264,7,7.56,I compare price across platforms before purchase,1
R003265,8,9.6,low carbon packaging would improve brand impression,5
R003266,5,5.23,discount bundles make me more willing to buy,3
R003267,7,7.01,the product quality is stable and trustworthy,0
R003268,9,9.87,I care about ingredients and product safety,2
R003269,8,8.77,I prefer brands with recyclable packaging,5
R003270,7,8.14,quality improvement would make me repurchase more often,0
R003271,6,8.06,the product quality is stable and trustworthy,0
R003272,10,9.29,discount bundles make me more willing to buy,3
R003273,6,4.59,stockouts make me switch to other brands,3
R003274,7,7.17,quality improvement would make me repurchase more often,0
R003275,7,6.65,I compare price across platforms before purchase,1
R003276,10,10.0,the price feels high without promotion,4
R003277,7,7.7,quality improvement would make me repurchase more often,0
R003278,8,7.75,low carbon packaging would improve brand impression,5
R003279,5,5.99,discount bundles make me more willing to buy,3
R003280,7,8.79,quality improvement would make me repurchase more often,0
R003281,8,7.63,livestream promotion helps me discover new products,4
R003282,7,8.26,sustainability claims need to be more credible,5
R003283,10,10.0,stockouts make me switch to other brands,3
R003284,7,8.65,livestream promotion helps me discover new products,4
R003285,9,10.0,livestream promotion helps me discover new products,4
R003286,10,10.0,offline availability is not always convenient,5
R003287,10,10.0,low carbon packaging would improve brand impression,5
R003288,9,10.0,quality improvement would make me repurchase more often,0
R003289,9,10.0,KOL reviews are useful but need to be authentic,5
R003290,3,5.01,livestream promotion helps me discover new products,4
R003291,5,5.54,the package design should show product benefits more clearly,2
R003292,10,8.03,membership coupons can increase repeat purchase,1
R003293,10,10.0,I care about ingredients and product safety,2
R003294,5,6.42,the package design should show product benefits more clearly,2
R003295,9,8.86,I care about ingredients and product safety,2
R003296,7,8.2,offline availability is not always convenient,5
R003297,8,8.48,discount bundles make me more willing to buy,3
R003298,9,9.71,livestream promotion helps me discover new products,4
R003299,10,10.0,the price feels high without promotion,4
R003300,8,10.0,livestream promotion helps me discover new products,4
R003301,7,7.42,I compare price across platforms before purchase,1
R003302,10,9.35,the product quality is stable and trustworthy,0
R003303,6,6.88,membership coupons can increase repeat purchase,1
R003304,8,7.67,the product quality is stable and trustworthy,0
R003305,9,9.88,I compare price across platforms before purchase,1
R003306,10,9.66,the product quality is stable and trustworthy,0
R003307,10,9.01,the product quality is stable and trustworthy,0
R003308,9,7.97,the product quality is stable and trustworthy,0
R003309,8,9.49,the product quality is stable and trustworthy,0
R003310,6,7.03,delivery speed affects whether I choose the brand,5
R003311,9,7.93,the price feels high without promotion,4
R003312,8,8.5,membership coupons can increase repeat purchase,1
R003313,8,9.56,KOL reviews are useful but need to be authentic,5
R003314,10,10.0,membership coupons can increase repeat purchase,1
R003315,3,3.87,I prefer brands with recyclable packaging,5
R003316,8,8.74,delivery speed affects whether I choose the brand,5
R003317,7,6.81,discount bundles make me more willing to buy,3
R003318,8,6.57,the price feels high without promotion,4
R003319,4,5.39,discount bundles make me more willing to buy,3
R003320,6,10.0,portable packaging is useful for work and travel,5
R003321,8,8.93,I prefer brands with recyclable packaging,5
R003322,10,8.37,delivery speed affects whether I choose the brand,5
R003323,10,10.0,livestream promotion helps me discover new products,4
R003324,6,9.1,membership coupons can increase repeat purchase,1
R003325,6,8.4,I care about ingredients and product safety,2
R003326,9,10.0,the package design should show product benefits more clearly,2
R003327,8,7.38,stockouts make me switch to other brands,3
R003328,10,10.0,discount bundles make me more willing to buy,3
R003329,6,6.92,low carbon packaging would improve brand impression,5
R003330,10,9.71,discount bundles make me more willing to buy,3
R003331,9,10.0,low carbon packaging would improve brand impression,5
R003332,10,10.0,the package design should show product benefits more clearly,2
R003333,7,7.79,KOL reviews are useful but need to be authentic,5
R003334,5,3.73,I compare price across platforms before purchase,1
R003335,10,7.13,KOL reviews are useful but need to be authentic,5
R003336,9,8.78,livestream promotion helps me discover new products,4
R003337,10,9.78,KOL reviews are useful but need to be authentic,5
R003338,10,9.93,sustainability claims need to be more credible,5
R003339,10,10.0,the packaging is convenient but could look more premium,5
R003340,9,9.49,KOL reviews are useful but need to be authentic,5
R003341,6,8.36,membership coupons can increase repeat purchase,1
R003342,5,5.48,the product quality is stable and trustworthy,0
R003343,8,7.41,membership coupons can increase repeat purchase,1
R003344,8,9.41,stockouts make me switch to other brands,3
R003345,8,7.57,livestream promotion helps me discover new products,4
R003346,9,8.64,stockouts make me switch to other brands,3
R003347,9,8.34,the package design should show product benefits more clearly,2
R003348,9,9.8,the price feels high without promotion,4
R003349,10,9.66,the packaging is convenient but could look more premium,5
R003350,4,4.42,discount bundles make me more willing to buy,3
R003351,9,9.88,low carbon packaging would improve brand impression,5
R003352,8,9.17,livestream promotion helps me discover new products,4
R003353,8,10.0,the product quality is stable and trustworthy,0
R003354,10,10.0,quality improvement would make me repurchase more often,0
R003355,10,9.18,low carbon packaging would improve brand impression,5
R003356,10,9.15,delivery speed affects whether I choose the brand,5
R003357,8,8.31,I prefer brands with recyclable packaging,5
R003358,6,9.08,I care about ingredients and product safety,2
R003359,10,8.89,I care about ingredients and product safety,2
R003360,10,10.0,I care about ingredients and product safety,2
R003361,9,10.0,I care about ingredients and product safety,2
R003362,4,5.39,offline availability is not always convenient,5
R003363,7,8.06,membership coupons can increase repeat purchase,1
R003364,9,8.84,offline availability is not always convenient,5
R003365,10,10.0,discount bundles make me more willing to buy,3
R003366,10,10.0,quality improvement would make me repurchase more often,0
R003367,6,6.97,I compare price across platforms before purchase,1
R003368,7,7.25,membership coupons can increase repeat purchase,1
R003369,9,8.14,I compare price across platforms before purchase,1
R003370,10,8.67,the packaging is convenient but could look more premium,5
R003371,8,7.79,quality improvement would make me repurchase more often,0
R003372,6,6.39,the packaging is convenient but could look more premium,5
R003373,10,10.0,membership coupons can increase repeat purchase,1
R003374,8,8.36,offline availability is not always convenient,5
R003375,6,8.35,discount bundles make me more willing to buy,3
R003376,5,5.47,KOL reviews are useful but need to be authentic,5
R003377,8,6.52,the product quality is stable and trustworthy,0
R003378,7,7.23,quality improvement would make me repurchase more often,0
R003379,10,10.0,livestream promotion helps me discover new products,4
R003380,10,10.0,the price feels high without promotion,4
R003381,9,10.0,quality improvement would make me repurchase more often,0
R003382,10,10.0,offline availability is not always convenient,5
R003383,4,7.48,I compare price across platforms before purchase,1
R003384,7,7.72,offline availability is not always convenient,5
R003385,8,9.04,membership coupons can increase repeat purchase,1
R003386,8,7.09,the price feels high without promotion,4
R003387,9,9.0,delivery speed affects whether I choose the brand,5
R003388,10,9.4,delivery speed affects whether I choose the brand,5
R003389,10,9.6,quality improvement would make me repurchase more often,0
R003390,8,9.12,I care about ingredients and product safety,2
R003391,4,5.21,sustainability claims need to be more credible,5
R003392,2,6.38,quality improvement would make me repurchase more often,0
R003393,9,9.51,KOL reviews are useful but need to be authentic,5
R003394,6,6.32,offline availability is not always convenient,5
R003395,9,10.0,sustainability claims need to be more credible,5
R003396,10,10.0,I prefer brands with recyclable packaging,5
R003397,8,8.91,delivery speed affects whether I choose the brand,5
R003398,5,6.43,offline availability is not always convenient,5
R003399,9,9.19,I care about ingredients and product safety,2
R003400,10,10.0,sustainability claims need to be more credible,5
R003401,10,10.0,quality improvement would make me repurchase more often,0
R003402,7,8.85,I compare price across platforms before purchase,1
R003403,8,7.69,membership coupons can increase repeat purchase,1
R003404,4,6.7,livestream promotion helps me discover new products,4
R003405,9,7.94,I compare price across platforms before purchase,1
R003406,6,7.48,I compare price across platforms before purchase,1
R003407,7,8.9,the packaging is convenient but could look more premium,5
R003408,10,10.0,quality improvement would make me repurchase more often,0
R003409,7,8.52,KOL reviews are useful but need to be authentic,5
R003410,5,5.82,offline availability is not always convenient,5
R003411,8,9.03,stockouts make me switch to other brands,3
R003412,10,8.74,I compare price across platforms before purchase,1
R003413,7,7.07,quality improvement would make me repurchase more often,0
R003414,9,8.42,the package design should show product benefits more clearly,2
R003415,5,6.56,the package design should show product benefits more clearly,2
R003416,6,7.17,I compare price across platforms before purchase,1
R003417,10,10.0,discount bundles make me more willing to buy,3
R003418,10,9.82,membership coupons can increase repeat purchase,1
R003419,10,10.0,I prefer brands with recyclable packaging,5
R003420,10,9.06,low carbon packaging would improve brand impression,5
R003421,6,8.47,I compare price across platforms before purchase,1
R003422,9,8.98,delivery speed affects whether I choose the brand,5
R003423,9,10.0,the packaging is convenient but could look more premium,5
R003424,5,7.18,the price feels high without promotion,4
R003425,8,10.0,low carbon packaging would improve brand impression,5
R003426,9,8.95,I care about ingredients and product safety,2
R003427,4,4.78,the packaging is convenient but could look more premium,5
R003428,10,10.0,I compare price across platforms before purchase,1
R003429,10,10.0,the product quality is stable and trustworthy,0
R003430,6,7.87,quality improvement would make me repurchase more often,0
R003431,9,8.39,KOL reviews are useful but need to be authentic,5
R003432,10,9.05,I compare price across platforms before purchase,1
R003433,6,8.06,portable packaging is useful for work and travel,5
R003434,4,3.99,portable packaging is useful for work and travel,5
R003435,7,7.79,KOL reviews are useful but need to be authentic,5
R003436,9,10.0,stockouts make me switch to other brands,3
R003437,4,6.12,the product quality is stable and trustworthy,0
R003438,7,8.62,the product quality is stable and trustworthy,0
R003439,8,8.74,KOL reviews are useful but need to be authentic,5
R003440,9,8.34,discount bundles make me more willing to buy,3
R003441,10,10.0,the product quality is stable and trustworthy,0
R003442,10,8.07,the price feels high without promotion,4
R003443,6,5.54,discount bundles make me more willing to buy,3
R003444,9,8.58,the price feels high without promotion,4
R003445,7,6.96,I care about ingredients and product safety,2
R003446,5,6.11,membership coupons can increase repeat purchase,1
R003447,9,9.04,discount bundles make me more willing to buy,3
R003448,8,10.0,the price feels high without promotion,4
R003449,10,7.98,I compare price across platforms before purchase,1
R003450,9,9.8,KOL reviews are useful but need to be authentic,5
R003451,10,9.71,sustainability claims need to be more credible,5
R003452,10,9.38,low carbon packaging would improve brand impression,5
R003453,5,7.19,the price feels high without promotion,4
R003454,5,6.1,delivery speed affects whether I choose the brand,5
R003455,6,4.78,discount bundles make me more willing to buy,3
R003456,8,9.21,I prefer brands with recyclable packaging,5
R003457,7,6.98,offline availability is not always convenient,5
R003458,6,7.06,membership coupons can increase repeat purchase,1
R003459,6,8.56,discount bundles make me more willing to buy,3
R003460,7,7.26,KOL reviews are useful but need to be authentic,5
R003461,5,6.51,discount bundles make me more willing to buy,3
R003462,7,6.56,low carbon packaging would improve brand impression,5
R003463,6,7.65,stockouts make me switch to other brands,3
R003464,5,6.67,delivery speed affects whether I choose the brand,5
R003465,8,8.19,discount bundles make me more willing to buy,3
R003466,4,3.69,quality improvement would make me repurchase more often,0
R003467,7,6.99,quality improvement would make me repurchase more often,0
R003468,9,8.17,low carbon packaging would improve brand impression,5
R003469,8,8.3,delivery speed affects whether I choose the brand,5
R003470,7,7.87,stockouts make me switch to other brands,3
R003471,7,7.99,sustainability claims need to be more credible,5
R003472,9,7.92,I care about ingredients and product safety,2
R003473,5,6.86,I compare price across platforms before purchase,1
R003474,7,8.96,quality improvement would make me repurchase more often,0
R003475,10,9.26,discount bundles make me more willing to buy,3
R003476,8,8.7,the price feels high without promotion,4
R003477,4,7.19,sustainability claims need to be more credible,5
R003478,9,9.41,the price feels high without promotion,4
R003479,10,10.0,quality improvement would make me repurchase more often,0
R003480,10,9.74,the product quality is stable and trustworthy,0
R003481,10,10.0,delivery speed affects whether I choose the brand,5
R003482,8,8.34,I compare price across platforms before purchase,1
R003483,8,8.71,membership coupons can increase repeat purchase,1
R003484,10,8.3,membership coupons can increase repeat purchase,1
R003485,10,10.0,low carbon packaging would improve brand impression,5
R003486,10,9.52,stockouts make me switch to other brands,3
R003487,10,10.0,sustainability claims need to be more credible,5
R003488,5,5.17,livestream promotion helps me discover new products,4
R003489,7,8.64,membership coupons can increase repeat purchase,1
R003490,6,7.08,discount bundles make me more willing to buy,3
R003491,10,10.0,low carbon packaging would improve brand impression,5
R003492,10,10.0,livestream promotion helps me discover new products,4
R003493,9,10.0,discount bundles make me more willing to buy,3
R003494,10,7.49,discount bundles make me more willing to buy,3
R003495,6,5.69,delivery speed affects whether I choose the brand,5
R003496,10,9.95,the price feels high without promotion,4
R003497,7,6.86,delivery speed affects whether I choose the brand,5
R003498,7,7.19,I compare price across platforms before purchase,1
R003499,10,10.0,the packaging is convenient but could look more premium,5
R003500,7,7.85,portable packaging is useful for work and travel,5
R003501,6,7.59,delivery speed affects whether I choose the brand,5
R003502,9,8.9,membership coupons can increase repeat purchase,1
R003503,10,10.0,sustainability claims need to be more credible,5
R003504,10,9.93,the package design should show product benefits more clearly,2
R003505,10,10.0,delivery speed affects whether I choose the brand,5
R003506,5,6.34,KOL reviews are useful but need to be authentic,5
R003507,10,10.0,KOL reviews are useful but need to be authentic,5
R003508,10,9.03,offline availability is not always convenient,5
R003509,5,6.25,the package design should show product benefits more clearly,2
R003510,8,9.28,KOL reviews are useful but need to be authentic,5
R003511,9,9.8,the price feels high without promotion,4
R003512,8,9.54,the product quality is stable and trustworthy,0
R003513,9,8.71,KOL reviews are useful but need to be authentic,5
R003514,9,10.0,I care about ingredients and product safety,2
R003515,8,8.68,membership coupons can increase repeat purchase,1
R003516,9,9.24,portable packaging is useful for work and travel,5
R003517,7,7.85,low carbon packaging would improve brand impression,5
R003518,9,10.0,offline availability is not always convenient,5
R003519,10,10.0,offline availability is not always convenient,5
R003520,9,8.51,delivery speed affects whether I choose the brand,5
R003521,10,10.0,offline availability is not always convenient,5
R003522,9,10.0,I compare price across platforms before purchase,1
R003523,10,9.89,low carbon packaging would improve brand impression,5
R003524,6,5.41,the price feels high without promotion,4
R003525,10,9.8,I care about ingredients and product safety,2
R003526,9,10.0,I prefer brands with recyclable packaging,5
R003527,9,9.06,quality improvement would make me repurchase more often,0
R003528,8,7.29,I prefer brands with recyclable packaging,5
R003529,7,7.46,quality improvement would make me repurchase more often,0
R003530,6,9.21,stockouts make me switch to other brands,3
R003531,8,8.58,KOL reviews are useful but need to be authentic,5
R003532,6,6.05,the price feels high without promotion,4
R003533,8,8.78,I care about ingredients and product safety,2
R003534,10,10.0,quality improvement would make me repurchase more often,0
R003535,8,8.04,delivery speed affects whether I choose the brand,5
R003536,7,8.65,the price feels high without promotion,4
R003537,7,8.02,discount bundles make me more willing to buy,3
R003538,9,10.0,delivery speed affects whether I choose the brand,5
R003539,4,4.95,I compare price across platforms before purchase,1
R003540,7,7.34,the packaging is convenient but could look more premium,5
R003541,10,8.74,offline availability is not always convenient,5
R003542,5,7.09,the product quality is stable and trustworthy,0
R003543,7,8.31,KOL reviews are useful but need to be authentic,5
R003544,10,9.22,stockouts make me switch to other brands,3
R003545,7,8.51,quality improvement would make me repurchase more often,0
R003546,10,9.72,portable packaging is useful for work and travel,5
R003547,9,8.87,I care about ingredients and product safety,2
R003548,9,10.0,offline availability is not always convenient,5
R003549,6,5.97,stockouts make me switch to other brands,3
R003550,7,7.0,discount bundles make me more willing to buy,3
R003551,7,6.44,KOL reviews are useful but need to be authentic,5
R003552,8,7.55,I compare price across platforms before purchase,1
R003553,9,10.0,delivery speed affects whether I choose the brand,5
R003554,5,5.39,the product quality is stable and trustworthy,0
R003555,8,8.58,KOL reviews are useful but need to be authentic,5
R003556,7,9.28,the package design should show product benefits more clearly,2
R003557,5,5.3,I compare price across platforms before purchase,1
R003558,10,9.54,sustainability claims need to be more credible,5
R003559,9,8.62,discount bundles make me more willing to buy,3
R003560,8,9.01,low carbon packaging would improve brand impression,5
R003561,10,10.0,livestream promotion helps me discover new products,4
R003562,6,5.7,livestream promotion helps me discover new products,4
R003563,8,8.62,delivery speed affects whether I choose the brand,5
R003564,10,9.54,KOL reviews are useful but need to be authentic,5
R003565,10,8.78,sustainability claims need to be more credible,5
R003566,9,8.72,stockouts make me switch to other brands,3
R003567,7,7.06,the product quality is stable and trustworthy,0
R003568,9,10.0,quality improvement would make me repurchase more often,0
R003569,10,9.02,portable packaging is useful for work and travel,5
R003570,10,10.0,membership coupons can increase repeat purchase,1
R003571,9,10.0,portable packaging is useful for work and travel,5
R003572,7,7.48,I compare price across platforms before purchase,1
R003573,8,8.76,discount bundles make me more willing to buy,3
R003574,8,7.1,I compare price across platforms before purchase,1
R003575,5,5.99,I compare price across platforms before purchase,1
R003576,4,8.4,I compare price across platforms before purchase,1
R003577,9,8.77,KOL reviews are useful but need to be authentic,5
R003578,7,6.95,discount bundles make me more willing to buy,3
R003579,9,9.02,discount bundles make me more willing to buy,3
R003580,8,8.8,quality improvement would make me repurchase more often,0
R003581,10,10.0,I prefer brands with recyclable packaging,5
R003582,9,8.68,delivery speed affects whether I choose the brand,5
R003583,6,9.31,delivery speed affects whether I choose the brand,5
R003584,7,8.17,livestream promotion helps me discover new products,4
R003585,8,7.17,discount bundles make me more willing to buy,3
R003586,7,7.92,delivery speed affects whether I choose the brand,5
R003587,7,8.56,sustainability claims need to be more credible,5
R003588,6,7.99,stockouts make me switch to other brands,3
R003589,10,9.4,the package design should show product benefits more clearly,2
R003590,9,9.13,membership coupons can increase repeat purchase,1
R003591,10,10.0,the price feels high without promotion,4
R003592,10,9.89,quality improvement would make me repurchase more often,0
R003593,10,9.67,sustainability claims need to be more credible,5
R003594,10,7.66,the price feels high without promotion,4
R003595,7,8.8,the package design should show product benefits more clearly,2
R003596,9,8.57,portable packaging is useful for work and travel,5
R003597,8,8.15,the product quality is stable and trustworthy,0
R003598,8,8.5,stockouts make me switch to other brands,3
R003599,10,8.58,membership coupons can increase repeat purchase,1
R003600,5,6.5,discount bundles make me more willing to buy,3
R003601,10,8.92,delivery speed affects whether I choose the brand,5
R003602,5,7.44,portable packaging is useful for work and travel,5
R003603,10,8.69,I care about ingredients and product safety,2
R003604,7,6.78,offline availability is not always convenient,5
R003605,10,10.0,the package design should show product benefits more clearly,2
R003606,6,8.47,membership coupons can increase repeat purchase,1
R003607,6,7.94,I care about ingredients and product safety,2
R003608,7,6.73,portable packaging is useful for work and travel,5
R003609,8,8.04,discount bundles make me more willing to buy,3
R003610,10,10.0,I prefer brands with recyclable packaging,5
R003611,7,7.77,delivery speed affects whether I choose the brand,5
R003612,7,8.58,the price feels high without promotion,4
R003613,7,7.7,livestream promotion helps me discover new products,4
R003614,6,6.25,KOL reviews are useful but need to be authentic,5
R003615,10,8.76,discount bundles make me more willing to buy,3
R003616,9,9.44,the price feels high without promotion,4
R003617,9,8.01,quality improvement would make me repurchase more often,0
R003618,9,10.0,the packaging is convenient but could look more premium,5
R003619,6,7.03,livestream promotion helps me discover new products,4
R003620,5,6.14,the price feels high without promotion,4
R003621,8,7.94,the product quality is stable and trustworthy,0
R003622,10,10.0,sustainability claims need to be more credible,5
R003623,8,8.68,low carbon packaging would improve brand impression,5
R003624,6,6.81,I care about ingredients and product safety,2
R003625,10,9.54,low carbon packaging would improve brand impression,5
R003626,7,7.08,the product quality is stable and trustworthy,0
R003627,8,8.02,portable packaging is useful for work and travel,5
R003628,9,8.61,portable packaging is useful for work and travel,5
R003629,9,6.75,the price feels high without promotion,4
R003630,10,10.0,quality improvement would make me repurchase more often,0
R003631,9,9.94,I care about ingredients and product safety,2
R003632,9,9.16,the packaging is convenient but could look more premium,5
R003633,8,8.28,KOL reviews are useful but need to be authentic,5
R003634,4,5.16,membership coupons can increase repeat purchase,1
R003635,6,7.9,KOL reviews are useful but need to be authentic,5
R003636,6,8.26,I compare price across platforms before purchase,1
R003637,5,6.87,I care about ingredients and product safety,2
R003638,8,10.0,livestream promotion helps me discover new products,4
R003639,7,8.51,stockouts make me switch to other brands,3
R003640,7,8.03,KOL reviews are useful but need to be authentic,5
R003641,5,6.92,the package design should show product benefits more clearly,2
R003642,6,7.06,the product quality is stable and trustworthy,0
R003643,7,10.0,the product quality is stable and trustworthy,0
R003644,6,5.02,discount bundles make me more willing to buy,3
R003645,7,7.25,offline availability is not always convenient,5
R003646,10,9.93,the package design should show product benefits more clearly,2
R003647,10,10.0,discount bundles make me more willing to buy,3
R003648,10,8.37,discount bundles make me more willing to buy,3
R003649,10,10.0,livestream promotion helps me discover new products,4
R003650,9,8.89,offline availability is not always convenient,5
R003651,9,9.41,quality improvement would make me repurchase more often,0
R003652,7,9.67,delivery speed affects whether I choose the brand,5
R003653,8,6.79,discount bundles make me more willing to buy,3
R003654,7,7.81,offline availability is not always convenient,5
R003655,6,6.92,the price feels high without promotion,4
R003656,10,10.0,membership coupons can increase repeat purchase,1
R003657,7,7.57,discount bundles make me more willing to buy,3
R003658,10,8.97,offline availability is not always convenient,5
R003659,10,9.36,I care about ingredients and product safety,2
R003660,6,5.62,low carbon packaging would improve brand impression,5
R003661,6,6.9,livestream promotion helps me discover new products,4
R003662,10,8.23,offline availability is not always convenient,5
R003663,10,8.85,livestream promotion helps me discover new products,4
R003664,6,6.63,I care about ingredients and product safety,2
R003665,9,10.0,I care about ingredients and product safety,2
R003666,10,9.32,the price feels high without promotion,4
R003667,10,9.71,offline availability is not always convenient,5
R003668,9,8.57,delivery speed affects whether I choose the brand,5
R003669,6,5.58,membership coupons can increase repeat purchase,1
R003670,9,9.1,sustainability claims need to be more credible,5
R003671,5,5.96,discount bundles make me more willing to buy,3
R003672,10,7.11,offline availability is not always convenient,5
R003673,6,6.83,portable packaging is useful for work and travel,5
R003674,10,9.56,I compare price across platforms before purchase,1
R003675,10,8.3,sustainability claims need to be more credible,5
R003676,10,10.0,the product quality is stable and trustworthy,0
R003677,7,8.03,low carbon packaging would improve brand impression,5
R003678,5,7.56,I prefer brands with recyclable packaging,5
R003679,10,10.0,I compare price across platforms before purchase,1
R003680,9,9.59,quality improvement would make me repurchase more often,0
R003681,10,8.85,low carbon packaging would improve brand impression,5
R003682,4,6.06,the price feels high without promotion,4
R003683,9,8.99,I prefer brands with recyclable packaging,5
R003684,8,8.21,I care about ingredients and product safety,2
R003685,9,8.55,the product quality is stable and trustworthy,0
R003686,9,9.59,offline availability is not always convenient,5
R003687,8,8.16,delivery speed affects whether I choose the brand,5
R003688,10,8.84,portable packaging is useful for work and travel,5
R003689,7,8.17,the packaging is convenient but could look more premium,5
R003690,6,6.17,quality improvement would make me repurchase more often,0
R003691,6,7.34,I compare price across platforms before purchase,1
R003692,7,7.72,I prefer brands with recyclable packaging,5
R003693,7,7.56,offline availability is not always convenient,5
R003694,10,10.0,the product quality is stable and trustworthy,0
R003695,8,7.54,I compare price across platforms before purchase,1
R003696,10,9.92,I care about ingredients and product safety,2
R003697,6,6.18,discount bundles make me more willing to buy,3
R003698,9,10.0,the product quality is stable and trustworthy,0
R003699,5,6.4,KOL reviews are useful but need to be authentic,5
R003700,6,7.46,discount bundles make me more willing to buy,3
R003701,5,8.12,sustainability claims need to be more credible,5
R003702,8,8.41,I compare price across platforms before purchase,1
R003703,9,10.0,I prefer brands with recyclable packaging,5
R003704,9,9.45,I care about ingredients and product safety,2
R003705,10,8.96,KOL reviews are useful but need to be authentic,5
R003706,10,9.97,low carbon packaging would improve brand impression,5
R003707,8,8.75,KOL reviews are useful but need to be authentic,5
R003708,10,8.84,sustainability claims need to be more credible,5
R003709,10,8.73,KOL reviews are useful but need to be authentic,5
R003710,10,10.0,offline availability is not always convenient,5
R003711,10,9.7,the packaging is convenient but could look more premium,5
R003712,5,7.44,the price feels high without promotion,4
R003713,7,7.35,membership coupons can increase repeat purchase,1
R003714,9,8.75,delivery speed affects whether I choose the brand,5
R003715,10,9.44,KOL reviews are useful but need to be authentic,5
R003716,10,9.04,I care about ingredients and product safety,2
R003717,9,8.72,I compare price across platforms before purchase,1
R003718,9,8.1,livestream promotion helps me discover new products,4
R003719,10,9.4,low carbon packaging would improve brand impression,5
R003720,9,9.14,the product quality is stable and trustworthy,0
R003721,10,10.0,portable packaging is useful for work and travel,5
R003722,7,8.36,the package design should show product benefits more clearly,2
R003723,7,7.83,the price feels high without promotion,4
R003724,7,7.92,membership coupons can increase repeat purchase,1
R003725,10,9.35,membership coupons can increase repeat purchase,1
R003726,6,7.83,membership coupons can increase repeat purchase,1
R003727,9,9.41,offline availability is not always convenient,5
R003728,5,6.26,low carbon packaging would improve brand impression,5
R003729,7,9.4,I care about ingredients and product safety,2
R003730,10,10.0,offline availability is not always convenient,5
R003731,10,8.9,livestream promotion helps me discover new products,4
R003732,5,7.46,sustainability claims need to be more credible,5
R003733,8,9.0,I care about ingredients and product safety,2
R003734,7,5.68,low carbon packaging would improve brand impression,5
R003735,9,10.0,I care about ingredients and product safety,2
R003736,9,10.0,the product quality is stable and trustworthy,0
R003737,7,8.18,discount bundles make me more willing to buy,3
R003738,1,3.3,membership coupons can increase repeat purchase,1
R003739,9,10.0,I care about ingredients and product safety,2
R003740,7,8.4,quality improvement would make me repurchase more often,0
R003741,7,6.81,quality improvement would make me repurchase more often,0
R003742,9,8.52,stockouts make me switch to other brands,3
R003743,8,7.63,portable packaging is useful for work and travel,5
R003744,8,7.65,the price feels high without promotion,4
R003745,8,8.24,delivery speed affects whether I choose the brand,5
R003746,6,7.69,the price feels high without promotion,4
R003747,10,9.16,membership coupons can increase repeat purchase,1
R003748,10,9.32,discount bundles make me more willing to buy,3
R003749,8,8.82,quality improvement would make me repurchase more often,0
R003750,8,8.92,membership coupons can increase repeat purchase,1
R003751,6,8.39,quality improvement would make me repurchase more often,0
R003752,4,5.93,membership coupons can increase repeat purchase,1
R003753,7,8.11,delivery speed affects whether I choose the brand,5
R003754,10,10.0,livestream promotion helps me discover new products,4
R003755,8,8.48,sustainability claims need to be more credible,5
R003756,7,7.52,portable packaging is useful for work and travel,5
R003757,10,10.0,I care about ingredients and product safety,2
R003758,8,9.79,livestream promotion helps me discover new products,4
R003759,10,8.6,I compare price across platforms before purchase,1
R003760,5,3.21,I care about ingredients and product safety,2
R003761,8,7.13,KOL reviews are useful but need to be authentic,5
R003762,9,8.07,low carbon packaging would improve brand impression,5
R003763,6,5.81,I compare price across platforms before purchase,1
R003764,3,4.34,the price feels high without promotion,4
R003765,6,8.11,I compare price across platforms before purchase,1
R003766,7,7.06,livestream promotion helps me discover new products,4
R003767,10,10.0,I care about ingredients and product safety,2
R003768,8,8.55,quality improvement would make me repurchase more often,0
R003769,10,8.69,I care about ingredients and product safety,2
R003770,10,8.72,the packaging is convenient but could look more premium,5
R003771,9,9.31,I prefer brands with recyclable packaging,5
R003772,9,9.85,the packaging is convenient but could look more premium,5
R003773,8,8.64,delivery speed affects whether I choose the brand,5
R003774,5,5.69,the price feels high without promotion,4
R003775,8,10.0,I care about ingredients and product safety,2
R003776,8,7.82,portable packaging is useful for work and travel,5
R003777,7,8.07,sustainability claims need to be more credible,5
R003778,8,8.19,membership coupons can increase repeat purchase,1
R003779,10,8.82,I care about ingredients and product safety,2
R003780,7,5.59,KOL reviews are useful but need to be authentic,5
R003781,9,8.32,the packaging is convenient but could look more premium,5
R003782,9,8.11,I care about ingredients and product safety,2
R003783,10,10.0,I care about ingredients and product safety,2
R003784,5,4.26,I prefer brands with recyclable packaging,5
R003785,8,9.26,discount bundles make me more willing to buy,3
R003786,8,8.25,stockouts make me switch to other brands,3
R003787,9,6.9,discount bundles make me more willing to buy,3
R003788,7,7.43,low carbon packaging would improve brand impression,5
R003789,9,8.54,KOL reviews are useful but need to be authentic,5
R003790,10,8.55,membership coupons can increase repeat purchase,1
R003791,10,9.26,low carbon packaging would improve brand impression,5
R003792,10,9.86,stockouts make me switch to other brands,3
R003793,6,6.34,discount bundles make me more willing to buy,3
R003794,6,6.52,portable packaging is useful for work and travel,5
R003795,10,10.0,the product quality is stable and trustworthy,0
R003796,9,9.67,I prefer brands with recyclable packaging,5
R003797,6,6.5,membership coupons can increase repeat purchase,1
R003798,8,9.3,quality improvement would make me repurchase more often,0
R003799,10,10.0,I prefer brands with recyclable packaging,5
R003800,5,6.82,KOL reviews are useful but need to be authentic,5
R003801,5,7.35,low carbon packaging would improve brand impression,5
R003802,10,8.84,portable packaging is useful for work and travel,5
R003803,9,10.0,offline availability is not always convenient,5
R003804,10,8.69,I care about ingredients and product safety,2
R003805,9,9.66,membership coupons can increase repeat purchase,1
R003806,8,8.36,delivery speed affects whether I choose the brand,5
R003807,6,6.02,the product quality is stable and trustworthy,0
R003808,10,9.31,I care about ingredients and product safety,2
R003809,10,9.66,the packaging is convenient but could look more premium,5
R003810,10,9.86,I care about ingredients and product safety,2
R003811,10,8.02,portable packaging is useful for work and travel,5
R003812,10,9.09,delivery speed affects whether I choose the brand,5
R003813,5,5.22,discount bundles make me more willing to buy,3
R003814,6,7.35,discount bundles make me more willing to buy,3
R003815,9,9.17,quality improvement would make me repurchase more often,0
R003816,8,6.55,KOL reviews are useful but need to be authentic,5
R003817,7,7.05,the price feels high without promotion,4
R003818,10,10.0,I compare price across platforms before purchase,1
R003819,9,9.09,I prefer brands with recyclable packaging,5
R003820,10,10.0,portable packaging is useful for work and travel,5
R003821,7,6.76,discount bundles make me more willing to buy,3
R003822,8,9.0,the product quality is stable and trustworthy,0
R003823,10,9.27,low carbon packaging would improve brand impression,5
R003824,8,8.99,I care about ingredients and product safety,2
R003825,6,7.76,quality improvement would make me repurchase more often,0
R003826,8,9.81,delivery speed affects whether I choose the brand,5
R003827,8,7.61,the product quality is stable and trustworthy,0
R003828,10,9.53,sustainability claims need to be more credible,5
R003829,8,8.04,the packaging is convenient but could look more premium,5
R003830,7,7.9,stockouts make me switch to other brands,3
R003831,7,8.15,membership coupons can increase repeat purchase,1
R003832,6,8.5,livestream promotion helps me discover new products,4
R003833,9,10.0,I care about ingredients and product safety,2
R003834,10,9.31,the product quality is stable and trustworthy,0
R003835,5,6.04,portable packaging is useful for work and travel,5
R003836,6,6.96,KOL reviews are useful but need to be authentic,5
R003837,9,9.96,I care about ingredients and product safety,2
R003838,7,7.73,quality improvement would make me repurchase more often,0
R003839,6,7.05,livestream promotion helps me discover new products,4
R003840,7,6.46,membership coupons can increase repeat purchase,1
R003841,8,7.84,KOL reviews are useful but need to be authentic,5
R003842,6,6.96,portable packaging is useful for work and travel,5
R003843,10,9.64,livestream promotion helps me discover new products,4
R003844,10,10.0,discount bundles make me more willing to buy,3
R003845,9,9.5,quality improvement would make me repurchase more often,0
R003846,8,8.7,livestream promotion helps me discover new products,4
R003847,4,4.88,I care about ingredients and product safety,2
R003848,8,9.35,livestream promotion helps me discover new products,4
R003849,7,8.59,offline availability is not always convenient,5
R003850,4,6.15,I care about ingredients and product safety,2
R003851,10,8.0,delivery speed affects whether I choose the brand,5
R003852,6,5.73,the packaging is convenient but could look more premium,5
R003853,9,8.96,the product quality is stable and trustworthy,0
R003854,10,10.0,the product quality is stable and trustworthy,0
R003855,9,10.0,I care about ingredients and product safety,2
R003856,10,10.0,quality improvement would make me repurchase more often,0
R003857,9,10.0,membership coupons can increase repeat purchase,1
R003858,10,10.0,membership coupons can increase repeat purchase,1
R003859,9,8.96,sustainability claims need to be more credible,5
R003860,9,8.65,offline availability is not always convenient,5
R003861,8,8.72,offline availability is not always convenient,5
R003862,10,8.72,membership coupons can increase repeat purchase,1
R003863,9,7.74,KOL reviews are useful but need to be authentic,5
R003864,7,7.22,the product quality is stable and trustworthy,0
R003865,8,8.37,portable packaging is useful for work and travel,5
R003866,9,10.0,quality improvement would make me repurchase more often,0
R003867,10,10.0,the price feels high without promotion,4
R003868,8,8.45,delivery speed affects whether I choose the brand,5
R003869,10,8.87,membership coupons can increase repeat purchase,1
R003870,8,8.48,I care about ingredients and product safety,2
R003871,9,8.62,KOL reviews are useful but need to be authentic,5
R003872,9,9.79,I care about ingredients and product safety,2
R003873,8,8.7,stockouts make me switch to other brands,3
R003874,7,6.98,the product quality is stable and trustworthy,0
R003875,9,8.37,delivery speed affects whether I choose the brand,5
R003876,10,9.64,quality improvement would make me repurchase more often,0
R003877,7,8.08,offline availability is not always convenient,5
R003878,7,8.05,I compare price across platforms before purchase,1
R003879,7,6.69,membership coupons can increase repeat purchase,1
R003880,10,9.01,delivery speed affects whether I choose the brand,5
R003881,9,9.42,I care about ingredients and product safety,2
R003882,7,7.46,discount bundles make me more willing to buy,3
R003883,10,9.09,offline availability is not always convenient,5
R003884,7,7.75,the price feels high without promotion,4
R003885,9,10.0,the price feels high without promotion,4
R003886,10,9.78,livestream promotion helps me discover new products,4
R003887,10,9.3,stockouts make me switch to other brands,3
R003888,8,9.21,I compare price across platforms before purchase,1
R003889,4,6.26,the product quality is stable and trustworthy,0
R003890,9,7.9,the price feels high without promotion,4
R003891,7,7.7,delivery speed affects whether I choose the brand,5
R003892,7,9.14,the package design should show product benefits more clearly,2
R003893,10,8.64,offline availability is not always convenient,5
R003894,8,7.78,the packaging is convenient but could look more premium,5
R003895,10,9.76,delivery speed affects whether I choose the brand,5
R003896,9,7.69,I compare price across platforms before purchase,1
R003897,7,7.95,I prefer brands with recyclable packaging,5
R003898,7,6.33,I compare price across platforms before purchase,1
R003899,8,7.58,quality improvement would make me repurchase more often,0
R003900,10,8.54,I prefer brands with recyclable packaging,5
R003901,3,3.64,I compare price across platforms before purchase,1
R003902,10,10.0,quality improvement would make me repurchase more often,0
R003903,9,9.21,the product quality is stable and trustworthy,0
R003904,10,9.2,I compare price across platforms before purchase,1
R003905,5,6.24,livestream promotion helps me discover new products,4
R003906,6,8.41,the price feels high without promotion,4
R003907,9,10.0,offline availability is not always convenient,5
R003908,7,6.47,KOL reviews are useful but need to be authentic,5
R003909,9,7.5,the package design should show product benefits more clearly,2
R003910,10,9.99,membership coupons can increase repeat purchase,1
R003911,8,6.97,I care about ingredients and product safety,2
R003912,8,8.79,the product quality is stable and trustworthy,0
R003913,5,7.2,I compare price across platforms before purchase,1
R003914,9,9.86,livestream promotion helps me discover new products,4
R003915,7,7.53,stockouts make me switch to other brands,3
R003916,5,5.17,sustainability claims need to be more credible,5
R003917,7,6.83,the price feels high without promotion,4
R003918,6,7.04,KOL reviews are useful but need to be authentic,5
R003919,9,9.79,quality improvement would make me repurchase more often,0
R003920,9,8.98,stockouts make me switch to other brands,3
R003921,8,7.42,livestream promotion helps me discover new products,4
R003922,10,7.7,I compare price across platforms before purchase,1
R003923,8,6.69,the packaging is convenient but could look more premium,5
R003924,9,9.18,offline availability is not always convenient,5
R003925,4,5.99,membership coupons can increase repeat purchase,1
R003926,6,7.57,I prefer brands with recyclable packaging,5
R003927,7,6.67,discount bundles make me more willing to buy,3
R003928,5,5.94,the price feels high without promotion,4
R003929,6,8.34,the product quality is stable and trustworthy,0
R003930,7,8.48,the product quality is stable and trustworthy,0
R003931,6,7.62,delivery speed affects whether I choose the brand,5
R003932,5,5.84,I compare price across platforms before purchase,1
R003933,7,7.24,I prefer brands with recyclable packaging,5
R003934,8,7.2,stockouts make me switch to other brands,3
R003935,4,5.83,KOL reviews are useful but need to be authentic,5
R003936,10,10.0,I care about ingredients and product safety,2
R003937,7,8.87,I compare price across platforms before purchase,1
R003938,6,6.72,I care about ingredients and product safety,2
R003939,10,10.0,the product quality is stable and trustworthy,0
R003940,5,6.66,membership coupons can increase repeat purchase,1
R003941,10,9.69,KOL reviews are useful but need to be authentic,5
R003942,9,9.72,delivery speed affects whether I choose the brand,5
R003943,7,7.96,livestream promotion helps me discover new products,4
R003944,10,10.0,the packaging is convenient but could look more premium,5
R003945,10,9.38,the price feels high without promotion,4
R003946,10,10.0,the package design should show product benefits more clearly,2
R003947,7,10.0,offline availability is not always convenient,5
R003948,10,10.0,stockouts make me switch to other brands,3
R003949,10,10.0,I prefer brands with recyclable packaging,5
R003950,10,9.43,quality improvement would make me repurchase more often,0
R003951,8,8.8,livestream promotion helps me discover new products,4
R003952,6,6.13,delivery speed affects whether I choose the brand,5
R003953,9,10.0,portable packaging is useful for work and travel,5
R003954,8,8.7,I care about ingredients and product safety,2
R003955,9,10.0,portable packaging is useful for work and travel,5
R003956,10,9.48,stockouts make me switch to other brands,3
R003957,8,8.49,the price feels high without promotion,4
R003958,10,9.52,the product quality is stable and trustworthy,0
R003959,9,9.44,the package design should show product benefits more clearly,2
R003960,8,9.13,the product quality is stable and trustworthy,0
R003961,7,8.36,quality improvement would make me repurchase more often,0
R003962,7,8.09,I prefer brands with recyclable packaging,5
R003963,2,4.41,the packaging is convenient but could look more premium,5
R003964,7,8.6,KOL reviews are useful but need to be authentic,5
R003965,9,8.61,quality improvement would make me repurchase more often,0
R003966,7,7.57,I care about ingredients and product safety,2
R003967,7,7.68,the price feels high without promotion,4
R003968,5,5.4,livestream promotion helps me discover new products,4
R003969,9,9.35,stockouts make me switch to other brands,3
R003970,6,6.59,I care about ingredients and product safety,2
R003971,9,9.17,portable packaging is useful for work and travel,5
R003972,9,10.0,quality improvement would make me repurchase more often,0
R003973,10,8.88,stockouts make me switch to other brands,3
R003974,7,6.75,stockouts make me switch to other brands,3
R003975,7,8.16,quality improvement would make me repurchase more often,0
R003976,6,6.71,discount bundles make me more willing to buy,3
R003977,7,6.57,the package design should show product benefits more clearly,2
R003978,10,8.87,KOL reviews are useful but need to be authentic,5
R003979,8,10.0,I prefer brands with recyclable packaging,5
R003980,8,8.78,livestream promotion helps me discover new products,4
R003981,7,7.83,quality improvement would make me repurchase more often,0
R003982,8,8.29,livestream promotion helps me discover new products,4
R003983,9,8.24,membership coupons can increase repeat purchase,1
R003984,10,10.0,sustainability claims need to be more credible,5
R003985,10,10.0,the package design should show product benefits more clearly,2
R003986,5,6.22,quality improvement would make me repurchase more often,0
R003987,7,8.53,the package design should show product benefits more clearly,2
R003988,9,9.55,discount bundles make me more willing to buy,3
R003989,4,6.23,quality improvement would make me repurchase more often,0
R003990,8,8.84,portable packaging is useful for work and travel,5
R003991,4,6.06,low carbon packaging would improve brand impression,5
R003992,8,8.63,portable packaging is useful for work and travel,5
R003993,7,7.26,I care about ingredients and product safety,2
R003994,9,8.9,KOL reviews are useful but need to be authentic,5
R003995,5,5.89,discount bundles make me more willing to buy,3
R003996,10,9.79,I compare price across platforms before purchase,1
R003997,6,6.02,discount bundles make me more willing to buy,3
R003998,7,6.72,discount bundles make me more willing to buy,3
R003999,9,10.0,quality improvement would make me repurchase more often,0
R004000,7,7.35,livestream promotion helps me discover new products,4
R004001,8,8.44,sustainability claims need to be more credible,5
R004002,10,8.83,discount bundles make me more willing to buy,3
R004003,7,7.12,the package design should show product benefits more clearly,2
R004004,8,8.64,discount bundles make me more willing to buy,3
R004005,10,8.34,I prefer brands with recyclable packaging,5
R004006,7,8.24,discount bundles make me more willing to buy,3
R004007,10,10.0,quality improvement would make me repurchase more often,0
R004008,7,8.86,the product quality is stable and trustworthy,0
R004009,9,9.65,portable packaging is useful for work and travel,5
R004010,4,5.93,KOL reviews are useful but need to be authentic,5
R004011,10,10.0,the package design should show product benefits more clearly,2
R004012,7,10.0,low carbon packaging would improve brand impression,5
R004013,9,8.94,quality improvement would make me repurchase more often,0
R004014,8,7.63,delivery speed affects whether I choose the brand,5
R004015,5,7.8,offline availability is not always convenient,5
R004016,6,7.26,I compare price across platforms before purchase,1
R004017,7,8.47,discount bundles make me more willing to buy,3
R004018,6,7.94,portable packaging is useful for work and travel,5
R004019,5,6.57,I compare price across platforms before purchase,1
R004020,9,9.86,the price feels high without promotion,4
R004021,10,10.0,quality improvement would make me repurchase more often,0
R004022,6,5.77,the price feels high without promotion,4
R004023,10,9.88,livestream promotion helps me discover new products,4
R004024,9,9.23,stockouts make me switch to other brands,3
R004025,9,7.69,the product quality is stable and trustworthy,0
R004026,8,6.04,low carbon packaging would improve brand impression,5
R004027,6,6.69,low carbon packaging would improve brand impression,5
R004028,9,9.51,low carbon packaging would improve brand impression,5
R004029,7,6.76,delivery speed affects whether I choose the brand,5
R004030,6,5.82,portable packaging is useful for work and travel,5
R004031,4,5.0,I compare price across platforms before purchase,1
R004032,9,7.96,KOL reviews are useful but need to be authentic,5
R004033,9,10.0,delivery speed affects whether I choose the brand,5
R004034,9,7.43,offline availability is not always convenient,5
R004035,5,5.52,sustainability claims need to be more credible,5
R004036,9,8.89,KOL reviews are useful but need to be authentic,5
R004037,7,8.01,the price feels high without promotion,4
R004038,9,8.16,offline availability is not always convenient,5
R004039,10,9.51,membership coupons can increase repeat purchase,1
R004040,8,8.03,membership coupons can increase repeat purchase,1
R004041,10,9.35,the price feels high without promotion,4
R004042,3,5.21,the price feels high without promotion,4
R004043,10,9.12,offline availability is not always convenient,5
R004044,10,10.0,the product quality is stable and trustworthy,0
R004045,9,10.0,discount bundles make me more willing to buy,3
R004046,10,9.3,sustainability claims need to be more credible,5
R004047,8,8.64,KOL reviews are useful but need to be authentic,5
R004048,9,8.71,the packaging is convenient but could look more premium,5
R004049,9,10.0,the package design should show product benefits more clearly,2
R004050,7,7.29,I prefer brands with recyclable packaging,5
R004051,10,8.1,membership coupons can increase repeat purchase,1
R004052,5,5.32,discount bundles make me more willing to buy,3
R004053,8,6.36,portable packaging is useful for work and travel,5
R004054,6,6.6,I prefer brands with recyclable packaging,5
R004055,10,9.66,the packaging is convenient but could look more premium,5
R004056,10,10.0,offline availability is not always convenient,5
R004057,10,10.0,the package design should show product benefits more clearly,2
R004058,9,9.42,the price feels high without promotion,4
R004059,6,6.82,I compare price across platforms before purchase,1
R004060,7,7.38,I care about ingredients and product safety,2
R004061,6,8.26,the packaging is convenient but could look more premium,5
R004062,7,8.07,offline availability is not always convenient,5
R004063,10,8.99,I care about ingredients and product safety,2
R004064,10,10.0,delivery speed affects whether I choose the brand,5
R004065,9,8.96,sustainability claims need to be more credible,5
R004066,9,8.1,delivery speed affects whether I choose the brand,5
R004067,9,9.09,offline availability is not always convenient,5
R004068,10,9.16,the price feels high without promotion,4
R004069,10,10.0,delivery speed affects whether I choose the brand,5
R004070,9,9.1,quality improvement would make me repurchase more often,0
R004071,8,7.02,sustainability claims need to be more credible,5
R004072,9,7.76,I prefer brands with recyclable packaging,5
R004073,8,8.08,livestream promotion helps me discover new products,4
R004074,9,9.08,the packaging is convenient but could look more premium,5
R004075,7,6.27,KOL reviews are useful but need to be authentic,5
R004076,6,7.13,discount bundles make me more willing to buy,3
R004077,6,7.87,the product quality is stable and trustworthy,0
R004078,10,10.0,the packaging is convenient but could look more premium,5
R004079,9,9.13,offline availability is not always convenient,5
R004080,6,8.77,quality improvement would make me repurchase more often,0
R004081,6,7.35,the price feels high without promotion,4
R004082,7,7.94,discount bundles make me more willing to buy,3
R004083,9,9.65,I care about ingredients and product safety,2
R004084,9,8.36,livestream promotion helps me discover new products,4
R004085,10,10.0,I care about ingredients and product safety,2
R004086,8,8.78,offline availability is not always convenient,5
R004087,8,8.51,the package design should show product benefits more clearly,2
R004088,9,9.19,the product quality is stable and trustworthy,0
R004089,10,10.0,membership coupons can increase repeat purchase,1
R004090,7,5.82,I prefer brands with recyclable packaging,5
R004091,3,5.11,discount bundles make me more willing to buy,3
R004092,10,9.97,I prefer brands with recyclable packaging,5
R004093,8,8.91,I care about ingredients and product safety,2
R004094,9,9.42,KOL reviews are useful but need to be authentic,5
R004095,6,7.89,the product quality is stable and trustworthy,0
R004096,9,8.94,the packaging is convenient but could look more premium,5
R004097,10,9.8,delivery speed affects whether I choose the brand,5
R004098,7,9.1,the price feels high without promotion,4
R004099,9,8.38,the packaging is convenient but could look more premium,5
R004100,7,8.27,I prefer brands with recyclable packaging,5
R004101,7,7.02,KOL reviews are useful but need to be authentic,5
R004102,9,9.71,quality improvement would make me repurchase more often,0
R004103,10,9.29,I prefer brands with recyclable packaging,5
R004104,7,8.08,delivery speed affects whether I choose the brand,5
R004105,9,8.99,the product quality is stable and trustworthy,0
R004106,10,10.0,I care about ingredients and product safety,2
R004107,10,10.0,the product quality is stable and trustworthy,0
R004108,9,9.61,low carbon packaging would improve brand impression,5
R004109,8,7.81,livestream promotion helps me discover new products,4
R004110,6,7.9,quality improvement would make me repurchase more often,0
R004111,9,9.2,the product quality is stable and trustworthy,0
R004112,9,8.44,low carbon packaging would improve brand impression,5
R004113,10,10.0,the product quality is stable and trustworthy,0
R004114,9,8.64,quality improvement would make me repurchase more often,0
R004115,10,9.8,I prefer brands with recyclable packaging,5
R004116,5,5.6,membership coupons can increase repeat purchase,1
R004117,10,9.72,I compare price across platforms before purchase,1
R004118,5,6.68,I compare price across platforms before purchase,1
R004119,8,8.5,livestream promotion helps me discover new products,4
R004120,10,7.81,quality improvement would make me repurchase more often,0
R004121,10,10.0,sustainability claims need to be more credible,5
R004122,10,9.54,livestream promotion helps me discover new products,4
R004123,7,8.35,membership coupons can increase repeat purchase,1
R004124,5,6.76,the product quality is stable and trustworthy,0
R004125,4,6.48,membership coupons can increase repeat purchase,1
R004126,10,10.0,low carbon packaging would improve brand impression,5
R004127,10,8.89,offline availability is not always convenient,5
R004128,9,7.09,discount bundles make me more willing to buy,3
R004129,6,7.8,the price feels high without promotion,4
R004130,8,9.22,KOL reviews are useful but need to be authentic,5
R004131,9,8.66,livestream promotion helps me discover new products,4
R004132,10,10.0,I care about ingredients and product safety,2
R004133,8,9.26,membership coupons can increase repeat purchase,1
R004134,10,8.58,I care about ingredients and product safety,2
R004135,6,7.18,sustainability claims need to be more credible,5
R004136,9,8.49,I compare price across platforms before purchase,1
R004137,9,9.27,low carbon packaging would improve brand impression,5
R004138,6,9.32,the product quality is stable and trustworthy,0
R004139,7,8.15,stockouts make me switch to other brands,3
R004140,8,8.2,the product quality is stable and trustworthy,0
R004141,8,8.12,the product quality is stable and trustworthy,0
R004142,7,8.3,I care about ingredients and product safety,2
R004143,9,7.47,livestream promotion helps me discover new products,4
R004144,9,9.97,the product quality is stable and trustworthy,0
R004145,4,5.23,the product quality is stable and trustworthy,0
R004146,10,10.0,the product quality is stable and trustworthy,0
R004147,6,8.78,the product quality is stable and trustworthy,0
R004148,5,6.22,membership coupons can increase repeat purchase,1
R004149,8,7.67,low carbon packaging would improve brand impression,5
R004150,6,7.15,I care about ingredients and product safety,2
R004151,10,10.0,sustainability claims need to be more credible,5
R004152,10,9.65,low carbon packaging would improve brand impression,5
R004153,10,8.89,quality improvement would make me repurchase more often,0
R004154,7,8.1,quality improvement would make me repurchase more often,0
R004155,10,10.0,livestream promotion helps me discover new products,4
R004156,10,9.92,KOL reviews are useful but need to be authentic,5
R004157,8,6.82,quality improvement would make me repurchase more often,0
R004158,10,9.98,the packaging is convenient but could look more premium,5
R004159,10,8.9,I care about ingredients and product safety,2
R004160,7,7.1,quality improvement would make me repurchase more often,0
R004161,9,8.64,delivery speed affects whether I choose the brand,5
R004162,6,7.48,the package design should show product benefits more clearly,2
R004163,6,6.53,delivery speed affects whether I choose the brand,5
R004164,8,10.0,the product quality is stable and trustworthy,0
R004165,9,6.87,the price feels high without promotion,4
R004166,8,8.05,portable packaging is useful for work and travel,5
R004167,6,6.31,I care about ingredients and product safety,2
R004168,10,10.0,livestream promotion helps me discover new products,4
R004169,5,5.88,stockouts make me switch to other brands,3
R004170,8,6.99,the packaging is convenient but could look more premium,5
R004171,10,10.0,livestream promotion helps me discover new products,4
R004172,10,10.0,I care about ingredients and product safety,2
R004173,9,8.73,sustainability claims need to be more credible,5
R004174,8,7.74,KOL reviews are useful but need to be authentic,5
R004175,9,10.0,quality improvement would make me repurchase more often,0
R004176,9,8.07,livestream promotion helps me discover new products,4
R004177,7,6.39,the packaging is convenient but could look more premium,5
R004178,5,5.25,discount bundles make me more willing to buy,3
R004179,6,7.71,livestream promotion helps me discover new products,4
R004180,6,5.47,I compare price across platforms before purchase,1
R004181,10,9.69,quality improvement would make me repurchase more often,0
R004182,10,10.0,low carbon packaging would improve brand impression,5
R004183,7,7.5,delivery speed affects whether I choose the brand,5
R004184,6,6.88,KOL reviews are useful but need to be authentic,5
R004185,6,5.96,discount bundles make me more willing to buy,3
R004186,6,6.53,discount bundles make me more willing to buy,3
R004187,7,6.92,quality improvement would make me repurchase more often,0
R004188,5,7.01,the price feels high without promotion,4
R004189,6,7.58,the package design should show product benefits more clearly,2
R004190,10,10.0,I care about ingredients and product safety,2
R004191,10,8.95,delivery speed affects whether I choose the brand,5
R004192,8,7.62,discount bundles make me more willing to buy,3
R004193,10,8.49,low carbon packaging would improve brand impression,5
R004194,10,8.97,the price feels high without promotion,4
R004195,10,10.0,delivery speed affects whether I choose the brand,5
R004196,9,8.15,I compare price across platforms before purchase,1
R004197,0,2.14,discount bundles make me more willing to buy,3
R004198,9,10.0,I compare price across platforms before purchase,1
R004199,9,8.66,livestream promotion helps me discover new products,4
R004200,8,7.73,stockouts make me switch to other brands,3
R004201,7,7.15,the product quality is stable and trustworthy,0
R004202,10,8.46,discount bundles make me more willing to buy,3
R004203,5,6.41,the package design should show product benefits more clearly,2
R004204,6,6.2,livestream promotion helps me discover new products,4
R004205,10,9.4,offline availability is not always convenient,5
R004206,10,10.0,quality improvement would make me repurchase more often,0
R004207,7,6.68,the packaging is convenient but could look more premium,5
R004208,10,10.0,quality improvement would make me repurchase more often,0
R004209,9,9.12,quality improvement would make me repurchase more often,0
R004210,10,9.53,I compare price across platforms before purchase,1
R004211,9,8.22,the price feels high without promotion,4
R004212,6,6.52,KOL reviews are useful but need to be authentic,5
R004213,7,7.99,the product quality is stable and trustworthy,0
R004214,10,10.0,the product quality is stable and trustworthy,0
R004215,10,8.86,stockouts make me switch to other brands,3
R004216,6,5.73,discount bundles make me more willing to buy,3
R004217,6,5.56,I compare price across platforms before purchase,1
R004218,10,9.05,delivery speed affects whether I choose the brand,5
R004219,6,7.36,sustainability claims need to be more credible,5
R004220,6,6.5,portable packaging is useful for work and travel,5
R004221,8,7.44,the product quality is stable and trustworthy,0
R004222,8,8.11,livestream promotion helps me discover new products,4
R004223,10,8.37,I care about ingredients and product safety,2
R004224,9,8.79,the package design should show product benefits more clearly,2
R004225,7,7.64,the packaging is convenient but could look more premium,5
R004226,8,8.02,sustainability claims need to be more credible,5
R004227,10,8.44,quality improvement would make me repurchase more often,0
R004228,6,6.66,the packaging is convenient but could look more premium,5
R004229,10,10.0,the price feels high without promotion,4
R004230,9,10.0,I care about ingredients and product safety,2
R004231,7,7.27,delivery speed affects whether I choose the brand,5
R004232,6,7.14,delivery speed affects whether I choose the brand,5
R004233,8,7.7,livestream promotion helps me discover new products,4
R004234,10,8.87,membership coupons can increase repeat purchase,1
R004235,5,5.27,the package design should show product benefits more clearly,2
R004236,10,9.64,discount bundles make me more willing to buy,3
R004237,8,8.11,discount bundles make me more willing to buy,3
R004238,9,8.82,livestream promotion helps me discover new products,4
R004239,10,7.49,membership coupons can increase repeat purchase,1
R004240,6,7.32,quality improvement would make me repurchase more often,0
R004241,7,7.61,membership coupons can increase repeat purchase,1
R004242,7,7.88,KOL reviews are useful but need to be authentic,5
R004243,10,10.0,delivery speed affects whether I choose the brand,5
R004244,10,10.0,the product quality is stable and trustworthy,0
R004245,9,9.46,low carbon packaging would improve brand impression,5
R004246,10,10.0,stockouts make me switch to other brands,3
R004247,2,3.29,quality improvement would make me repurchase more often,0
R004248,9,9.42,sustainability claims need to be more credible,5
R004249,8,9.97,I care about ingredients and product safety,2
R004250,9,8.23,quality improvement would make me repurchase more often,0
R004251,6,7.23,livestream promotion helps me discover new products,4
R004252,9,8.29,livestream promotion helps me discover new products,4
R004253,6,6.24,discount bundles make me more willing to buy,3
R004254,9,7.93,quality improvement would make me repurchase more often,0
R004255,10,10.0,I prefer brands with recyclable packaging,5
R004256,7,9.34,sustainability claims need to be more credible,5
R004257,10,8.84,I care about ingredients and product safety,2
R004258,9,8.7,livestream promotion helps me discover new products,4
R004259,10,10.0,the product quality is stable and trustworthy,0
R004260,5,7.52,KOL reviews are useful but need to be authentic,5
R004261,7,8.19,the package design should show product benefits more clearly,2
R004262,9,10.0,delivery speed affects whether I choose the brand,5
R004263,9,8.81,the packaging is convenient but could look more premium,5
R004264,8,7.83,livestream promotion helps me discover new products,4
R004265,7,8.06,the package design should show product benefits more clearly,2
R004266,6,5.42,discount bundles make me more willing to buy,3
R004267,5,5.91,membership coupons can increase repeat purchase,1
R004268,7,6.56,the package design should show product benefits more clearly,2
R004269,7,7.5,offline availability is not always convenient,5
R004270,6,6.65,discount bundles make me more willing to buy,3
R004271,7,7.16,I compare price across platforms before purchase,1
R004272,10,9.3,quality improvement would make me repurchase more often,0
R004273,9,8.53,offline availability is not always convenient,5
R004274,8,8.72,the packaging is convenient but could look more premium,5
R004275,9,8.76,quality improvement would make me repurchase more often,0
R004276,10,8.85,delivery speed affects whether I choose the brand,5
R004277,6,8.39,I prefer brands with recyclable packaging,5
R004278,9,7.68,I care about ingredients and product safety,2
R004279,8,8.36,the packaging is convenient but could look more premium,5
R004280,8,10.0,the price feels high without promotion,4
R004281,9,7.74,KOL reviews are useful but need to be authentic,5
R004282,9,10.0,sustainability claims need to be more credible,5
R004283,7,7.28,KOL reviews are useful but need to be authentic,5
R004284,10,9.01,membership coupons can increase repeat purchase,1
R004285,5,5.71,portable packaging is useful for work and travel,5
R004286,7,7.6,KOL reviews are useful but need to be authentic,5
R004287,8,8.25,sustainability claims need to be more credible,5
R004288,5,6.06,I care about ingredients and product safety,2
R004289,5,4.88,delivery speed affects whether I choose the brand,5
R004290,10,10.0,I care about ingredients and product safety,2
R004291,10,9.22,quality improvement would make me repurchase more often,0
R004292,9,10.0,the packaging is convenient but could look more premium,5
R004293,8,9.15,I care about ingredients and product safety,2
R004294,5,6.27,livestream promotion helps me discover new products,4
R004295,8,6.97,stockouts make me switch to other brands,3
R004296,10,8.67,the package design should show product benefits more clearly,2
R004297,10,10.0,the product quality is stable and trustworthy,0
R004298,10,10.0,I care about ingredients and product safety,2
R004299,9,9.18,low carbon packaging would improve brand impression,5
R004300,10,10.0,offline availability is not always convenient,5
R004301,5,5.36,offline availability is not always convenient,5
R004302,7,6.67,discount bundles make me more willing to buy,3
R004303,10,10.0,membership coupons can increase repeat purchase,1
R004304,7,7.14,the price feels high without promotion,4
R004305,6,7.57,discount bundles make me more willing to buy,3
R004306,9,8.13,delivery speed affects whether I choose the brand,5
R004307,6,7.43,livestream promotion helps me discover new products,4
R004308,8,6.59,KOL reviews are useful but need to be authentic,5
R004309,10,9.83,I care about ingredients and product safety,2
R004310,10,10.0,membership coupons can increase repeat purchase,1
R004311,10,10.0,I compare price across platforms before purchase,1
R004312,9,7.45,discount bundles make me more willing to buy,3
R004313,6,6.69,the package design should show product benefits more clearly,2
R004314,8,8.8,the price feels high without promotion,4
R004315,10,10.0,offline availability is not always convenient,5
R004316,6,7.05,the product quality is stable and trustworthy,0
R004317,8,8.17,delivery speed affects whether I choose the brand,5
R004318,7,6.62,offline availability is not always convenient,5
R004319,3,5.58,offline availability is not always convenient,5
R004320,9,10.0,I care about ingredients and product safety,2
R004321,6,5.9,livestream promotion helps me discover new products,4
R004322,9,8.21,stockouts make me switch to other brands,3
R004323,8,8.64,sustainability claims need to be more credible,5
R004324,7,8.24,livestream promotion helps me discover new products,4
R004325,10,10.0,stockouts make me switch to other brands,3
R004326,6,5.93,portable packaging is useful for work and travel,5
R004327,8,8.46,membership coupons can increase repeat purchase,1
R004328,8,7.98,the price feels high without promotion,4
R004329,8,8.79,the product quality is stable and trustworthy,0
R004330,8,8.19,discount bundles make me more willing to buy,3
R004331,9,10.0,delivery speed affects whether I choose the brand,5
R004332,9,8.25,I prefer brands with recyclable packaging,5
R004333,10,9.02,the price feels high without promotion,4
R004334,8,7.48,offline availability is not always convenient,5
R004335,8,7.33,the product quality is stable and trustworthy,0
R004336,7,6.91,livestream promotion helps me discover new products,4
R004337,4,5.54,I prefer brands with recyclable packaging,5
R004338,7,7.66,the price feels high without promotion,4
R004339,8,8.54,stockouts make me switch to other brands,3
R004340,5,5.53,I compare price across platforms before purchase,1
R004341,6,7.6,membership coupons can increase repeat purchase,1
R004342,10,8.4,offline availability is not always convenient,5
R004343,6,8.95,I care about ingredients and product safety,2
R004344,10,9.79,the price feels high without promotion,4
R004345,8,7.9,portable packaging is useful for work and travel,5
R004346,6,6.45,the price feels high without promotion,4
R004347,7,8.64,the product quality is stable and trustworthy,0
R004348,7,5.65,quality improvement would make me repurchase more often,0
R004349,8,8.26,membership coupons can increase repeat purchase,1
R004350,6,5.98,livestream promotion helps me discover new products,4
R004351,4,5.62,sustainability claims need to be more credible,5
R004352,8,8.9,livestream promotion helps me discover new products,4
R004353,8,9.3,KOL reviews are useful but need to be authentic,5
R004354,8,8.58,I care about ingredients and product safety,2
R004355,8,8.72,livestream promotion helps me discover new products,4
R004356,6,7.72,livestream promotion helps me discover new products,4
R004357,6,6.31,offline availability is not always convenient,5
R004358,7,7.15,I prefer brands with recyclable packaging,5
R004359,8,7.82,I compare price across platforms before purchase,1
R004360,10,10.0,I compare price across platforms before purchase,1
R004361,4,7.19,membership coupons can increase repeat purchase,1
R004362,10,10.0,quality improvement would make me repurchase more often,0
R004363,8,8.2,I prefer brands with recyclable packaging,5
R004364,4,4.2,the packaging is convenient but could look more premium,5
R004365,6,5.14,delivery speed affects whether I choose the brand,5
R004366,7,5.83,discount bundles make me more willing to buy,3
R004367,8,7.54,livestream promotion helps me discover new products,4
R004368,10,10.0,low carbon packaging would improve brand impression,5
R004369,10,9.72,discount bundles make me more willing to buy,3
R004370,9,8.17,the product quality is stable and trustworthy,0
R004371,10,10.0,I compare price across platforms before purchase,1
R004372,9,9.4,discount bundles make me more willing to buy,3
R004373,8,7.13,KOL reviews are useful but need to be authentic,5
R004374,9,9.1,portable packaging is useful for work and travel,5
R004375,7,7.69,the price feels high without promotion,4
R004376,9,9.4,portable packaging is useful for work and travel,5
R004377,8,8.2,the package design should show product benefits more clearly,2
R004378,8,7.93,portable packaging is useful for work and travel,5
R004379,6,7.46,I care about ingredients and product safety,2
R004380,10,10.0,sustainability claims need to be more credible,5
R004381,9,7.96,the price feels high without promotion,4
R004382,4,6.33,portable packaging is useful for work and travel,5
R004383,10,10.0,quality improvement would make me repurchase more often,0
R004384,8,8.57,stockouts make me switch to other brands,3
R004385,9,8.46,offline availability is not always convenient,5
R004386,9,8.61,quality improvement would make me repurchase more often,0
R004387,7,8.58,discount bundles make me more willing to buy,3
R004388,8,8.45,the product quality is stable and trustworthy,0
R004389,9,8.85,the package design should show product benefits more clearly,2
R004390,10,10.0,portable packaging is useful for work and travel,5
R004391,10,9.75,KOL reviews are useful but need to be authentic,5
R004392,9,9.9,the product quality is stable and trustworthy,0
R004393,10,10.0,I care about ingredients and product safety,2
R004394,8,7.64,I compare price across platforms before purchase,1
R004395,4,8.73,KOL reviews are useful but need to be authentic,5
R004396,8,8.21,portable packaging is useful for work and travel,5
R004397,7,7.21,livestream promotion helps me discover new products,4
R004398,6,6.88,the product quality is stable and trustworthy,0
R004399,8,7.57,the package design should show product benefits more clearly,2
R004400,6,6.05,discount bundles make me more willing to buy,3
R004401,8,8.67,the package design should show product benefits more clearly,2
R004402,6,8.16,delivery speed affects whether I choose the brand,5
R004403,8,7.84,the packaging is convenient but could look more premium,5
R004404,7,7.73,KOL reviews are useful but need to be authentic,5
R004405,9,8.81,I compare price across platforms before purchase,1
R004406,6,6.33,the packaging is convenient but could look more premium,5
R004407,6,6.63,the price feels high without promotion,4
R004408,8,10.0,delivery speed affects whether I choose the brand,5
R004409,9,10.0,membership coupons can increase repeat purchase,1
R004410,8,7.71,stockouts make me switch to other brands,3
R004411,8,9.25,offline availability is not always convenient,5
R004412,8,6.04,I care about ingredients and product safety,2
R004413,5,6.83,KOL reviews are useful but need to be authentic,5
R004414,6,6.77,delivery speed affects whether I choose the brand,5
R004415,4,5.52,I care about ingredients and product safety,2
R004416,10,10.0,the package design should show product benefits more clearly,2
R004417,5,6.21,quality improvement would make me repurchase more often,0
R004418,9,10.0,portable packaging is useful for work and travel,5
R004419,9,9.13,stockouts make me switch to other brands,3
R004420,8,7.03,the price feels high without promotion,4
R004421,10,9.68,sustainability claims need to be more credible,5
R004422,8,8.89,livestream promotion helps me discover new products,4
R004423,5,8.07,membership coupons can increase repeat purchase,1
R004424,9,9.18,livestream promotion helps me discover new products,4
R004425,6,7.91,stockouts make me switch to other brands,3
R004426,7,7.9,delivery speed affects whether I choose the brand,5
R004427,9,9.22,the product quality is stable and trustworthy,0
R004428,7,8.67,discount bundles make me more willing to buy,3
R004429,9,8.96,stockouts make me switch to other brands,3
R004430,6,7.63,the packaging is convenient but could look more premium,5
R004431,8,8.0,livestream promotion helps me discover new products,4
R004432,10,9.66,I prefer brands with recyclable packaging,5
R004433,7,8.4,the price feels high without promotion,4
R004434,10,10.0,stockouts make me switch to other brands,3
R004435,5,5.92,the price feels high without promotion,4
R004436,10,10.0,low carbon packaging would improve brand impression,5
R004437,10,9.34,the product quality is stable and trustworthy,0
R004438,7,8.14,the package design should show product benefits more clearly,2
R004439,6,7.85,low carbon packaging would improve brand impression,5
R004440,4,6.46,quality improvement would make me repurchase more often,0
R004441,10,9.59,livestream promotion helps me discover new products,4
R004442,6,5.5,the price feels high without promotion,4
R004443,7,7.73,delivery speed affects whether I choose the brand,5
R004444,6,8.35,the packaging is convenient but could look more premium,5
R004445,3,4.48,the package design should show product benefits more clearly,2
R004446,9,9.86,the price feels high without promotion,4
R004447,9,10.0,the package design should show product benefits more clearly,2
R004448,8,8.37,the package design should show product benefits more clearly,2
R004449,10,9.71,I care about ingredients and product safety,2
R004450,9,8.16,portable packaging is useful for work and travel,5
R004451,10,8.9,the product quality is stable and trustworthy,0
R004452,7,7.53,portable packaging is useful for work and travel,5
R004453,10,10.0,portable packaging is useful for work and travel,5
R004454,8,8.7,discount bundles make me more willing to buy,3
R004455,8,7.91,the package design should show product benefits more clearly,2
R004456,7,7.03,the packaging is convenient but could look more premium,5
R004457,8,9.66,delivery speed affects whether I choose the brand,5
R004458,10,9.5,low carbon packaging would improve brand impression,5
R004459,8,10.0,livestream promotion helps me discover new products,4
R004460,7,6.15,I compare price across platforms before purchase,1
R004461,8,8.22,I compare price across platforms before purchase,1
R004462,10,7.89,membership coupons can increase repeat purchase,1
R004463,10,10.0,livestream promotion helps me discover new products,4
R004464,9,10.0,delivery speed affects whether I choose the brand,5
R004465,9,7.83,membership coupons can increase repeat purchase,1
R004466,5,6.45,membership coupons can increase repeat purchase,1
R004467,9,9.18,membership coupons can increase repeat purchase,1
R004468,10,8.38,membership coupons can increase repeat purchase,1
R004469,7,7.83,KOL reviews are useful but need to be authentic,5
R004470,8,8.55,discount bundles make me more willing to buy,3
R004471,5,4.33,the price feels high without promotion,4
R004472,10,9.11,the package design should show product benefits more clearly,2
R004473,10,9.4,low carbon packaging would improve brand impression,5
R004474,7,6.62,delivery speed affects whether I choose the brand,5
R004475,8,8.35,quality improvement would make me repurchase more often,0
R004476,8,7.64,KOL reviews are useful but need to be authentic,5
R004477,10,8.44,the product quality is stable and trustworthy,0
R004478,8,6.98,delivery speed affects whether I choose the brand,5
R004479,7,7.94,delivery speed affects whether I choose the brand,5
R004480,10,8.89,the price feels high without promotion,4
R004481,3,4.78,quality improvement would make me repurchase more often,0
R004482,10,8.74,livestream promotion helps me discover new products,4
R004483,8,7.43,I prefer brands with recyclable packaging,5
R004484,10,10.0,discount bundles make me more willing to buy,3
R004485,10,10.0,livestream promotion helps me discover new products,4
R004486,7,8.46,the packaging is convenient but could look more premium,5
R004487,6,6.68,sustainability claims need to be more credible,5
R004488,2,4.12,discount bundles make me more willing to buy,3
R004489,9,8.83,delivery speed affects whether I choose the brand,5
R004490,8,7.68,delivery speed affects whether I choose the brand,5
R004491,10,8.58,offline availability is not always convenient,5
R004492,9,8.93,the packaging is convenient but could look more premium,5
R004493,9,8.73,portable packaging is useful for work and travel,5
R004494,10,10.0,KOL reviews are useful but need to be authentic,5
R004495,10,9.58,discount bundles make me more willing to buy,3
R004496,5,5.67,livestream promotion helps me discover new products,4
R004497,9,7.77,quality improvement would make me repurchase more often,0
R004498,8,6.95,stockouts make me switch to other brands,3
R004499,9,7.38,the package design should show product benefits more clearly,2
R004500,8,7.45,membership coupons can increase repeat purchase,1
R004501,10,7.77,discount bundles make me more willing to buy,3
R004502,10,9.52,stockouts make me switch to other brands,3
R004503,10,8.75,quality improvement would make me repurchase more often,0
R004504,7,7.6,the price feels high without promotion,4
R004505,10,9.35,discount bundles make me more willing to buy,3
R004506,4,4.22,livestream promotion helps me discover new products,4
R004507,8,9.68,KOL reviews are useful but need to be authentic,5
R004508,7,8.38,stockouts make me switch to other brands,3
R004509,10,10.0,membership coupons can increase repeat purchase,1
R004510,9,9.86,portable packaging is useful for work and travel,5
R004511,8,8.41,the product quality is stable and trustworthy,0
R004512,10,10.0,I care about ingredients and product safety,2
R004513,10,7.78,the packaging is convenient but could look more premium,5
R004514,5,6.12,portable packaging is useful for work and travel,5
R004515,8,8.72,the packaging is convenient but could look more premium,5
R004516,5,6.04,the package design should show product benefits more clearly,2
R004517,8,7.88,low carbon packaging would improve brand impression,5
R004518,10,9.18,the package design should show product benefits more clearly,2
R004519,7,7.22,I care about ingredients and product safety,2
R004520,9,8.32,the packaging is convenient but could look more premium,5
R004521,9,10.0,portable packaging is useful for work and travel,5
R004522,9,6.8,the price feels high without promotion,4
R004523,8,6.8,sustainability claims need to be more credible,5
R004524,9,10.0,portable packaging is useful for work and travel,5
R004525,10,7.35,membership coupons can increase repeat purchase,1
R004526,7,4.39,I compare price across platforms before purchase,1
R004527,9,10.0,I care about ingredients and product safety,2
R004528,6,8.05,the price feels high without promotion,4
R004529,9,9.71,sustainability claims need to be more credible,5
R004530,9,8.61,I prefer brands with recyclable packaging,5
R004531,6,7.24,membership coupons can increase repeat purchase,1
R004532,7,6.85,discount bundles make me more willing to buy,3
R004533,10,9.88,offline availability is not always convenient,5
R004534,5,6.23,I compare price across platforms before purchase,1
R004535,10,9.36,delivery speed affects whether I choose the brand,5
R004536,7,7.62,membership coupons can increase repeat purchase,1
R004537,7,8.37,stockouts make me switch to other brands,3
R004538,9,10.0,livestream promotion helps me discover new products,4
R004539,7,7.29,I compare price across platforms before purchase,1
R004540,9,8.88,KOL reviews are useful but need to be authentic,5
R004541,10,10.0,I care about ingredients and product safety,2
R004542,8,9.8,membership coupons can increase repeat purchase,1
R004543,8,9.13,delivery speed affects whether I choose the brand,5
R004544,9,7.51,the price feels high without promotion,4
R004545,10,7.78,discount bundles make me more willing to buy,3
R004546,4,4.59,I compare price across platforms before purchase,1
R004547,8,9.22,I prefer brands with recyclable packaging,5
R004548,7,7.88,the package design should show product benefits more clearly,2
R004549,8,8.58,offline availability is not always convenient,5
R004550,10,9.28,portable packaging is useful for work and travel,5
R004551,8,7.45,the product quality is stable and trustworthy,0
R004552,5,7.47,membership coupons can increase repeat purchase,1
R004553,10,8.92,I prefer brands with recyclable packaging,5
R004554,9,8.92,livestream promotion helps me discover new products,4
R004555,10,9.47,sustainability claims need to be more credible,5
R004556,6,6.83,offline availability is not always convenient,5
R004557,10,9.69,I prefer brands with recyclable packaging,5
R004558,10,9.18,discount bundles make me more willing to buy,3
R004559,7,7.33,I compare price across platforms before purchase,1
R004560,9,9.99,livestream promotion helps me discover new products,4
R004561,6,5.76,the product quality is stable and trustworthy,0
R004562,10,10.0,sustainability claims need to be more credible,5
R004563,9,7.53,stockouts make me switch to other brands,3
R004564,10,10.0,sustainability claims need to be more credible,5
R004565,6,7.72,the package design should show product benefits more clearly,2
R004566,6,6.64,I compare price across platforms before purchase,1
R004567,8,8.01,livestream promotion helps me discover new products,4
R004568,9,9.1,membership coupons can increase repeat purchase,1
R004569,9,10.0,the product quality is stable and trustworthy,0
R004570,7,6.97,the price feels high without promotion,4
R004571,10,9.2,KOL reviews are useful but need to be authentic,5
R004572,10,10.0,quality improvement would make me repurchase more often,0
R004573,8,7.29,the price feels high without promotion,4
R004574,9,8.68,the product quality is stable and trustworthy,0
R004575,5,6.33,the product quality is stable and trustworthy,0
R004576,9,8.61,I care about ingredients and product safety,2
R004577,9,8.24,portable packaging is useful for work and travel,5
R004578,10,10.0,KOL reviews are useful but need to be authentic,5
R004579,6,7.84,stockouts make me switch to other brands,3
R004580,8,7.36,the price feels high without promotion,4
R004581,7,6.67,I care about ingredients and product safety,2
R004582,9,9.58,stockouts make me switch to other brands,3
R004583,6,6.17,I compare price across platforms before purchase,1
R004584,10,9.9,delivery speed affects whether I choose the brand,5
R004585,10,8.03,I care about ingredients and product safety,2
R004586,4,4.76,the package design should show product benefits more clearly,2
R004587,7,6.18,the price feels high without promotion,4
R004588,9,8.96,discount bundles make me more willing to buy,3
R004589,4,5.98,the package design should show product benefits more clearly,2
R004590,6,7.09,offline availability is not always convenient,5
R004591,8,10.0,the packaging is convenient but could look more premium,5
R004592,10,10.0,sustainability claims need to be more credible,5
R004593,6,5.93,the product quality is stable and trustworthy,0
R004594,10,10.0,the product quality is stable and trustworthy,0
R004595,9,10.0,membership coupons can increase repeat purchase,1
R004596,6,6.42,membership coupons can increase repeat purchase,1
R004597,10,10.0,discount bundles make me more willing to buy,3
R004598,10,9.06,I compare price across platforms before purchase,1
R004599,5,6.24,delivery speed affects whether I choose the brand,5
R004600,8,8.19,I prefer brands with recyclable packaging,5
R004601,10,9.64,low carbon packaging would improve brand impression,5
R004602,10,10.0,the packaging is convenient but could look more premium,5
R004603,9,9.7,quality improvement would make me repurchase more often,0
R004604,5,6.28,the price feels high without promotion,4
R004605,10,9.98,offline availability is not always convenient,5
R004606,10,8.87,offline availability is not always convenient,5
R004607,7,7.07,stockouts make me switch to other brands,3
R004608,10,9.78,I care about ingredients and product safety,2
R004609,7,7.03,quality improvement would make me repurchase more often,0
R004610,10,9.42,the package design should show product benefits more clearly,2
R004611,10,10.0,portable packaging is useful for work and travel,5
R004612,9,9.43,stockouts make me switch to other brands,3
R004613,8,8.71,I prefer brands with recyclable packaging,5
R004614,10,8.84,I compare price across platforms before purchase,1
R004615,7,7.56,the packaging is convenient but could look more premium,5
R004616,8,8.69,stockouts make me switch to other brands,3
R004617,10,10.0,the price feels high without promotion,4
R004618,7,6.73,KOL reviews are useful but need to be authentic,5
R004619,10,8.48,discount bundles make me more willing to buy,3
R004620,9,9.37,I compare price across platforms before purchase,1
R004621,7,7.41,low carbon packaging would improve brand impression,5
R004622,4,7.12,offline availability is not always convenient,5
R004623,10,9.47,the packaging is convenient but could look more premium,5
R004624,8,8.58,quality improvement would make me repurchase more often,0
R004625,6,8.38,I care about ingredients and product safety,2
R004626,7,7.31,sustainability claims need to be more credible,5
R004627,7,8.91,livestream promotion helps me discover new products,4
R004628,9,10.0,the product quality is stable and trustworthy,0
R004629,9,10.0,I compare price across platforms before purchase,1
R004630,8,7.94,stockouts make me switch to other brands,3
R004631,4,6.22,the price feels high without promotion,4
R004632,7,6.08,stockouts make me switch to other brands,3
R004633,10,9.43,low carbon packaging would improve brand impression,5
R004634,7,5.96,the price feels high without promotion,4
R004635,8,7.2,I compare price across platforms before purchase,1
R004636,8,8.66,I compare price across platforms before purchase,1
R004637,9,10.0,livestream promotion helps me discover new products,4
R004638,10,8.62,the product quality is stable and trustworthy,0
R004639,7,7.79,offline availability is not always convenient,5
R004640,10,10.0,low carbon packaging would improve brand impression,5
R004641,10,7.86,delivery speed affects whether I choose the brand,5
R004642,7,10.0,portable packaging is useful for work and travel,5
R004643,6,7.58,quality improvement would make me repurchase more often,0
R004644,9,9.76,quality improvement would make me repurchase more often,0
R004645,8,7.83,stockouts make me switch to other brands,3
R004646,10,10.0,sustainability claims need to be more credible,5
R004647,10,9.21,I prefer brands with recyclable packaging,5
R004648,8,8.33,the package design should show product benefits more clearly,2
R004649,10,10.0,I prefer brands with recyclable packaging,5
R004650,10,8.84,sustainability claims need to be more credible,5
R004651,10,9.18,membership coupons can increase repeat purchase,1
R004652,7,7.99,quality improvement would make me repurchase more often,0
R004653,7,7.67,I care about ingredients and product safety,2
R004654,8,7.96,discount bundles make me more willing to buy,3
R004655,8,10.0,I care about ingredients and product safety,2
R004656,9,9.53,the package design should show product benefits more clearly,2
R004657,6,7.42,I compare price across platforms before purchase,1
R004658,8,8.71,I prefer brands with recyclable packaging,5
R004659,7,8.13,I care about ingredients and product safety,2
R004660,10,10.0,delivery speed affects whether I choose the brand,5
R004661,9,9.77,the product quality is stable and trustworthy,0
R004662,7,5.1,I care about ingredients and product safety,2
R004663,8,7.48,the price feels high without promotion,4
R004664,7,7.62,low carbon packaging would improve brand impression,5
R004665,6,5.18,the price feels high without promotion,4
R004666,6,5.14,the packaging is convenient but could look more premium,5
R004667,10,9.08,membership coupons can increase repeat purchase,1
R004668,8,8.43,I compare price across platforms before purchase,1
R004669,10,9.16,sustainability claims need to be more credible,5
R004670,6,7.02,I compare price across platforms before purchase,1
R004671,8,9.16,the package design should show product benefits more clearly,2
R004672,5,7.41,I care about ingredients and product safety,2
R004673,10,10.0,I care about ingredients and product safety,2
R004674,7,9.87,the package design should show product benefits more clearly,2
R004675,8,7.56,offline availability is not always convenient,5
R004676,10,9.91,delivery speed affects whether I choose the brand,5
R004677,9,6.99,KOL reviews are useful but need to be authentic,5
R004678,5,5.39,portable packaging is useful for work and travel,5
R004679,6,8.69,I prefer brands with recyclable packaging,5
R004680,10,9.57,stockouts make me switch to other brands,3
R004681,7,7.19,the packaging is convenient but could look more premium,5
R004682,8,8.77,the product quality is stable and trustworthy,0
R004683,10,10.0,stockouts make me switch to other brands,3
R004684,9,9.03,I prefer brands with recyclable packaging,5
R004685,5,7.73,the package design should show product benefits more clearly,2
R004686,8,8.88,I prefer brands with recyclable packaging,5
R004687,8,6.52,offline availability is not always convenient,5
R004688,10,9.93,the product quality is stable and trustworthy,0
R004689,7,10.0,discount bundles make me more willing to buy,3
R004690,9,8.41,sustainability claims need to be more credible,5
R004691,10,8.79,membership coupons can increase repeat purchase,1
R004692,7,9.11,quality improvement would make me repurchase more often,0
R004693,10,9.67,stockouts make me switch to other brands,3
R004694,9,10.0,sustainability claims need to be more credible,5
R004695,9,8.76,stockouts make me switch to other brands,3
R004696,7,7.86,I prefer brands with recyclable packaging,5
R004697,10,9.87,the product quality is stable and trustworthy,0
R004698,10,8.14,KOL reviews are useful but need to be authentic,5
R004699,8,9.98,I care about ingredients and product safety,2
R004700,10,9.0,KOL reviews are useful but need to be authentic,5
R004701,7,6.39,I prefer brands with recyclable packaging,5
R004702,10,10.0,I compare price across platforms before purchase,1
R004703,8,10.0,I compare price across platforms before purchase,1
R004704,6,6.51,I care about ingredients and product safety,2
R004705,9,8.66,sustainability claims need to be more credible,5
R004706,4,6.54,portable packaging is useful for work and travel,5
R004707,9,7.45,I prefer brands with recyclable packaging,5
R004708,10,9.34,KOL reviews are useful but need to be authentic,5
R004709,9,8.03,the product quality is stable and trustworthy,0
R004710,6,7.42,low carbon packaging would improve brand impression,5
R004711,8,6.49,portable packaging is useful for work and travel,5
R004712,10,10.0,I care about ingredients and product safety,2
R004713,3,6.52,delivery speed affects whether I choose the brand,5
R004714,6,5.08,discount bundles make me more willing to buy,3
R004715,8,8.63,discount bundles make me more willing to buy,3
R004716,6,6.85,the price feels high without promotion,4
R004717,7,5.73,the price feels high without promotion,4
R004718,10,10.0,I care about ingredients and product safety,2
R004719,8,8.58,the packaging is convenient but could look more premium,5
R004720,9,10.0,I care about ingredients and product safety,2
R004721,7,6.18,the price feels high without promotion,4
R004722,7,6.24,livestream promotion helps me discover new products,4
R004723,10,10.0,stockouts make me switch to other brands,3
R004724,6,8.22,low carbon packaging would improve brand impression,5
R004725,10,10.0,offline availability is not always convenient,5
R004726,8,9.43,the packaging is convenient but could look more premium,5
R004727,8,8.18,stockouts make me switch to other brands,3
R004728,8,8.21,the price feels high without promotion,4
R004729,9,8.51,livestream promotion helps me discover new products,4
R004730,9,10.0,stockouts make me switch to other brands,3
R004731,8,8.71,the packaging is convenient but could look more premium,5
R004732,5,5.87,livestream promotion helps me discover new products,4
R004733,8,9.51,the product quality is stable and trustworthy,0
R004734,6,7.17,KOL reviews are useful but need to be authentic,5
R004735,9,8.19,membership coupons can increase repeat purchase,1
R004736,10,8.71,KOL reviews are useful but need to be authentic,5
R004737,10,7.39,portable packaging is useful for work and travel,5
R004738,10,9.88,the price feels high without promotion,4
R004739,7,7.31,livestream promotion helps me discover new products,4
R004740,4,6.3,stockouts make me switch to other brands,3
R004741,9,7.43,the price feels high without promotion,4
R004742,6,5.38,offline availability is not always convenient,5
R004743,9,9.79,the price feels high without promotion,4
R004744,10,9.4,the product quality is stable and trustworthy,0
R004745,10,9.72,the package design should show product benefits more clearly,2
R004746,8,8.19,delivery speed affects whether I choose the brand,5
R004747,8,10.0,the product quality is stable and trustworthy,0
R004748,9,8.63,I compare price across platforms before purchase,1
R004749,9,10.0,the price feels high without promotion,4
R004750,9,9.4,I prefer brands with recyclable packaging,5
R004751,8,10.0,sustainability claims need to be more credible,5
R004752,9,7.26,I compare price across platforms before purchase,1
R004753,10,10.0,I care about ingredients and product safety,2
R004754,8,9.36,quality improvement would make me repurchase more often,0
R004755,10,10.0,offline availability is not always convenient,5
R004756,10,10.0,sustainability claims need to be more credible,5
R004757,6,6.1,stockouts make me switch to other brands,3
R004758,9,9.57,quality improvement would make me repurchase more often,0
R004759,5,4.87,the product quality is stable and trustworthy,0
R004760,7,9.19,discount bundles make me more willing to buy,3
R004761,10,10.0,the product quality is stable and trustworthy,0
R004762,8,8.65,low carbon packaging would improve brand impression,5
R004763,7,8.28,KOL reviews are useful but need to be authentic,5
R004764,8,7.78,I care about ingredients and product safety,2
R004765,5,7.08,sustainability claims need to be more credible,5
R004766,10,9.31,stockouts make me switch to other brands,3
R004767,4,5.08,the product quality is stable and trustworthy,0
R004768,8,7.68,delivery speed affects whether I choose the brand,5
R004769,8,9.06,the package design should show product benefits more clearly,2
R004770,7,8.6,portable packaging is useful for work and travel,5
R004771,7,7.74,the package design should show product benefits more clearly,2
R004772,9,8.6,the packaging is convenient but could look more premium,5
R004773,8,9.42,KOL reviews are useful but need to be authentic,5
R004774,8,8.69,offline availability is not always convenient,5
R004775,8,9.4,portable packaging is useful for work and travel,5
R004776,5,5.53,the packaging is convenient but could look more premium,5
R004777,7,7.36,portable packaging is useful for work and travel,5
R004778,5,6.86,discount bundles make me more willing to buy,3
R004779,5,6.71,quality improvement would make me repurchase more often,0
R004780,5,6.18,delivery speed affects whether I choose the brand,5
R004781,6,5.99,the package design should show product benefits more clearly,2
R004782,7,8.97,quality improvement would make me repurchase more often,0
R004783,5,5.59,offline availability is not always convenient,5
R004784,8,7.52,KOL reviews are useful but need to be authentic,5
R004785,9,8.02,delivery speed affects whether I choose the brand,5
R004786,8,7.94,stockouts make me switch to other brands,3
R004787,10,9.4,the product quality is stable and trustworthy,0
R004788,7,7.0,discount bundles make me more willing to buy,3
R004789,6,8.28,discount bundles make me more willing to buy,3
R004790,9,9.65,livestream promotion helps me discover new products,4
R004791,9,8.53,the price feels high without promotion,4
R004792,5,6.35,the price feels high without promotion,4
R004793,7,6.98,low carbon packaging would improve brand impression,5
R004794,7,6.08,the packaging is convenient but could look more premium,5
R004795,10,9.66,the packaging is convenient but could look more premium,5
R004796,8,8.64,delivery speed affects whether I choose the brand,5
R004797,7,8.0,quality improvement would make me repurchase more often,0
R004798,8,7.66,the product quality is stable and trustworthy,0
R004799,10,8.73,portable packaging is useful for work and travel,5
R004800,9,10.0,delivery speed affects whether I choose the brand,5
R004801,10,9.33,quality improvement would make me repurchase more often,0
R004802,6,6.79,I care about ingredients and product safety,2
R004803,10,8.75,I care about ingredients and product safety,2
R004804,8,8.94,the package design should show product benefits more clearly,2
R004805,10,9.72,the packaging is convenient but could look more premium,5
R004806,10,9.83,the package design should show product benefits more clearly,2
R004807,9,10.0,quality improvement would make me repurchase more often,0
R004808,7,7.73,offline availability is not always convenient,5
R004809,10,8.05,low carbon packaging would improve brand impression,5
R004810,8,8.22,the package design should show product benefits more clearly,2
R004811,8,8.35,I compare price across platforms before purchase,1
R004812,5,7.37,discount bundles make me more willing to buy,3
R004813,8,8.82,I care about ingredients and product safety,2
R004814,6,6.49,delivery speed affects whether I choose the brand,5
R004815,8,8.45,the product quality is stable and trustworthy,0
R004816,9,8.46,I care about ingredients and product safety,2
R004817,10,10.0,offline availability is not always convenient,5
R004818,9,10.0,the product quality is stable and trustworthy,0
R004819,7,7.78,I prefer brands with recyclable packaging,5
R004820,10,8.5,I care about ingredients and product safety,2
R004821,8,8.15,the packaging is convenient but could look more premium,5
R004822,10,9.86,the price feels high without promotion,4
R004823,10,8.62,discount bundles make me more willing to buy,3
R004824,7,7.03,low carbon packaging would improve brand impression,5
R004825,6,5.83,livestream promotion helps me discover new products,4
R004826,9,10.0,discount bundles make me more willing to buy,3
R004827,10,8.62,offline availability is not always convenient,5
R004828,6,7.3,the product quality is stable and trustworthy,0
R004829,7,6.88,I care about ingredients and product safety,2
R004830,8,10.0,membership coupons can increase repeat purchase,1
R004831,8,8.14,membership coupons can increase repeat purchase,1
R004832,10,9.38,discount bundles make me more willing to buy,3
R004833,8,7.07,discount bundles make me more willing to buy,3
R004834,10,10.0,I compare price across platforms before purchase,1
R004835,8,8.54,I care about ingredients and product safety,2
R004836,6,7.73,the price feels high without promotion,4
R004837,9,10.0,discount bundles make me more willing to buy,3
R004838,8,10.0,membership coupons can increase repeat purchase,1
R004839,7,8.1,the price feels high without promotion,4
R004840,10,9.48,I care about ingredients and product safety,2
R004841,9,8.36,discount bundles make me more willing to buy,3
R004842,8,9.03,I prefer brands with recyclable packaging,5
R004843,6,9.5,stockouts make me switch to other brands,3
R004844,9,8.72,I prefer brands with recyclable packaging,5
R004845,7,7.33,I compare price across platforms before purchase,1
R004846,6,8.15,livestream promotion helps me discover new products,4
R004847,7,7.67,the product quality is stable and trustworthy,0
R004848,9,8.85,the product quality is stable and trustworthy,0
R004849,9,10.0,discount bundles make me more willing to buy,3
R004850,9,9.67,the product quality is stable and trustworthy,0
R004851,8,7.87,livestream promotion helps me discover new products,4
R004852,7,6.97,I compare price across platforms before purchase,1
R004853,8,7.77,the packaging is convenient but could look more premium,5
R004854,9,10.0,livestream promotion helps me discover new products,4
R004855,6,6.7,low carbon packaging would improve brand impression,5
R004856,9,8.78,livestream promotion helps me discover new products,4
R004857,10,9.6,the product quality is stable and trustworthy,0
R004858,7,7.4,the product quality is stable and trustworthy,0
R004859,10,9.62,delivery speed affects whether I choose the brand,5
R004860,5,6.12,discount bundles make me more willing to buy,3
R004861,10,10.0,I care about ingredients and product safety,2
R004862,9,8.98,delivery speed affects whether I choose the brand,5
R004863,9,10.0,the product quality is stable and trustworthy,0
R004864,5,6.85,membership coupons can increase repeat purchase,1
R004865,7,6.91,I care about ingredients and product safety,2
R004866,9,6.9,the product quality is stable and trustworthy,0
R004867,10,9.13,sustainability claims need to be more credible,5
R004868,8,8.66,I compare price across platforms before purchase,1
R004869,7,7.56,the product quality is stable and trustworthy,0
R004870,10,9.99,quality improvement would make me repurchase more often,0
R004871,10,9.67,the package design should show product benefits more clearly,2
R004872,6,6.04,the price feels high without promotion,4
R004873,10,9.7,I prefer brands with recyclable packaging,5
R004874,10,9.48,the product quality is stable and trustworthy,0
R004875,6,6.91,the price feels high without promotion,4
R004876,7,7.76,membership coupons can increase repeat purchase,1
R004877,10,9.71,stockouts make me switch to other brands,3
R004878,8,9.58,discount bundles make me more willing to buy,3
R004879,3,5.43,I compare price across platforms before purchase,1
R004880,5,5.33,discount bundles make me more willing to buy,3
R004881,7,8.23,sustainability claims need to be more credible,5
R004882,9,10.0,the package design should show product benefits more clearly,2
R004883,10,9.28,sustainability claims need to be more credible,5
R004884,7,8.25,stockouts make me switch to other brands,3
R004885,10,9.96,discount bundles make me more willing to buy,3
R004886,10,8.76,quality improvement would make me repurchase more often,0
R004887,4,8.42,quality improvement would make me repurchase more often,0
R004888,6,7.01,sustainability claims need to be more credible,5
R004889,8,8.46,delivery speed affects whether I choose the brand,5
R004890,7,8.23,the product quality is stable and trustworthy,0
R004891,9,7.45,livestream promotion helps me discover new products,4
R004892,6,5.68,KOL reviews are useful but need to be authentic,5
R004893,8,9.37,delivery speed affects whether I choose the brand,5
R004894,10,10.0,offline availability is not always convenient,5
R004895,7,7.4,the packaging is convenient but could look more premium,5
R004896,8,7.24,the product quality is stable and trustworthy,0
R004897,7,6.85,livestream promotion helps me discover new products,4
R004898,8,9.49,I care about ingredients and product safety,2
R004899,10,10.0,stockouts make me switch to other brands,3
R004900,9,9.25,I care about ingredients and product safety,2
R004901,10,8.23,I prefer brands with recyclable packaging,5
R004902,5,6.16,the price feels high without promotion,4
R004903,8,7.5,I compare price across platforms before purchase,1
R004904,8,7.31,offline availability is not always convenient,5
R004905,7,8.21,the price feels high without promotion,4
R004906,7,6.91,the price feels high without promotion,4
R004907,7,9.93,quality improvement would make me repurchase more often,0
R004908,10,10.0,stockouts make me switch to other brands,3
R004909,10,9.13,livestream promotion helps me discover new products,4
R004910,10,8.56,I compare price across platforms before purchase,1
R004911,8,8.98,the product quality is stable and trustworthy,0
R004912,10,10.0,I care about ingredients and product safety,2
R004913,10,10.0,the product quality is stable and trustworthy,0
R004914,10,9.95,membership coupons can increase repeat purchase,1
R004915,7,7.86,discount bundles make me more willing to buy,3
R004916,10,8.84,membership coupons can increase repeat purchase,1
R004917,7,6.03,KOL reviews are useful but need to be authentic,5
R004918,10,10.0,I prefer brands with recyclable packaging,5
R004919,10,10.0,livestream promotion helps me discover new products,4
R004920,9,9.36,the product quality is stable and trustworthy,0
R004921,10,10.0,quality improvement would make me repurchase more often,0
R004922,5,8.53,livestream promotion helps me discover new products,4
R004923,8,8.77,the product quality is stable and trustworthy,0
R004924,7,7.59,low carbon packaging would improve brand impression,5
R004925,7,7.32,low carbon packaging would improve brand impression,5
R004926,10,9.63,I prefer brands with recyclable packaging,5
R004927,10,9.63,I compare price across platforms before purchase,1
R004928,7,6.31,stockouts make me switch to other brands,3
R004929,10,8.25,discount bundles make me more willing to buy,3
R004930,4,6.09,quality improvement would make me repurchase more often,0
R004931,4,5.82,the price feels high without promotion,4
R004932,10,9.69,KOL reviews are useful but need to be authentic,5
R004933,5,6.32,membership coupons can increase repeat purchase,1
R004934,7,10.0,membership coupons can increase repeat purchase,1
R004935,8,9.88,I prefer brands with recyclable packaging,5
R004936,8,8.38,the price feels high without promotion,4
R004937,10,7.81,sustainability claims need to be more credible,5
R004938,8,7.66,quality improvement would make me repurchase more often,0
R004939,4,5.57,quality improvement would make me repurchase more often,0
R004940,9,8.46,livestream promotion helps me discover new products,4
R004941,8,9.11,livestream promotion helps me discover new products,4
R004942,4,5.65,the price feels high without promotion,4
R004943,10,8.5,membership coupons can increase repeat purchase,1
R004944,8,9.07,the product quality is stable and trustworthy,0
R004945,10,9.19,livestream promotion helps me discover new products,4
R004946,10,9.39,sustainability claims need to be more credible,5
R004947,9,9.03,portable packaging is useful for work and travel,5
R004948,8,7.79,KOL reviews are useful but need to be authentic,5
R004949,4,5.87,offline availability is not always convenient,5
R004950,8,7.84,quality improvement would make me repurchase more often,0
R004951,6,8.8,livestream promotion helps me discover new products,4
R004952,8,8.38,quality improvement would make me repurchase more often,0
R004953,10,10.0,the product quality is stable and trustworthy,0
R004954,7,6.45,I care about ingredients and product safety,2
R004955,7,8.17,portable packaging is useful for work and travel,5
R004956,6,7.37,quality improvement would make me repurchase more often,0
R004957,10,8.16,delivery speed affects whether I choose the brand,5
R004958,10,9.61,membership coupons can increase repeat purchase,1
R004959,10,9.61,livestream promotion helps me discover new products,4
R004960,7,9.3,the product quality is stable and trustworthy,0
R004961,8,8.94,I prefer brands with recyclable packaging,5
R004962,10,9.41,offline availability is not always convenient,5
R004963,10,8.47,delivery speed affects whether I choose the brand,5
R004964,9,9.42,I care about ingredients and product safety,2
R004965,7,6.27,the packaging is convenient but could look more premium,5
R004966,7,9.64,offline availability is not always convenient,5
R004967,10,9.4,the price feels high without promotion,4
R004968,10,8.25,delivery speed affects whether I choose the brand,5
R004969,9,8.02,membership coupons can increase repeat purchase,1
R004970,8,7.24,stockouts make me switch to other brands,3
R004971,7,6.69,the price feels high without promotion,4
R004972,4,6.94,the packaging is convenient but could look more premium,5
R004973,6,7.12,membership coupons can increase repeat purchase,1
R004974,7,6.55,I care about ingredients and product safety,2
R004975,9,9.19,the price feels high without promotion,4
R004976,10,10.0,the package design should show product benefits more clearly,2
R004977,9,7.81,I prefer brands with recyclable packaging,5
R004978,10,8.8,low carbon packaging would improve brand impression,5
R004979,8,8.09,quality improvement would make me repurchase more often,0
R004980,10,10.0,I care about ingredients and product safety,2
R004981,6,8.47,livestream promotion helps me discover new products,4
R004982,6,7.18,sustainability claims need to be more credible,5
R004983,10,9.36,portable packaging is useful for work and travel,5
R004984,10,9.64,delivery speed affects whether I choose the brand,5
R004985,6,6.1,livestream promotion helps me discover new products,4
R004986,10,10.0,low carbon packaging would improve brand impression,5
R004987,8,6.99,KOL reviews are useful but need to be authentic,5
R004988,10,9.99,quality improvement would make me repurchase more often,0
R004989,9,9.45,low carbon packaging would improve brand impression,5
R004990,7,6.59,membership coupons can increase repeat purchase,1
R004991,8,8.92,discount bundles make me more willing to buy,3
R004992,7,6.75,portable packaging is useful for work and travel,5
R004993,10,8.74,stockouts make me switch to other brands,3
R004994,9,8.91,membership coupons can increase repeat purchase,1
R004995,9,9.55,quality improvement would make me repurchase more often,0
R004996,5,7.88,I compare price across platforms before purchase,1
R004997,9,9.22,low carbon packaging would improve brand impression,5
R004998,6,8.14,I prefer brands with recyclable packaging,5
R004999,9,9.89,offline availability is not always convenient,5
R005000,8,8.03,discount bundles make me more willing to buy,3
R005001,6,7.54,stockouts make me switch to other brands,3
R005002,10,9.04,livestream promotion helps me discover new products,4
R005003,4,4.95,discount bundles make me more willing to buy,3
R005004,9,9.46,delivery speed affects whether I choose the brand,5
R005005,10,10.0,quality improvement would make me repurchase more often,0
R005006,10,9.21,offline availability is not always convenient,5
R005007,9,10.0,stockouts make me switch to other brands,3
R005008,10,7.46,the price feels high without promotion,4
R005009,9,9.79,quality improvement would make me repurchase more often,0
R005010,4,4.26,membership coupons can increase repeat purchase,1
R005011,7,8.2,sustainability claims need to be more credible,5
R005012,8,7.74,livestream promotion helps me discover new products,4
R005013,8,7.41,KOL reviews are useful but need to be authentic,5
R005014,6,8.67,KOL reviews are useful but need to be authentic,5
R005015,10,10.0,offline availability is not always convenient,5
R005016,10,9.18,delivery speed affects whether I choose the brand,5
R005017,9,10.0,offline availability is not always convenient,5
R005018,5,5.85,discount bundles make me more willing to buy,3
R005019,6,6.04,discount bundles make me more willing to buy,3
R005020,6,5.87,membership coupons can increase repeat purchase,1
R005021,10,9.15,membership coupons can increase repeat purchase,1
R005022,10,9.8,stockouts make me switch to other brands,3
R005023,8,7.36,the price feels high without promotion,4
R005024,9,6.02,discount bundles make me more willing to buy,3
R005025,6,7.55,livestream promotion helps me discover new products,4
R005026,10,8.55,the product quality is stable and trustworthy,0
R005027,8,9.9,offline availability is not always convenient,5
R005028,8,9.42,the price feels high without promotion,4
R005029,8,9.5,delivery speed affects whether I choose the brand,5
R005030,8,8.8,offline availability is not always convenient,5
R005031,10,9.66,delivery speed affects whether I choose the brand,5
R005032,3,6.12,sustainability claims need to be more credible,5
R005033,10,10.0,KOL reviews are useful but need to be authentic,5
R005034,7,8.33,the price feels high without promotion,4
R005035,9,7.13,discount bundles make me more willing to buy,3
R005036,6,5.99,discount bundles make me more willing to buy,3
R005037,6,7.9,delivery speed affects whether I choose the brand,5
R005038,9,10.0,I prefer brands with recyclable packaging,5
R005039,7,8.78,discount bundles make me more willing to buy,3
R005040,10,10.0,I compare price across platforms before purchase,1
R005041,8,8.05,quality improvement would make me repurchase more often,0
R005042,6,7.17,discount bundles make me more willing to buy,3
R005043,7,9.01,I compare price across platforms before purchase,1
R005044,8,9.33,quality improvement would make me repurchase more often,0
R005045,10,8.98,the packaging is convenient but could look more premium,5
R005046,6,6.19,the product quality is stable and trustworthy,0
R005047,10,10.0,the packaging is convenient but could look more premium,5
R005048,9,7.95,I compare price across platforms before purchase,1
R005049,10,9.65,I compare price across platforms before purchase,1
R005050,8,7.09,portable packaging is useful for work and travel,5
R005051,10,9.3,sustainability claims need to be more credible,5
R005052,6,6.27,I compare price across platforms before purchase,1
R005053,9,8.51,the price feels high without promotion,4
R005054,8,7.0,the packaging is convenient but could look more premium,5
R005055,9,9.03,quality improvement would make me repurchase more often,0
R005056,8,10.0,discount bundles make me more willing to buy,3
R005057,7,6.87,I care about ingredients and product safety,2
R005058,10,9.39,KOL reviews are useful but need to be authentic,5
R005059,7,8.8,delivery speed affects whether I choose the brand,5
R005060,10,9.92,membership coupons can increase repeat purchase,1
R005061,10,10.0,I care about ingredients and product safety,2
R005062,7,8.71,I care about ingredients and product safety,2
R005063,10,10.0,the package design should show product benefits more clearly,2
R005064,8,7.28,discount bundles make me more willing to buy,3
R005065,10,10.0,the packaging is convenient but could look more premium,5
R005066,7,9.35,sustainability claims need to be more credible,5
R005067,10,9.41,I care about ingredients and product safety,2
R005068,10,10.0,I compare price across platforms before purchase,1
R005069,8,8.23,I prefer brands with recyclable packaging,5
R005070,7,8.12,membership coupons can increase repeat purchase,1
R005071,10,9.64,stockouts make me switch to other brands,3
R005072,5,6.23,delivery speed affects whether I choose the brand,5
R005073,8,8.93,I prefer brands with recyclable packaging,5
R005074,7,7.41,discount bundles make me more willing to buy,3
R005075,6,7.51,quality improvement would make me repurchase more often,0
R005076,4,4.85,the price feels high without promotion,4
R005077,7,8.42,I compare price across platforms before purchase,1
R005078,7,8.7,the packaging is convenient but could look more premium,5
R005079,5,6.47,the price feels high without promotion,4
R005080,5,5.58,I care about ingredients and product safety,2
R005081,10,10.0,membership coupons can increase repeat purchase,1
R005082,8,7.64,KOL reviews are useful but need to be authentic,5
R005083,10,10.0,the price feels high without promotion,4
R005084,10,9.04,the product quality is stable and trustworthy,0
R005085,9,8.82,KOL reviews are useful but need to be authentic,5
R005086,9,9.22,portable packaging is useful for work and travel,5
R005087,5,6.28,I compare price across platforms before purchase,1
R005088,7,6.25,KOL reviews are useful but need to be authentic,5
R005089,7,7.42,I care about ingredients and product safety,2
R005090,10,10.0,discount bundles make me more willing to buy,3
R005091,9,8.61,low carbon packaging would improve brand impression,5
R005092,6,8.47,sustainability claims need to be more credible,5
R005093,9,9.98,I care about ingredients and product safety,2
R005094,9,9.31,quality improvement would make me repurchase more often,0
R005095,10,10.0,quality improvement would make me repurchase more often,0
R005096,9,8.38,I compare price across platforms before purchase,1
R005097,6,7.5,the packaging is convenient but could look more premium,5
R005098,10,9.34,offline availability is not always convenient,5
R005099,10,9.22,delivery speed affects whether I choose the brand,5
R005100,7,7.2,the price feels high without promotion,4
R005101,8,7.5,the product quality is stable and trustworthy,0
R005102,10,10.0,offline availability is not always convenient,5
R005103,9,7.43,I compare price across platforms before purchase,1
R005104,5,6.8,low carbon packaging would improve brand impression,5
R005105,8,8.51,sustainability claims need to be more credible,5
R005106,6,6.02,livestream promotion helps me discover new products,4
R005107,10,9.37,the package design should show product benefits more clearly,2
R005108,7,7.89,low carbon packaging would improve brand impression,5
R005109,8,8.46,stockouts make me switch to other brands,3
R005110,8,9.56,low carbon packaging would improve brand impression,5
R005111,10,10.0,portable packaging is useful for work and travel,5
R005112,9,7.9,membership coupons can increase repeat purchase,1
R005113,6,6.81,sustainability claims need to be more credible,5
R005114,8,8.68,the packaging is convenient but could look more premium,5
R005115,10,9.34,livestream promotion helps me discover new products,4
R005116,8,7.99,stockouts make me switch to other brands,3
R005117,10,9.95,membership coupons can increase repeat purchase,1
R005118,10,8.57,livestream promotion helps me discover new products,4
R005119,6,6.2,I compare price across platforms before purchase,1
R005120,8,7.87,the packaging is convenient but could look more premium,5
R005121,10,8.52,delivery speed affects whether I choose the brand,5
R005122,5,6.86,the packaging is convenient but could look more premium,5
R005123,5,6.8,discount bundles make me more willing to buy,3
R005124,4,4.53,offline availability is not always convenient,5
R005125,10,9.51,discount bundles make me more willing to buy,3
R005126,8,9.52,quality improvement would make me repurchase more often,0
R005127,9,8.99,the price feels high without promotion,4
R005128,10,9.56,livestream promotion helps me discover new products,4
R005129,6,7.01,sustainability claims need to be more credible,5
R005130,8,9.03,offline availability is not always convenient,5
R005131,4,5.41,I compare price across platforms before purchase,1
R005132,9,8.95,low carbon packaging would improve brand impression,5
R005133,6,7.26,livestream promotion helps me discover new products,4
R005134,6,6.86,stockouts make me switch to other brands,3
R005135,6,7.14,portable packaging is useful for work and travel,5
R005136,5,8.21,I care about ingredients and product safety,2
R005137,2,3.9,discount bundles make me more willing to buy,3
R005138,7,8.07,discount bundles make me more willing to buy,3
R005139,10,9.6,I care about ingredients and product safety,2
R005140,5,6.15,KOL reviews are useful but need to be authentic,5
R005141,10,10.0,livestream promotion helps me discover new products,4
R005142,9,9.12,offline availability is not always convenient,5
R005143,5,8.04,livestream promotion helps me discover new products,4
R005144,10,10.0,membership coupons can increase repeat purchase,1
R005145,9,10.0,the packaging is convenient but could look more premium,5
R005146,9,9.72,KOL reviews are useful but need to be authentic,5
R005147,10,10.0,the product quality is stable and trustworthy,0
R005148,10,10.0,stockouts make me switch to other brands,3
R005149,4,5.21,the price feels high without promotion,4
R005150,10,8.67,stockouts make me switch to other brands,3
R005151,8,6.92,quality improvement would make me repurchase more often,0
R005152,10,10.0,the packaging is convenient but could look more premium,5
R005153,8,9.43,I care about ingredients and product safety,2
R005154,5,5.27,membership coupons can increase repeat purchase,1
R005155,10,10.0,quality improvement would make me repurchase more often,0
R005156,9,8.68,membership coupons can increase repeat purchase,1
R005157,7,7.62,I compare price across platforms before purchase,1
R005158,9,8.81,delivery speed affects whether I choose the brand,5
R005159,8,8.21,I compare price across platforms before purchase,1
R005160,10,7.78,stockouts make me switch to other brands,3
R005161,6,7.64,sustainability claims need to be more credible,5
R005162,8,7.44,the price feels high without promotion,4
R005163,9,8.97,I compare price across platforms before purchase,1
R005164,10,9.94,the product quality is stable and trustworthy,0
R005165,7,7.39,stockouts make me switch to other brands,3
R005166,6,7.31,portable packaging is useful for work and travel,5
R005167,7,8.89,I compare price across platforms before purchase,1
R005168,10,9.87,delivery speed affects whether I choose the brand,5
R005169,5,6.26,stockouts make me switch to other brands,3
R005170,9,7.89,membership coupons can increase repeat purchase,1
R005171,9,8.75,KOL reviews are useful but need to be authentic,5
R005172,7,7.41,the package design should show product benefits more clearly,2
R005173,7,8.31,offline availability is not always convenient,5
R005174,7,8.63,delivery speed affects whether I choose the brand,5
R005175,4,5.55,KOL reviews are useful but need to be authentic,5
R005176,10,9.65,I prefer brands with recyclable packaging,5
R005177,10,10.0,the product quality is stable and trustworthy,0
R005178,8,10.0,delivery speed affects whether I choose the brand,5
R005179,9,8.62,I care about ingredients and product safety,2
R005180,7,7.51,offline availability is not always convenient,5
R005181,8,8.83,sustainability claims need to be more credible,5
R005182,8,8.66,stockouts make me switch to other brands,3
R005183,8,9.23,livestream promotion helps me discover new products,4
R005184,6,6.27,the packaging is convenient but could look more premium,5
R005185,8,9.56,stockouts make me switch to other brands,3
R005186,8,8.62,the price feels high without promotion,4
R005187,6,6.77,livestream promotion helps me discover new products,4
R005188,10,8.18,portable packaging is useful for work and travel,5
R005189,8,7.67,offline availability is not always convenient,5
R005190,10,9.9,portable packaging is useful for work and travel,5
R005191,7,6.15,stockouts make me switch to other brands,3
R005192,9,8.02,the product quality is stable and trustworthy,0
R005193,7,8.23,membership coupons can increase repeat purchase,1
R005194,6,7.5,KOL reviews are useful but need to be authentic,5
R005195,9,9.42,the product quality is stable and trustworthy,0
R005196,9,9.64,KOL reviews are useful but need to be authentic,5
R005197,10,9.8,I care about ingredients and product safety,2
R005198,10,7.49,I prefer brands with recyclable packaging,5
R005199,10,10.0,low carbon packaging would improve brand impression,5
R005200,6,5.9,low carbon packaging would improve brand impression,5
