respondent_id,persona_seed,age,monthly_income,city_tier,primary_channel,category,price_sensitivity,quality_expectation,convenience_need,sustainability_attitude,willingness_to_pay,awareness,consideration,trial,repeat_purchase,monthly_purchase_frequency,satisfaction,nps,feedback_theme_seed,feedback_text,segment_id,segment
R000001,value_seekers,30,6909.61,tier_2,jd,ready_to_drink,7.7,5.86,6.04,4.99,17.35,0,0,0,0,0,7.66,5,promotion,membership coupons can increase repeat purchase,2,Value Seekers
R000002,convenience_first,35,19175.59,tier_3_plus,douyin,healthy_snack,5.38,7.59,9.87,5.11,30.27,0,1,0,0,1,7.09,6,delivery,stockouts make me switch to other brands,3,Convenience Driven
R000003,quality_first,29,9603.56,new_tier_1,jd,personal_care,5.74,7.56,6.41,4.78,35.77,1,1,1,1,4,5.37,1,promotion,livestream promotion helps me discover new products,2,Value Seekers
R000004,quality_first,29,10089.55,tier_2,tmall,home_cleaning,5.66,9.39,6.4,4.73,35.6,0,1,1,1,1,8.59,10,promotion,membership coupons can increase repeat purchase,1,Quality Loyalists
R000005,quality_first,27,11682.19,tier_1,private_domain,personal_care,6.36,9.51,5.82,7.39,31.74,1,1,1,1,3,10.0,7,promotion,livestream promotion helps me discover new products,1,Quality Loyalists
R000006,eco_advocates,19,27492.29,new_tier_1,tmall,ready_to_drink,5.34,8.34,7.45,8.92,34.68,0,1,0,0,1,9.57,10,delivery,stockouts make me switch to other brands,4,Eco Advocates
R000007,new_explorers,25,5585.58,tier_2,offline_supermarket,ready_to_drink,7.93,6.75,6.06,6.09,22.55,0,0,0,1,1,6.87,9,packaging,the packaging is convenient but could look more premium,0,High Value Fans
R000008,value_seekers,28,4580.92,tier_1,tmall,healthy_snack,9.33,7.63,6.83,5.06,17.57,1,1,0,1,4,7.56,6,promotion,KOL reviews are useful but need to be authentic,0,High Value Fans
R000009,convenience_first,41,13959.02,tier_3_plus,private_domain,ready_to_drink,4.58,6.68,10.0,5.55,21.82,1,1,1,1,5,8.46,8,delivery,delivery speed affects whether I choose the brand,3,Convenience Driven
R000010,quality_first,35,17214.32,tier_3_plus,private_domain,personal_care,5.0,8.85,6.62,7.58,27.94,1,1,1,1,1,10.0,10,quality,quality improvement would make me repurchase more often,1,Quality Loyalists
R000011,new_explorers,31,9892.16,tier_1,jd,ready_to_drink,7.7,7.47,6.03,5.95,21.77,0,1,1,1,1,8.86,8,promotion,KOL reviews are useful but need to be authentic,0,High Value Fans
R000012,new_explorers,32,14210.28,tier_2,private_domain,home_cleaning,6.28,7.37,6.73,5.13,22.43,1,1,1,1,8,7.52,8,delivery,offline availability is not always convenient,0,High Value Fans
R000013,convenience_first,33,5112.31,tier_2,tmall,home_cleaning,5.26,6.81,9.42,6.06,23.99,1,1,0,1,3,9.78,10,quality,I care about ingredients and product safety,3,Convenience Driven
R000014,eco_advocates,41,5655.52,tier_2,douyin,ready_to_drink,5.35,6.84,5.66,8.82,28.17,1,1,1,1,4,8.9,9,delivery,offline availability is not always convenient,4,Eco Advocates
R000015,convenience_first,29,15555.79,new_tier_1,private_domain,ready_to_drink,5.54,7.66,8.25,6.62,26.9,0,0,0,1,6,10.0,10,promotion,KOL reviews are useful but need to be authentic,3,Convenience Driven
R000016,eco_advocates,38,4447.39,tier_3_plus,tmall,ready_to_drink,5.85,8.85,7.94,8.71,31.62,0,0,0,0,0,8.41,8,sustainability,I prefer brands with recyclable packaging,4,Eco Advocates
R000017,quality_first,32,5840.19,tier_1,jd,ready_to_drink,4.78,10.0,6.3,7.42,31.27,1,1,0,1,3,10.0,10,quality,I care about ingredients and product safety,1,Quality Loyalists
R000018,quality_first,18,9642.3,tier_2,private_domain,healthy_snack,4.7,8.43,5.97,5.28,37.41,0,0,0,1,5,9.37,9,quality,I care about ingredients and product safety,1,Quality Loyalists
R000019,quality_first,21,19112.55,new_tier_1,tmall,personal_care,4.3,10.0,6.13,6.39,31.0,1,1,0,1,2,9.49,8,quality,quality improvement would make me repurchase more often,1,Quality Loyalists
R000020,value_seekers,26,6134.68,tier_3_plus,jd,ready_to_drink,8.68,7.29,6.53,5.16,19.15,1,1,1,1,4,6.79,7,quality,I care about ingredients and product safety,0,High Value Fans
R000021,convenience_first,37,6137.84,tier_1,jd,healthy_snack,4.63,6.9,9.2,6.51,28.88,1,1,1,1,3,9.08,7,quality,I care about ingredients and product safety,3,Convenience Driven
R000022,quality_first,18,7341.29,new_tier_1,jd,ready_to_drink,3.72,9.04,5.15,6.64,32.85,1,1,1,1,6,8.1,7,promotion,livestream promotion helps me discover new products,1,Quality Loyalists
R000023,convenience_first,20,13317.66,tier_1,offline_supermarket,healthy_snack,5.13,5.9,9.32,4.31,29.94,1,0,0,0,0,8.74,8,promotion,livestream promotion helps me discover new products,3,Convenience Driven
R000024,value_seekers,34,2604.85,tier_2,tmall,healthy_snack,9.11,5.86,4.09,5.66,14.58,0,0,1,0,2,6.82,6,delivery,stockouts make me switch to other brands,2,Value Seekers
R000025,quality_first,41,6898.14,new_tier_1,jd,personal_care,4.56,9.45,5.92,6.52,39.13,1,1,1,1,0,9.63,10,packaging,the packaging is convenient but could look more premium,1,Quality Loyalists
R000026,quality_first,24,6765.72,tier_3_plus,offline_supermarket,personal_care,4.68,10.0,6.37,6.98,29.42,1,1,1,1,4,10.0,10,quality,the product quality is stable and trustworthy,1,Quality Loyalists
R000027,value_seekers,37,17967.13,tier_3_plus,private_domain,home_cleaning,9.5,5.43,7.7,5.72,19.0,1,1,1,1,4,6.23,4,delivery,stockouts make me switch to other brands,2,Value Seekers
R000028,convenience_first,18,11775.95,tier_3_plus,private_domain,healthy_snack,5.55,5.92,9.55,5.39,25.42,1,1,0,1,4,8.49,10,price,I compare price across platforms before purchase,3,Convenience Driven
R000029,quality_first,34,10710.45,new_tier_1,tmall,ready_to_drink,3.92,9.97,5.31,5.46,39.31,1,0,1,0,2,8.64,10,delivery,delivery speed affects whether I choose the brand,1,Quality Loyalists
R000030,quality_first,33,5506.06,tier_2,tmall,healthy_snack,1.98,8.26,7.04,6.91,24.82,1,1,1,1,1,10.0,9,promotion,livestream promotion helps me discover new products,1,Quality Loyalists
R000031,value_seekers,30,11354.55,tier_2,jd,healthy_snack,8.83,6.32,6.36,6.18,15.68,0,1,1,1,6,8.44,7,packaging,portable packaging is useful for work and travel,0,High Value Fans
R000032,new_explorers,28,6553.34,new_tier_1,xiaohongshu,personal_care,7.13,8.35,5.84,7.11,27.72,1,1,1,1,1,9.14,10,delivery,offline availability is not always convenient,1,Quality Loyalists
R000033,eco_advocates,30,9384.01,new_tier_1,offline_supermarket,healthy_snack,4.93,8.03,6.39,9.06,41.64,1,1,1,1,2,9.9,10,promotion,membership coupons can increase repeat purchase,4,Eco Advocates
R000034,convenience_first,34,7740.29,new_tier_1,douyin,ready_to_drink,6.2,6.52,9.59,5.73,33.55,1,1,1,1,3,10.0,10,delivery,offline availability is not always convenient,3,Convenience Driven
R000035,quality_first,28,8919.47,tier_1,private_domain,healthy_snack,5.38,8.78,6.0,5.36,26.44,1,1,0,0,0,10.0,10,quality,I care about ingredients and product safety,1,Quality Loyalists
R000036,new_explorers,32,12891.69,new_tier_1,jd,healthy_snack,6.7,6.91,6.13,6.02,25.66,0,0,0,0,0,8.66,10,price,discount bundles make me more willing to buy,0,High Value Fans
R000037,convenience_first,32,8607.81,tier_2,tmall,ready_to_drink,6.61,7.21,8.93,5.48,21.63,1,1,0,0,0,7.47,5,price,I compare price across platforms before purchase,2,Value Seekers
R000038,quality_first,34,9706.57,tier_1,jd,healthy_snack,5.07,7.86,6.76,5.75,31.65,1,1,1,1,3,10.0,8,packaging,the packaging is convenient but could look more premium,1,Quality Loyalists
R000039,new_explorers,24,10633.31,tier_3_plus,tmall,healthy_snack,6.44,5.35,6.72,6.73,21.45,1,1,1,1,1,8.88,9,packaging,the package design should show product benefits more clearly,0,High Value Fans
R000040,quality_first,39,16511.14,tier_3_plus,offline_supermarket,ready_to_drink,4.39,8.42,6.27,6.94,31.38,0,1,1,1,0,8.81,10,delivery,delivery speed affects whether I choose the brand,1,Quality Loyalists
R000041,convenience_first,42,21376.89,tier_3_plus,offline_supermarket,ready_to_drink,5.8,6.26,9.19,5.77,30.54,0,0,0,1,3,7.35,8,packaging,portable packaging is useful for work and travel,3,Convenience Driven
R000042,quality_first,33,6173.38,tier_1,xiaohongshu,ready_to_drink,6.8,8.91,8.76,5.15,23.21,1,1,1,1,7,10.0,9,packaging,portable packaging is useful for work and travel,3,Convenience Driven
R000043,value_seekers,38,13902.36,tier_3_plus,xiaohongshu,ready_to_drink,8.39,7.36,5.88,6.75,23.07,1,1,1,1,3,6.07,6,price,the price feels high without promotion,2,Value Seekers
R000044,eco_advocates,35,5029.37,new_tier_1,private_domain,ready_to_drink,5.04,6.93,7.81,9.04,28.88,0,0,1,1,4,9.18,9,sustainability,sustainability claims need to be more credible,4,Eco Advocates
R000045,value_seekers,42,17569.36,tier_3_plus,tmall,personal_care,7.68,5.52,4.6,5.81,19.61,0,0,0,0,1,7.59,8,price,discount bundles make me more willing to buy,0,High Value Fans
R000046,quality_first,28,13462.0,tier_2,jd,home_cleaning,5.6,8.9,7.29,5.47,33.98,1,1,0,0,1,6.81,8,promotion,KOL reviews are useful but need to be authentic,1,Quality Loyalists
R000047,convenience_first,33,9182.86,tier_1,tmall,healthy_snack,5.57,6.0,8.53,5.24,17.91,1,1,0,1,4,8.89,7,packaging,the packaging is convenient but could look more premium,3,Convenience Driven
R000048,value_seekers,26,22619.96,tier_1,xiaohongshu,healthy_snack,9.57,7.23,5.68,4.42,23.63,0,0,0,0,0,4.25,3,promotion,membership coupons can increase repeat purchase,2,Value Seekers
R000049,eco_advocates,42,17861.59,tier_2,offline_supermarket,healthy_snack,6.22,6.69,5.46,10.0,35.52,0,0,0,0,0,8.3,7,promotion,KOL reviews are useful but need to be authentic,4,Eco Advocates
R000050,convenience_first,40,5157.59,tier_1,jd,ready_to_drink,6.59,5.92,8.67,6.76,25.41,1,1,1,1,5,9.43,9,delivery,offline availability is not always convenient,3,Convenience Driven
R000051,convenience_first,40,10004.5,tier_3_plus,offline_supermarket,ready_to_drink,5.38,7.28,8.67,6.33,17.21,0,0,1,1,2,8.91,10,price,discount bundles make me more willing to buy,3,Convenience Driven
R000052,quality_first,43,16351.46,tier_2,jd,healthy_snack,5.78,9.89,6.51,5.93,38.57,0,0,0,1,5,10.0,9,quality,quality improvement would make me repurchase more often,1,Quality Loyalists
R000053,quality_first,25,10958.63,tier_3_plus,private_domain,personal_care,5.09,8.94,5.9,4.25,27.49,1,0,0,0,0,8.7,10,promotion,livestream promotion helps me discover new products,1,Quality Loyalists
R000054,quality_first,22,19481.98,tier_2,jd,ready_to_drink,3.35,8.64,6.3,5.06,32.78,1,1,1,1,6,9.64,10,packaging,the package design should show product benefits more clearly,1,Quality Loyalists
R000055,quality_first,29,9981.36,tier_3_plus,tmall,home_cleaning,5.44,8.51,6.51,6.91,34.02,1,1,1,1,3,8.9,8,quality,I care about ingredients and product safety,1,Quality Loyalists
R000056,convenience_first,40,34585.04,tier_2,jd,healthy_snack,5.03,5.44,9.4,5.13,24.47,1,1,1,1,5,9.24,8,sustainability,sustainability claims need to be more credible,3,Convenience Driven
R000057,convenience_first,42,7261.83,tier_3_plus,jd,ready_to_drink,5.44,7.0,8.54,4.94,22.81,1,1,1,1,4,9.41,9,promotion,livestream promotion helps me discover new products,3,Convenience Driven
R000058,quality_first,27,8472.61,tier_1,jd,healthy_snack,3.65,9.69,7.17,6.7,33.77,1,1,1,1,3,10.0,9,quality,I care about ingredients and product safety,1,Quality Loyalists
R000059,value_seekers,30,21191.45,tier_2,offline_supermarket,healthy_snack,7.94,6.55,5.3,4.42,18.42,0,1,0,0,1,4.91,3,price,the price feels high without promotion,2,Value Seekers
R000060,eco_advocates,32,6836.0,tier_1,jd,ready_to_drink,6.84,7.53,5.86,9.21,25.99,1,1,1,1,7,7.6,8,sustainability,sustainability claims need to be more credible,4,Eco Advocates
R000061,convenience_first,29,13648.82,tier_1,jd,ready_to_drink,5.88,6.42,8.38,4.65,22.03,0,1,1,1,4,8.8,9,price,discount bundles make me more willing to buy,3,Convenience Driven
R000062,quality_first,18,7395.69,tier_1,douyin,healthy_snack,5.49,8.71,7.65,5.31,31.62,1,1,1,0,1,9.38,8,quality,the product quality is stable and trustworthy,1,Quality Loyalists
R000063,quality_first,33,4621.7,new_tier_1,offline_supermarket,ready_to_drink,4.81,9.12,6.22,7.37,28.81,0,0,0,0,0,9.58,10,packaging,the packaging is convenient but could look more premium,1,Quality Loyalists
R000064,value_seekers,30,7611.42,tier_2,private_domain,personal_care,6.87,7.11,6.6,5.04,13.77,1,1,1,1,1,9.7,7,sustainability,I prefer brands with recyclable packaging,0,High Value Fans
R000065,new_explorers,31,6874.14,new_tier_1,offline_supermarket,personal_care,8.11,5.57,6.54,6.68,20.76,1,1,1,0,0,6.75,6,quality,quality improvement would make me repurchase more often,2,Value Seekers
R000066,new_explorers,41,11794.9,new_tier_1,xiaohongshu,personal_care,7.29,6.84,6.91,6.35,24.49,0,0,0,0,0,8.06,8,sustainability,low carbon packaging would improve brand impression,0,High Value Fans
R000067,value_seekers,28,13747.01,tier_3_plus,tmall,ready_to_drink,6.27,5.55,6.17,5.91,19.57,0,1,1,1,4,8.83,8,sustainability,sustainability claims need to be more credible,0,High Value Fans
R000068,quality_first,30,10556.89,tier_2,private_domain,healthy_snack,5.65,9.52,6.28,7.58,35.13,0,1,1,0,3,9.52,9,quality,the product quality is stable and trustworthy,1,Quality Loyalists
R000069,eco_advocates,19,12368.9,tier_1,douyin,ready_to_drink,4.9,7.07,5.65,8.92,32.31,1,1,1,0,1,8.54,9,quality,quality improvement would make me repurchase more often,4,Eco Advocates
R000070,quality_first,32,15517.14,new_tier_1,private_domain,personal_care,5.0,10.0,5.29,6.44,30.61,0,0,0,1,4,7.72,8,quality,I care about ingredients and product safety,1,Quality Loyalists
R000071,convenience_first,21,14313.4,tier_2,xiaohongshu,ready_to_drink,4.78,7.0,9.4,6.7,28.46,1,1,1,1,5,10.0,9,promotion,KOL reviews are useful but need to be authentic,3,Convenience Driven
R000072,quality_first,41,11019.16,tier_2,private_domain,ready_to_drink,5.03,9.21,6.18,6.89,36.55,1,1,1,1,4,10.0,10,promotion,KOL reviews are useful but need to be authentic,1,Quality Loyalists
R000073,eco_advocates,27,7637.05,new_tier_1,tmall,home_cleaning,5.85,7.44,6.59,9.39,29.56,1,1,1,1,4,10.0,9,sustainability,I prefer brands with recyclable packaging,4,Eco Advocates
R000074,new_explorers,36,10669.02,tier_2,douyin,healthy_snack,6.06,6.32,5.91,6.32,24.01,1,0,0,0,0,7.85,8,promotion,livestream promotion helps me discover new products,0,High Value Fans
R000075,new_explorers,37,6829.74,tier_2,offline_supermarket,personal_care,7.01,6.58,6.18,5.59,25.39,0,0,0,0,0,7.74,6,price,the price feels high without promotion,2,Value Seekers
R000076,convenience_first,27,11585.88,tier_3_plus,douyin,ready_to_drink,5.36,6.05,10.0,5.27,28.89,1,1,1,1,0,10.0,9,delivery,stockouts make me switch to other brands,3,Convenience Driven
R000077,value_seekers,28,14856.61,tier_1,offline_supermarket,ready_to_drink,8.11,7.0,6.3,5.2,15.09,0,0,1,1,3,10.0,10,price,I compare price across platforms before purchase,0,High Value Fans
R000078,new_explorers,34,25856.46,tier_1,tmall,ready_to_drink,6.53,7.11,6.78,5.75,26.34,1,1,0,0,0,7.54,6,quality,I care about ingredients and product safety,2,Value Seekers
R000079,value_seekers,23,14554.94,tier_1,douyin,personal_care,8.75,6.21,7.57,5.51,19.72,1,1,1,1,3,5.49,6,price,the price feels high without promotion,2,Value Seekers
R000080,quality_first,36,6935.69,tier_2,tmall,healthy_snack,3.96,9.95,6.52,5.93,35.39,1,1,1,0,1,8.08,10,quality,I care about ingredients and product safety,1,Quality Loyalists
R000081,quality_first,28,15819.22,new_tier_1,douyin,home_cleaning,3.81,8.23,6.35,7.36,31.71,1,1,1,1,3,9.21,10,promotion,KOL reviews are useful but need to be authentic,1,Quality Loyalists
R000082,convenience_first,29,4886.08,tier_2,jd,personal_care,6.33,7.7,7.03,4.85,24.17,1,1,1,1,4,8.69,8,promotion,livestream promotion helps me discover new products,3,Convenience Driven
R000083,quality_first,51,9473.51,tier_3_plus,tmall,ready_to_drink,5.29,8.38,6.79,6.47,30.41,1,1,1,1,5,8.64,7,price,I compare price across platforms before purchase,1,Quality Loyalists
R000084,value_seekers,33,13847.45,new_tier_1,tmall,ready_to_drink,8.65,6.38,5.83,6.59,23.28,1,1,0,0,1,6.26,5,price,I compare price across platforms before purchase,2,Value Seekers
R000085,value_seekers,38,21007.89,tier_3_plus,douyin,home_cleaning,7.46,6.46,6.03,4.8,16.78,1,1,1,1,5,8.02,7,price,discount bundles make me more willing to buy,0,High Value Fans
R000086,convenience_first,21,10528.81,tier_2,offline_supermarket,home_cleaning,2.71,7.09,8.4,5.25,28.16,0,1,1,1,2,9.03,9,price,the price feels high without promotion,3,Convenience Driven
R000087,quality_first,30,10715.17,tier_2,xiaohongshu,personal_care,4.75,8.85,6.19,5.69,35.03,1,1,0,0,1,8.92,8,delivery,delivery speed affects whether I choose the brand,1,Quality Loyalists
R000088,convenience_first,37,12413.57,new_tier_1,jd,home_cleaning,6.66,7.09,8.31,5.18,25.64,1,1,1,1,3,8.38,9,delivery,offline availability is not always convenient,3,Convenience Driven
R000089,convenience_first,32,24328.58,tier_2,jd,ready_to_drink,3.78,7.09,7.54,5.96,31.1,0,1,1,0,4,9.0,8,packaging,the package design should show product benefits more clearly,3,Convenience Driven
R000090,new_explorers,35,13854.72,tier_1,offline_supermarket,personal_care,6.42,7.0,6.63,5.96,29.72,1,1,1,1,6,9.55,9,sustainability,I prefer brands with recyclable packaging,3,Convenience Driven
R000091,new_explorers,32,9594.28,tier_3_plus,private_domain,healthy_snack,5.74,7.21,7.78,6.19,28.19,0,1,1,1,3,8.39,8,price,the price feels high without promotion,3,Convenience Driven
R000092,value_seekers,43,8688.71,tier_2,xiaohongshu,ready_to_drink,8.64,6.17,6.19,5.14,18.59,1,1,1,0,1,7.37,9,price,I compare price across platforms before purchase,0,High Value Fans
R000093,new_explorers,23,18457.97,new_tier_1,jd,ready_to_drink,7.02,6.86,6.03,6.17,24.91,1,1,0,0,0,8.29,7,delivery,offline availability is not always convenient,0,High Value Fans
R000094,eco_advocates,33,15208.08,tier_2,private_domain,ready_to_drink,3.42,6.69,6.32,9.17,34.28,1,1,1,1,5,9.93,10,price,I compare price across platforms before purchase,4,Eco Advocates
R000095,convenience_first,35,9064.94,tier_3_plus,offline_supermarket,home_cleaning,4.02,6.88,9.99,6.53,26.94,0,0,0,0,0,8.76,7,quality,quality improvement would make me repurchase more often,3,Convenience Driven
R000096,convenience_first,35,9684.3,tier_2,tmall,ready_to_drink,5.69,6.37,9.03,4.64,21.82,0,1,1,1,2,10.0,10,promotion,membership coupons can increase repeat purchase,3,Convenience Driven
R000097,convenience_first,37,18885.12,tier_1,offline_supermarket,personal_care,5.58,5.61,7.85,5.22,30.98,0,1,1,1,1,8.6,9,quality,quality improvement would make me repurchase more often,3,Convenience Driven
R000098,new_explorers,35,8047.52,new_tier_1,offline_supermarket,healthy_snack,7.7,7.26,7.4,5.11,25.48,1,1,1,1,6,8.29,6,delivery,delivery speed affects whether I choose the brand,0,High Value Fans
R000099,value_seekers,33,9363.26,tier_3_plus,private_domain,home_cleaning,7.43,7.35,6.01,4.97,18.33,1,1,1,1,1,9.22,9,price,I compare price across platforms before purchase,0,High Value Fans
R000100,convenience_first,23,4419.02,tier_3_plus,jd,personal_care,6.17,7.04,9.18,5.52,25.12,1,1,1,1,3,7.91,6,sustainability,low carbon packaging would improve brand impression,3,Convenience Driven
R000101,eco_advocates,34,11558.08,tier_2,jd,healthy_snack,6.3,6.68,5.92,8.85,36.81,0,0,0,0,0,5.35,7,sustainability,sustainability claims need to be more credible,4,Eco Advocates
R000102,value_seekers,19,13197.22,tier_1,douyin,ready_to_drink,7.62,6.61,6.02,4.85,14.61,0,0,0,0,0,6.59,7,promotion,livestream promotion helps me discover new products,2,Value Seekers
R000103,convenience_first,29,8750.97,tier_2,jd,healthy_snack,5.26,6.02,9.28,6.39,24.85,1,0,1,1,3,10.0,9,quality,the product quality is stable and trustworthy,3,Convenience Driven
R000104,quality_first,32,19432.99,tier_1,tmall,personal_care,4.54,8.59,5.99,7.22,37.1,1,1,1,1,4,9.74,10,quality,quality improvement would make me repurchase more often,1,Quality Loyalists
R000105,eco_advocates,18,12778.3,tier_3_plus,xiaohongshu,healthy_snack,5.35,7.23,5.17,9.29,31.35,1,1,0,1,3,9.55,10,delivery,stockouts make me switch to other brands,4,Eco Advocates
R000106,value_seekers,42,7722.51,new_tier_1,xiaohongshu,healthy_snack,10.0,7.03,4.56,5.8,13.3,1,1,0,1,4,6.53,7,sustainability,I prefer brands with recyclable packaging,2,Value Seekers
R000107,convenience_first,21,8212.89,tier_3_plus,xiaohongshu,healthy_snack,5.55,5.71,9.32,6.66,25.22,0,0,1,1,3,10.0,10,quality,I care about ingredients and product safety,3,Convenience Driven
R000108,eco_advocates,25,18379.08,new_tier_1,douyin,ready_to_drink,6.92,7.06,6.56,8.02,30.64,1,0,0,0,0,8.14,6,sustainability,sustainability claims need to be more credible,4,Eco Advocates
R000109,convenience_first,34,38952.42,tier_1,offline_supermarket,healthy_snack,5.81,7.99,8.32,3.74,35.73,1,1,0,0,0,8.38,9,promotion,livestream promotion helps me discover new products,3,Convenience Driven
R000110,quality_first,35,11152.8,tier_3_plus,offline_supermarket,ready_to_drink,5.38,9.65,6.66,7.0,33.37,1,1,1,1,4,10.0,10,price,the price feels high without promotion,1,Quality Loyalists
R000111,convenience_first,36,5126.23,tier_1,tmall,healthy_snack,6.15,7.07,8.63,5.07,29.72,0,1,0,0,0,6.23,5,packaging,the package design should show product benefits more clearly,2,Value Seekers
R000112,quality_first,29,10375.5,new_tier_1,jd,ready_to_drink,5.52,9.37,5.78,5.65,34.31,1,0,0,0,0,7.24,8,quality,I care about ingredients and product safety,1,Quality Loyalists
R000113,convenience_first,22,7175.42,new_tier_1,jd,personal_care,5.13,6.47,8.13,6.82,24.93,1,1,0,1,0,9.19,10,promotion,livestream promotion helps me discover new products,3,Convenience Driven
R000114,value_seekers,32,7828.48,tier_1,tmall,home_cleaning,9.47,5.64,7.71,4.96,17.96,1,1,1,1,5,7.78,10,promotion,livestream promotion helps me discover new products,0,High Value Fans
R000115,quality_first,28,11241.19,tier_2,tmall,healthy_snack,5.48,9.22,6.48,5.75,32.14,1,1,0,1,6,9.8,9,promotion,membership coupons can increase repeat purchase,1,Quality Loyalists
R000116,value_seekers,25,10820.47,tier_2,xiaohongshu,healthy_snack,9.26,6.84,5.76,5.12,20.39,0,0,0,1,1,6.9,6,packaging,the package design should show product benefits more clearly,2,Value Seekers
R000117,value_seekers,33,3172.04,tier_3_plus,douyin,home_cleaning,8.64,5.6,6.52,5.47,11.8,1,1,1,0,1,5.24,6,price,discount bundles make me more willing to buy,2,Value Seekers
R000118,convenience_first,34,6452.07,tier_1,private_domain,healthy_snack,5.69,6.33,7.66,4.94,25.93,0,0,0,1,7,6.76,6,delivery,offline availability is not always convenient,3,Convenience Driven
R000119,value_seekers,38,11037.06,tier_2,offline_supermarket,ready_to_drink,8.52,7.6,5.8,4.82,19.15,1,1,1,1,7,8.04,6,quality,the product quality is stable and trustworthy,0,High Value Fans
R000120,convenience_first,20,22635.66,tier_3_plus,private_domain,healthy_snack,5.52,7.3,9.16,4.46,26.92,1,1,1,1,9,10.0,9,delivery,delivery speed affects whether I choose the brand,3,Convenience Driven
R000121,convenience_first,32,18245.9,tier_2,jd,healthy_snack,4.62,7.08,7.7,4.22,26.1,1,1,1,1,0,8.9,7,price,discount bundles make me more willing to buy,3,Convenience Driven
R000122,new_explorers,30,15012.33,tier_2,offline_supermarket,healthy_snack,6.91,6.74,7.88,7.7,25.18,1,1,0,0,0,5.72,5,packaging,the packaging is convenient but could look more premium,2,Value Seekers
R000123,quality_first,35,13889.87,new_tier_1,xiaohongshu,home_cleaning,4.94,8.34,6.72,6.63,23.97,1,0,0,0,1,9.72,9,quality,I care about ingredients and product safety,1,Quality Loyalists
R000124,quality_first,29,25559.89,tier_2,tmall,ready_to_drink,3.38,6.87,6.52,7.33,40.76,1,1,1,1,5,8.44,8,sustainability,I prefer brands with recyclable packaging,4,Eco Advocates
R000125,quality_first,18,13614.64,tier_1,private_domain,personal_care,2.72,9.16,6.97,4.98,30.39,1,1,1,1,6,10.0,10,delivery,offline availability is not always convenient,1,Quality Loyalists
R000126,value_seekers,22,7735.81,tier_3_plus,douyin,personal_care,6.63,6.27,5.37,5.27,19.07,1,1,1,1,4,7.05,7,price,I compare price across platforms before purchase,0,High Value Fans
R000127,convenience_first,27,24231.95,tier_3_plus,offline_supermarket,healthy_snack,5.33,6.26,9.18,6.34,33.73,1,1,1,1,5,9.8,10,packaging,the package design should show product benefits more clearly,3,Convenience Driven
R000128,eco_advocates,26,15819.19,tier_3_plus,jd,ready_to_drink,4.81,7.59,6.69,9.93,35.37,1,1,1,1,5,8.67,9,promotion,KOL reviews are useful but need to be authentic,4,Eco Advocates
R000129,quality_first,26,6293.14,tier_3_plus,private_domain,personal_care,4.76,9.92,7.76,5.28,35.23,1,1,1,1,4,9.01,9,sustainability,low carbon packaging would improve brand impression,1,Quality Loyalists
R000130,convenience_first,31,8307.13,new_tier_1,jd,home_cleaning,5.15,6.87,8.31,5.17,28.92,0,0,0,1,3,7.02,9,promotion,KOL reviews are useful but need to be authentic,3,Convenience Driven
R000131,new_explorers,32,7512.66,tier_2,offline_supermarket,healthy_snack,5.98,5.67,5.46,6.31,22.01,1,1,1,0,1,6.38,5,quality,quality improvement would make me repurchase more often,2,Value Seekers
R000132,convenience_first,30,7168.12,new_tier_1,tmall,home_cleaning,4.81,7.1,7.62,5.2,21.9,1,1,1,1,4,8.85,9,packaging,the packaging is convenient but could look more premium,3,Convenience Driven
R000133,eco_advocates,32,7256.64,new_tier_1,tmall,healthy_snack,4.96,8.18,7.41,8.87,30.6,1,0,0,0,1,8.63,8,packaging,the package design should show product benefits more clearly,4,Eco Advocates
R000134,new_explorers,31,6672.3,tier_2,offline_supermarket,ready_to_drink,7.91,5.55,5.29,5.27,24.09,0,0,0,1,3,4.37,3,price,I compare price across platforms before purchase,2,Value Seekers
R000135,value_seekers,30,7725.76,new_tier_1,tmall,ready_to_drink,8.48,5.79,5.71,5.45,16.26,1,1,1,1,2,7.58,6,promotion,livestream promotion helps me discover new products,2,Value Seekers
R000136,convenience_first,19,23980.05,tier_2,tmall,home_cleaning,6.06,7.49,8.21,5.13,29.61,1,1,1,1,2,8.85,10,quality,quality improvement would make me repurchase more often,3,Convenience Driven
R000137,eco_advocates,35,17498.91,tier_2,jd,healthy_snack,5.59,6.2,5.39,9.85,29.86,0,0,0,0,0,6.05,5,sustainability,I prefer brands with recyclable packaging,4,Eco Advocates
R000138,eco_advocates,32,12385.12,new_tier_1,offline_supermarket,personal_care,5.28,9.02,6.18,9.44,41.23,1,1,1,1,1,10.0,10,quality,the product quality is stable and trustworthy,4,Eco Advocates
R000139,quality_first,24,7040.99,new_tier_1,offline_supermarket,ready_to_drink,5.67,9.39,6.1,7.84,31.71,1,1,0,0,0,7.3,8,packaging,portable packaging is useful for work and travel,1,Quality Loyalists
R000140,convenience_first,28,8524.03,new_tier_1,douyin,home_cleaning,5.8,6.15,8.38,5.3,27.91,1,0,0,0,0,7.64,7,delivery,stockouts make me switch to other brands,3,Convenience Driven
R000141,convenience_first,28,11219.39,tier_1,private_domain,healthy_snack,6.47,7.73,7.96,5.28,25.35,0,0,0,1,4,10.0,10,delivery,delivery speed affects whether I choose the brand,3,Convenience Driven
R000142,quality_first,27,4251.91,tier_2,jd,home_cleaning,6.85,9.45,6.23,5.9,26.73,1,1,1,1,7,9.62,9,packaging,portable packaging is useful for work and travel,1,Quality Loyalists
R000143,value_seekers,32,5584.77,tier_1,douyin,home_cleaning,8.99,6.04,3.65,4.64,19.8,1,1,1,1,4,6.5,6,promotion,livestream promotion helps me discover new products,2,Value Seekers
R000144,quality_first,39,26566.41,tier_3_plus,offline_supermarket,ready_to_drink,4.22,10.0,6.57,7.15,38.31,0,1,1,1,1,8.63,9,quality,quality improvement would make me repurchase more often,1,Quality Loyalists
R000145,new_explorers,32,19624.22,new_tier_1,offline_supermarket,home_cleaning,6.57,6.06,6.17,6.44,24.16,1,0,0,0,0,6.38,6,quality,I care about ingredients and product safety,2,Value Seekers
R000146,value_seekers,18,9032.83,new_tier_1,douyin,ready_to_drink,6.56,6.73,6.2,4.29,18.69,1,1,1,1,1,8.48,9,price,the price feels high without promotion,0,High Value Fans
R000147,value_seekers,26,12635.14,tier_3_plus,xiaohongshu,ready_to_drink,9.67,5.53,5.76,5.01,16.46,1,0,1,1,3,8.55,9,price,discount bundles make me more willing to buy,0,High Value Fans
R000148,quality_first,33,11186.51,new_tier_1,jd,healthy_snack,4.76,9.06,7.87,6.62,31.13,0,1,0,0,0,9.39,9,quality,I care about ingredients and product safety,1,Quality Loyalists
R000149,value_seekers,32,12801.71,tier_1,tmall,ready_to_drink,7.73,6.65,4.91,5.33,17.73,1,1,1,0,1,6.95,6,quality,I care about ingredients and product safety,2,Value Seekers
R000150,value_seekers,26,6769.91,tier_1,offline_supermarket,ready_to_drink,8.99,6.32,5.93,4.7,15.6,0,1,1,1,3,7.92,9,promotion,livestream promotion helps me discover new products,0,High Value Fans
R000151,new_explorers,29,9392.54,tier_2,jd,healthy_snack,7.81,6.53,6.23,6.4,17.85,0,0,0,1,1,7.22,5,promotion,livestream promotion helps me discover new products,2,Value Seekers
R000152,quality_first,28,7099.97,new_tier_1,offline_supermarket,ready_to_drink,4.66,8.96,5.08,6.68,29.56,0,0,0,1,3,9.2,8,price,the price feels high without promotion,1,Quality Loyalists
R000153,convenience_first,20,12794.68,tier_3_plus,private_domain,personal_care,4.7,7.25,8.52,6.36,25.89,1,1,1,1,7,10.0,10,sustainability,sustainability claims need to be more credible,3,Convenience Driven
R000154,value_seekers,23,5475.61,tier_1,douyin,personal_care,9.08,6.19,5.27,5.23,15.72,1,1,1,0,0,3.45,1,price,I compare price across platforms before purchase,2,Value Seekers
R000155,convenience_first,23,8293.12,tier_1,tmall,ready_to_drink,4.35,6.96,10.0,6.93,27.75,1,1,1,1,4,10.0,10,delivery,stockouts make me switch to other brands,3,Convenience Driven
R000156,value_seekers,32,10380.85,tier_3_plus,offline_supermarket,healthy_snack,9.17,6.52,4.78,2.85,21.82,0,1,1,0,1,6.49,5,quality,quality improvement would make me repurchase more often,2,Value Seekers
R000157,eco_advocates,37,10568.18,tier_2,offline_supermarket,healthy_snack,5.31,8.14,6.25,8.31,38.67,0,1,1,1,3,10.0,10,packaging,the package design should show product benefits more clearly,4,Eco Advocates
R000158,quality_first,35,7750.09,tier_2,douyin,healthy_snack,3.33,9.31,7.47,6.91,28.45,1,1,1,1,3,7.9,8,quality,the product quality is stable and trustworthy,1,Quality Loyalists
R000159,value_seekers,32,14033.02,new_tier_1,tmall,healthy_snack,7.93,6.62,5.59,5.66,22.06,1,1,0,0,2,7.29,5,quality,quality improvement would make me repurchase more often,2,Value Seekers
R000160,eco_advocates,48,8652.85,tier_1,jd,home_cleaning,6.62,8.1,5.88,8.08,33.11,1,1,0,0,0,6.29,7,quality,quality improvement would make me repurchase more often,4,Eco Advocates
R000161,convenience_first,29,9541.2,new_tier_1,private_domain,healthy_snack,5.17,7.97,9.2,6.83,28.97,0,0,1,1,3,10.0,10,delivery,stockouts make me switch to other brands,3,Convenience Driven
R000162,quality_first,21,20230.97,tier_1,xiaohongshu,personal_care,4.79,9.73,6.15,6.49,31.61,1,1,1,1,4,10.0,10,quality,I care about ingredients and product safety,1,Quality Loyalists
R000163,value_seekers,18,8010.28,tier_3_plus,private_domain,home_cleaning,9.78,6.08,5.79,4.57,10.21,0,0,0,0,0,5.56,5,price,I compare price across platforms before purchase,2,Value Seekers
R000164,eco_advocates,44,11682.79,tier_1,jd,healthy_snack,5.48,7.04,7.57,10.0,34.98,0,0,0,0,1,10.0,8,packaging,portable packaging is useful for work and travel,4,Eco Advocates
R000165,quality_first,30,8306.82,tier_3_plus,xiaohongshu,ready_to_drink,3.75,9.48,5.63,6.01,35.45,1,1,1,1,1,10.0,10,promotion,livestream promotion helps me discover new products,1,Quality Loyalists
R000166,value_seekers,30,9676.7,tier_1,xiaohongshu,healthy_snack,6.46,7.15,5.97,4.61,18.27,0,1,1,0,2,8.27,7,price,I compare price across platforms before purchase,0,High Value Fans
R000167,new_explorers,29,4099.93,new_tier_1,jd,personal_care,4.14,6.41,6.03,5.17,19.3,1,1,0,1,2,8.75,10,quality,quality improvement would make me repurchase more often,0,High Value Fans
R000168,value_seekers,37,17825.21,new_tier_1,private_domain,healthy_snack,7.83,6.5,5.67,5.43,16.34,0,1,0,0,0,6.21,8,packaging,the packaging is convenient but could look more premium,2,Value Seekers
R000169,value_seekers,35,9568.84,new_tier_1,tmall,personal_care,7.05,6.29,4.45,4.48,17.63,1,1,1,0,1,6.13,6,packaging,the packaging is convenient but could look more premium,2,Value Seekers
R000170,quality_first,31,15945.61,tier_3_plus,jd,healthy_snack,7.0,8.65,5.12,5.21,34.35,0,1,1,1,3,10.0,8,packaging,portable packaging is useful for work and travel,1,Quality Loyalists
R000171,value_seekers,24,10827.23,tier_2,tmall,home_cleaning,9.17,6.86,5.48,5.71,16.37,1,1,0,0,0,6.34,6,promotion,KOL reviews are useful but need to be authentic,2,Value Seekers
R000172,quality_first,37,7305.73,tier_1,douyin,healthy_snack,5.56,9.5,5.55,7.14,32.28,1,1,0,0,0,8.86,8,sustainability,I prefer brands with recyclable packaging,1,Quality Loyalists
R000173,convenience_first,18,10624.1,tier_3_plus,jd,healthy_snack,5.72,7.27,8.47,5.94,30.42,1,1,0,1,4,6.55,7,price,I compare price across platforms before purchase,3,Convenience Driven
R000174,new_explorers,27,5344.67,tier_2,xiaohongshu,personal_care,7.78,6.27,6.26,6.49,18.91,1,1,0,1,2,9.07,10,packaging,the package design should show product benefits more clearly,0,High Value Fans
R000175,new_explorers,38,6648.92,tier_2,xiaohongshu,healthy_snack,6.66,5.85,6.58,7.1,21.67,0,1,0,1,3,8.3,9,sustainability,sustainability claims need to be more credible,0,High Value Fans
R000176,value_seekers,44,15504.99,tier_1,xiaohongshu,personal_care,8.95,6.39,6.49,5.06,21.82,0,0,1,0,1,7.04,6,packaging,portable packaging is useful for work and travel,2,Value Seekers
R000177,eco_advocates,42,13680.35,tier_1,douyin,ready_to_drink,5.02,7.84,7.5,9.22,29.41,1,1,1,1,1,8.44,8,delivery,delivery speed affects whether I choose the brand,4,Eco Advocates
R000178,value_seekers,39,8590.96,tier_3_plus,xiaohongshu,ready_to_drink,7.27,4.66,6.57,5.07,17.29,1,1,0,0,1,6.41,4,price,I compare price across platforms before purchase,2,Value Seekers
R000179,eco_advocates,40,15577.02,tier_1,offline_supermarket,healthy_snack,2.55,7.74,7.94,9.85,35.85,0,0,1,1,4,10.0,9,delivery,stockouts make me switch to other brands,4,Eco Advocates
R000180,quality_first,22,6133.71,new_tier_1,xiaohongshu,ready_to_drink,4.68,10.0,6.34,6.59,33.37,0,1,1,1,5,9.31,9,price,the price feels high without promotion,1,Quality Loyalists
R000181,eco_advocates,18,9653.97,new_tier_1,douyin,healthy_snack,6.32,8.08,7.12,9.09,34.45,0,1,0,0,0,7.75,6,delivery,delivery speed affects whether I choose the brand,4,Eco Advocates
R000182,eco_advocates,19,9162.76,tier_3_plus,tmall,personal_care,5.35,7.72,6.09,8.91,30.67,1,1,1,1,2,10.0,10,price,discount bundles make me more willing to buy,4,Eco Advocates
R000183,eco_advocates,26,15928.96,tier_1,tmall,personal_care,3.99,8.21,5.31,8.69,41.06,1,1,1,1,5,9.13,9,promotion,membership coupons can increase repeat purchase,4,Eco Advocates
R000184,new_explorers,22,16044.09,new_tier_1,douyin,healthy_snack,6.96,7.52,5.32,5.95,20.57,1,1,0,0,2,7.71,8,delivery,delivery speed affects whether I choose the brand,0,High Value Fans
R000185,quality_first,30,5334.83,tier_2,offline_supermarket,healthy_snack,4.81,8.28,6.99,6.37,28.09,0,1,1,1,6,8.75,8,quality,quality improvement would make me repurchase more often,1,Quality Loyalists
R000186,convenience_first,47,5170.34,new_tier_1,offline_supermarket,ready_to_drink,6.82,6.39,10.0,5.26,23.4,1,1,1,1,3,9.82,10,quality,the product quality is stable and trustworthy,3,Convenience Driven
R000187,eco_advocates,29,5360.65,new_tier_1,xiaohongshu,ready_to_drink,6.97,7.07,7.44,8.65,30.83,0,1,1,1,7,9.46,8,price,I compare price across platforms before purchase,4,Eco Advocates
R000188,value_seekers,43,21464.48,tier_3_plus,private_domain,personal_care,6.52,7.48,5.8,6.77,16.43,1,1,1,1,2,7.91,8,price,I compare price across platforms before purchase,0,High Value Fans
R000189,convenience_first,24,9542.56,tier_2,tmall,ready_to_drink,5.34,5.78,7.84,6.25,23.96,0,1,1,1,5,7.72,7,price,discount bundles make me more willing to buy,3,Convenience Driven
R000190,quality_first,32,12944.3,tier_1,douyin,healthy_snack,4.62,8.42,6.83,5.76,25.39,1,1,1,0,2,8.23,9,promotion,membership coupons can increase repeat purchase,1,Quality Loyalists
R000191,value_seekers,29,10671.11,tier_2,jd,personal_care,8.78,6.44,6.41,6.14,14.27,1,1,1,0,0,7.3,7,promotion,membership coupons can increase repeat purchase,2,Value Seekers
R000192,convenience_first,23,11301.99,tier_1,private_domain,healthy_snack,5.03,7.01,9.82,5.11,26.63,0,0,0,0,1,5.37,6,delivery,offline availability is not always convenient,3,Convenience Driven
R000193,quality_first,34,10332.39,tier_1,private_domain,healthy_snack,4.97,9.61,5.44,7.06,33.39,1,1,1,1,2,10.0,9,quality,the product quality is stable and trustworthy,1,Quality Loyalists
R000194,convenience_first,29,21242.41,tier_2,tmall,healthy_snack,6.07,7.42,6.8,6.27,31.63,1,0,0,1,3,9.3,9,packaging,the packaging is convenient but could look more premium,1,Quality Loyalists
R000195,convenience_first,28,20532.13,new_tier_1,tmall,ready_to_drink,6.25,5.57,8.14,6.08,24.06,1,1,1,1,1,8.56,7,packaging,the package design should show product benefits more clearly,3,Convenience Driven
R000196,quality_first,31,9707.94,tier_3_plus,jd,personal_care,1.3,8.75,5.96,5.5,32.0,1,1,1,0,0,9.24,10,promotion,livestream promotion helps me discover new products,1,Quality Loyalists
R000197,new_explorers,32,26130.05,tier_2,xiaohongshu,personal_care,4.76,7.27,5.54,7.14,25.93,0,0,0,1,2,9.4,10,delivery,offline availability is not always convenient,1,Quality Loyalists
R000198,value_seekers,29,10976.12,tier_1,xiaohongshu,home_cleaning,8.31,8.37,6.74,6.28,22.53,0,0,1,1,4,6.88,8,promotion,KOL reviews are useful but need to be authentic,0,High Value Fans
R000199,quality_first,29,27767.91,new_tier_1,tmall,healthy_snack,4.44,9.58,7.37,6.07,33.21,1,1,1,1,0,9.84,10,delivery,delivery speed affects whether I choose the brand,1,Quality Loyalists
R000200,quality_first,18,5669.76,tier_2,tmall,ready_to_drink,4.02,7.25,7.23,6.75,29.39,0,0,1,1,4,9.34,9,promotion,KOL reviews are useful but need to be authentic,1,Quality Loyalists
R000201,eco_advocates,29,8713.96,tier_2,tmall,ready_to_drink,5.26,6.74,6.89,10.0,30.29,1,1,0,0,1,9.4,9,price,I compare price across platforms before purchase,4,Eco Advocates
R000202,convenience_first,28,10023.52,tier_3_plus,private_domain,ready_to_drink,5.93,6.73,9.7,6.21,30.22,1,1,1,1,3,9.61,9,delivery,offline availability is not always convenient,3,Convenience Driven
R000203,value_seekers,30,8376.74,tier_3_plus,douyin,ready_to_drink,7.79,6.95,6.61,3.79,24.46,1,1,1,0,1,8.71,8,price,the price feels high without promotion,0,High Value Fans
R000204,eco_advocates,41,7805.7,tier_2,tmall,ready_to_drink,5.46,7.35,7.9,8.18,33.93,1,1,0,0,0,7.73,8,packaging,the packaging is convenient but could look more premium,4,Eco Advocates
R000205,eco_advocates,34,9323.87,new_tier_1,private_domain,healthy_snack,5.72,6.67,6.61,7.41,33.73,1,1,1,1,2,8.85,9,sustainability,I prefer brands with recyclable packaging,4,Eco Advocates
R000206,eco_advocates,37,10596.54,new_tier_1,offline_supermarket,personal_care,6.96,7.97,6.95,9.0,28.08,1,1,1,1,1,8.44,10,promotion,membership coupons can increase repeat purchase,4,Eco Advocates
R000207,value_seekers,26,11798.52,new_tier_1,douyin,healthy_snack,8.32,7.52,5.67,4.29,8.57,1,1,1,1,5,8.87,8,price,the price feels high without promotion,0,High Value Fans
R000208,value_seekers,30,15788.05,tier_3_plus,douyin,ready_to_drink,7.57,8.05,5.93,4.67,21.59,1,1,0,0,1,8.04,7,quality,I care about ingredients and product safety,0,High Value Fans
R000209,new_explorers,26,11320.26,tier_1,private_domain,home_cleaning,7.24,8.38,6.44,7.17,24.33,0,1,1,1,2,7.77,5,delivery,offline availability is not always convenient,0,High Value Fans
R000210,new_explorers,18,13750.54,tier_2,offline_supermarket,healthy_snack,5.81,7.56,6.66,5.18,29.0,1,1,1,1,4,9.25,8,promotion,membership coupons can increase repeat purchase,1,Quality Loyalists
R000211,value_seekers,23,7903.76,new_tier_1,private_domain,personal_care,9.09,5.47,5.97,4.53,11.94,0,1,1,0,0,5.94,8,packaging,the package design should show product benefits more clearly,2,Value Seekers
R000212,convenience_first,26,8062.19,tier_2,xiaohongshu,healthy_snack,5.1,5.01,9.18,5.89,28.8,1,1,1,0,7,9.75,8,quality,the product quality is stable and trustworthy,3,Convenience Driven
R000213,value_seekers,31,18200.01,tier_1,douyin,home_cleaning,9.03,6.14,7.49,4.89,24.14,1,1,1,1,3,6.55,5,price,I compare price across platforms before purchase,2,Value Seekers
R000214,quality_first,40,14050.0,tier_3_plus,tmall,home_cleaning,4.7,7.55,7.49,6.45,30.11,0,0,0,1,1,9.28,8,quality,quality improvement would make me repurchase more often,1,Quality Loyalists
R000215,value_seekers,23,8185.9,tier_3_plus,offline_supermarket,healthy_snack,8.48,5.04,6.06,5.13,15.46,1,1,1,0,0,5.85,4,packaging,the package design should show product benefits more clearly,2,Value Seekers
R000216,quality_first,33,7487.22,new_tier_1,tmall,home_cleaning,6.38,7.65,8.33,7.16,32.2,0,0,0,1,5,10.0,10,sustainability,low carbon packaging would improve brand impression,3,Convenience Driven
R000217,quality_first,32,12200.7,tier_1,tmall,home_cleaning,4.33,8.5,6.45,6.83,31.15,1,1,1,1,4,9.51,10,promotion,KOL reviews are useful but need to be authentic,1,Quality Loyalists
R000218,new_explorers,19,6011.31,tier_1,private_domain,home_cleaning,6.27,8.6,7.23,7.24,19.54,1,1,1,1,4,8.34,7,delivery,offline availability is not always convenient,0,High Value Fans
R000219,convenience_first,38,8533.06,tier_3_plus,offline_supermarket,ready_to_drink,4.04,7.3,8.17,6.69,25.76,1,1,1,1,2,9.56,10,packaging,the package design should show product benefits more clearly,3,Convenience Driven
R000220,value_seekers,46,4674.54,tier_1,private_domain,personal_care,9.56,6.31,6.16,4.32,10.51,1,1,0,0,0,7.03,5,quality,I care about ingredients and product safety,2,Value Seekers
R000221,quality_first,28,30553.52,new_tier_1,tmall,ready_to_drink,6.43,8.4,6.12,7.54,35.72,0,1,0,1,5,10.0,10,quality,quality improvement would make me repurchase more often,1,Quality Loyalists
R000222,quality_first,39,6807.09,tier_2,xiaohongshu,personal_care,5.0,8.58,7.17,6.64,30.67,0,0,0,0,0,10.0,9,promotion,membership coupons can increase repeat purchase,1,Quality Loyalists
R000223,convenience_first,19,16249.28,tier_2,tmall,healthy_snack,5.6,7.55,9.17,5.58,28.15,1,1,1,1,4,10.0,10,quality,quality improvement would make me repurchase more often,3,Convenience Driven
R000224,convenience_first,35,10866.41,tier_3_plus,offline_supermarket,healthy_snack,6.83,6.52,9.6,4.9,30.44,1,1,1,1,8,10.0,10,delivery,delivery speed affects whether I choose the brand,3,Convenience Driven
R000225,quality_first,21,7709.31,tier_2,offline_supermarket,personal_care,6.13,8.57,7.07,5.98,31.31,1,1,1,1,6,10.0,9,delivery,stockouts make me switch to other brands,1,Quality Loyalists
R000226,quality_first,38,5289.77,tier_2,tmall,healthy_snack,4.11,9.51,7.94,5.87,30.92,1,1,1,1,5,10.0,10,quality,the product quality is stable and trustworthy,1,Quality Loyalists
R000227,convenience_first,43,19072.54,new_tier_1,jd,healthy_snack,5.23,6.29,8.34,5.92,32.97,1,1,1,1,1,9.48,10,quality,the product quality is stable and trustworthy,3,Convenience Driven
R000228,new_explorers,22,12261.81,tier_2,private_domain,home_cleaning,4.64,5.62,6.12,5.21,22.68,1,1,1,1,4,9.7,9,price,the price feels high without promotion,0,High Value Fans
R000229,convenience_first,21,5694.09,tier_2,offline_supermarket,home_cleaning,6.24,5.81,9.36,5.51,25.92,0,0,1,0,2,8.76,8,quality,the product quality is stable and trustworthy,3,Convenience Driven
R000230,new_explorers,45,25197.22,tier_1,tmall,healthy_snack,5.67,5.47,7.43,6.19,27.11,1,1,1,1,2,8.54,9,sustainability,I prefer brands with recyclable packaging,3,Convenience Driven
R000231,value_seekers,42,6776.2,tier_3_plus,douyin,personal_care,9.05,7.21,5.65,4.92,22.98,1,1,1,1,3,7.21,5,packaging,the packaging is convenient but could look more premium,2,Value Seekers
R000232,value_seekers,48,15620.28,tier_2,douyin,home_cleaning,8.47,6.7,6.19,5.59,19.55,1,0,1,0,2,7.29,7,promotion,KOL reviews are useful but need to be authentic,0,High Value Fans
R000233,new_explorers,34,12387.19,tier_1,xiaohongshu,healthy_snack,6.24,5.8,8.3,5.82,23.04,0,0,0,1,3,8.69,8,price,I compare price across platforms before purchase,3,Convenience Driven
R000234,convenience_first,42,8044.9,tier_3_plus,douyin,home_cleaning,5.86,7.34,8.81,4.29,25.04,1,1,1,1,4,10.0,8,quality,quality improvement would make me repurchase more often,3,Convenience Driven
R000235,quality_first,25,9881.83,tier_2,douyin,healthy_snack,4.5,10.0,6.68,6.93,30.72,1,0,0,0,0,9.2,8,sustainability,sustainability claims need to be more credible,1,Quality Loyalists
R000236,quality_first,38,20921.31,tier_2,tmall,home_cleaning,4.97,9.16,5.85,7.38,27.96,1,1,0,1,1,10.0,10,quality,the product quality is stable and trustworthy,1,Quality Loyalists
R000237,quality_first,40,22344.79,tier_1,douyin,ready_to_drink,2.46,8.73,6.3,7.0,34.47,0,1,1,1,4,10.0,9,sustainability,I prefer brands with recyclable packaging,1,Quality Loyalists
R000238,convenience_first,42,10122.8,new_tier_1,tmall,healthy_snack,4.69,7.24,9.33,5.73,28.28,1,1,1,1,6,7.39,7,price,I compare price across platforms before purchase,3,Convenience Driven
R000239,quality_first,31,10432.45,new_tier_1,douyin,personal_care,4.36,8.21,7.07,6.55,34.5,0,0,0,0,0,9.63,9,promotion,KOL reviews are useful but need to be authentic,1,Quality Loyalists
R000240,quality_first,34,6939.59,tier_1,tmall,personal_care,5.33,9.26,7.34,6.42,35.38,1,1,1,1,2,9.79,10,delivery,delivery speed affects whether I choose the brand,1,Quality Loyalists
R000241,eco_advocates,40,22255.7,tier_1,offline_supermarket,healthy_snack,4.12,8.24,6.73,8.43,41.88,1,1,0,1,4,9.17,10,quality,I care about ingredients and product safety,4,Eco Advocates
R000242,new_explorers,41,9229.43,tier_3_plus,xiaohongshu,home_cleaning,7.13,6.3,6.58,7.33,25.74,0,0,0,0,0,8.89,10,quality,quality improvement would make me repurchase more often,0,High Value Fans
R000243,new_explorers,25,16823.22,new_tier_1,offline_supermarket,healthy_snack,5.91,7.06,6.14,5.66,20.88,1,1,1,1,3,8.2,8,promotion,membership coupons can increase repeat purchase,0,High Value Fans
R000244,quality_first,29,16006.8,new_tier_1,douyin,ready_to_drink,4.74,8.33,6.13,6.58,34.46,0,1,0,0,1,8.54,8,promotion,livestream promotion helps me discover new products,1,Quality Loyalists
R000245,value_seekers,37,21105.75,tier_2,private_domain,personal_care,9.07,7.47,7.13,4.01,11.3,1,1,0,0,0,6.83,7,promotion,KOL reviews are useful but need to be authentic,2,Value Seekers
R000246,value_seekers,29,6782.43,tier_2,jd,ready_to_drink,8.35,5.61,4.35,4.41,13.48,0,0,0,1,4,7.89,6,packaging,the packaging is convenient but could look more premium,2,Value Seekers
R000247,quality_first,32,17876.06,new_tier_1,douyin,personal_care,4.35,8.65,6.34,6.67,35.71,0,0,0,0,1,10.0,10,packaging,the packaging is convenient but could look more premium,1,Quality Loyalists
R000248,value_seekers,22,4500.82,tier_3_plus,offline_supermarket,ready_to_drink,9.4,7.27,5.68,5.16,20.7,1,1,0,1,4,7.95,8,promotion,membership coupons can increase repeat purchase,0,High Value Fans
R000249,value_seekers,32,7332.74,tier_1,private_domain,ready_to_drink,9.27,6.31,6.5,5.87,21.23,1,1,1,1,3,7.89,6,price,I compare price across platforms before purchase,0,High Value Fans
R000250,value_seekers,38,10445.76,new_tier_1,private_domain,ready_to_drink,9.83,6.38,5.48,2.61,20.59,1,0,0,0,0,6.34,7,price,the price feels high without promotion,2,Value Seekers
R000251,new_explorers,36,8869.26,tier_3_plus,tmall,personal_care,7.26,7.35,7.56,6.59,19.5,0,0,0,1,5,9.52,10,delivery,offline availability is not always convenient,3,Convenience Driven
R000252,value_seekers,31,11466.49,tier_2,douyin,healthy_snack,9.85,6.75,6.68,5.88,21.68,1,0,0,0,0,6.33,4,packaging,the package design should show product benefits more clearly,2,Value Seekers
R000253,value_seekers,29,9850.11,tier_2,private_domain,healthy_snack,8.98,7.3,5.9,5.59,14.41,0,1,0,0,0,5.18,6,delivery,delivery speed affects whether I choose the brand,2,Value Seekers
R000254,new_explorers,31,15804.53,tier_1,jd,personal_care,6.95,7.43,6.45,4.63,21.73,1,1,1,1,4,8.3,6,promotion,membership coupons can increase repeat purchase,0,High Value Fans
R000255,convenience_first,41,7266.65,tier_3_plus,xiaohongshu,ready_to_drink,4.79,7.83,8.93,4.96,26.79,1,1,0,1,4,9.38,10,delivery,stockouts make me switch to other brands,3,Convenience Driven
R000256,eco_advocates,23,8278.21,tier_1,offline_supermarket,healthy_snack,4.81,6.44,5.73,9.45,30.29,0,1,1,1,1,8.17,8,delivery,stockouts make me switch to other brands,4,Eco Advocates
R000257,quality_first,22,7497.8,tier_2,offline_supermarket,home_cleaning,5.29,8.66,6.07,5.35,35.22,1,1,1,1,2,8.87,8,quality,the product quality is stable and trustworthy,1,Quality Loyalists
R000258,new_explorers,27,38458.26,new_tier_1,private_domain,home_cleaning,4.98,6.57,7.79,6.3,26.75,1,1,0,0,0,8.81,9,price,the price feels high without promotion,3,Convenience Driven
R000259,new_explorers,34,3957.49,new_tier_1,xiaohongshu,healthy_snack,6.97,7.17,7.08,6.22,23.95,0,1,1,1,7,9.52,10,delivery,offline availability is not always convenient,3,Convenience Driven
R000260,convenience_first,21,16840.44,new_tier_1,private_domain,personal_care,3.86,6.8,8.44,5.33,27.28,1,1,1,1,4,8.47,8,packaging,the package design should show product benefits more clearly,3,Convenience Driven
R000261,new_explorers,36,4160.55,tier_1,tmall,healthy_snack,6.11,6.57,5.98,6.75,22.87,1,1,1,1,0,7.79,7,price,the price feels high without promotion,0,High Value Fans
R000262,convenience_first,22,10585.71,tier_2,xiaohongshu,ready_to_drink,5.41,6.58,8.91,6.06,27.49,1,1,1,1,6,9.62,10,delivery,delivery speed affects whether I choose the brand,3,Convenience Driven
R000263,quality_first,24,22480.82,tier_1,douyin,healthy_snack,4.27,9.11,5.93,7.24,32.01,0,0,0,0,1,9.7,10,quality,I care about ingredients and product safety,1,Quality Loyalists
R000264,eco_advocates,27,15433.07,tier_2,xiaohongshu,ready_to_drink,6.2,8.11,6.99,9.63,30.27,0,0,0,0,0,6.75,5,sustainability,sustainability claims need to be more credible,4,Eco Advocates
R000265,convenience_first,35,15540.32,tier_3_plus,offline_supermarket,ready_to_drink,6.67,7.77,10.0,4.95,28.62,1,1,1,1,3,8.44,7,packaging,portable packaging is useful for work and travel,3,Convenience Driven
R000266,value_seekers,35,17262.55,tier_2,offline_supermarket,ready_to_drink,9.07,5.92,5.48,5.42,22.71,1,1,1,1,5,7.84,8,price,discount bundles make me more willing to buy,0,High Value Fans
R000267,convenience_first,26,5633.87,new_tier_1,douyin,home_cleaning,6.09,8.82,9.26,5.36,21.04,0,0,0,0,1,10.0,9,delivery,offline availability is not always convenient,3,Convenience Driven
R000268,value_seekers,55,4594.16,new_tier_1,tmall,healthy_snack,8.86,5.53,6.6,6.32,18.0,1,1,1,1,6,7.55,8,price,the price feels high without promotion,0,High Value Fans
R000269,new_explorers,37,20975.95,tier_1,douyin,personal_care,6.35,6.28,6.82,6.57,26.1,0,1,1,0,1,7.23,7,price,discount bundles make me more willing to buy,0,High Value Fans
R000270,convenience_first,36,14264.17,tier_2,private_domain,healthy_snack,5.46,5.5,8.47,6.01,28.46,1,1,1,1,3,9.44,10,delivery,offline availability is not always convenient,3,Convenience Driven
R000271,value_seekers,39,8382.41,tier_2,offline_supermarket,healthy_snack,7.61,7.78,6.38,4.39,20.29,0,0,1,1,2,8.46,9,delivery,stockouts make me switch to other brands,0,High Value Fans
R000272,new_explorers,24,42495.21,tier_1,douyin,home_cleaning,5.58,7.29,7.82,7.29,28.53,1,1,1,1,2,10.0,10,price,I compare price across platforms before purchase,3,Convenience Driven
R000273,new_explorers,29,9799.21,tier_1,tmall,ready_to_drink,7.32,7.87,6.42,5.97,22.57,1,1,1,1,3,8.3,8,price,discount bundles make me more willing to buy,0,High Value Fans
R000274,eco_advocates,35,17137.36,new_tier_1,douyin,personal_care,4.82,7.78,6.11,8.7,36.84,0,0,1,1,6,9.33,10,sustainability,I prefer brands with recyclable packaging,4,Eco Advocates
R000275,quality_first,27,4779.03,tier_2,offline_supermarket,home_cleaning,5.68,8.59,6.5,7.13,32.15,0,0,0,0,1,8.79,9,quality,I care about ingredients and product safety,1,Quality Loyalists
R000276,convenience_first,33,14433.48,new_tier_1,offline_supermarket,healthy_snack,4.4,6.23,8.38,4.67,28.29,1,1,1,1,7,8.12,7,price,the price feels high without promotion,3,Convenience Driven
R000277,value_seekers,35,8842.45,new_tier_1,douyin,home_cleaning,10.0,5.57,6.32,4.78,20.34,0,0,1,1,4,7.18,7,price,discount bundles make me more willing to buy,0,High Value Fans
R000278,value_seekers,34,9270.92,new_tier_1,tmall,ready_to_drink,7.61,5.89,5.88,5.58,17.2,1,0,1,1,2,9.6,10,price,the price feels high without promotion,0,High Value Fans
R000279,quality_first,22,6602.04,tier_2,douyin,ready_to_drink,4.75,9.51,5.48,6.11,33.2,1,1,0,1,2,8.39,8,quality,quality improvement would make me repurchase more often,1,Quality Loyalists
R000280,quality_first,23,10425.44,new_tier_1,offline_supermarket,personal_care,5.03,8.94,6.71,6.74,28.79,0,0,0,0,0,9.45,10,price,I compare price across platforms before purchase,1,Quality Loyalists
R000281,eco_advocates,20,12078.29,tier_3_plus,tmall,home_cleaning,4.32,7.58,5.85,9.26,32.28,0,0,0,0,0,9.83,10,sustainability,I prefer brands with recyclable packaging,4,Eco Advocates
R000282,value_seekers,43,12757.63,tier_1,tmall,healthy_snack,7.22,6.13,5.55,4.84,23.22,0,0,0,1,2,10.0,9,price,discount bundles make me more willing to buy,0,High Value Fans
R000283,value_seekers,32,10274.6,tier_2,douyin,healthy_snack,7.79,6.49,5.3,5.08,22.64,1,1,0,1,1,7.47,8,delivery,stockouts make me switch to other brands,0,High Value Fans
R000284,convenience_first,40,10259.69,tier_3_plus,xiaohongshu,home_cleaning,7.58,6.58,8.86,5.52,24.64,1,1,1,0,3,7.67,7,price,I compare price across platforms before purchase,3,Convenience Driven
R000285,new_explorers,29,18423.32,tier_2,private_domain,ready_to_drink,6.11,5.02,6.3,7.21,20.3,0,0,0,0,1,7.63,8,delivery,delivery speed affects whether I choose the brand,0,High Value Fans
R000286,new_explorers,33,17312.64,tier_3_plus,tmall,healthy_snack,6.58,5.69,6.51,6.95,24.38,1,1,0,0,1,7.05,8,promotion,livestream promotion helps me discover new products,0,High Value Fans
R000287,eco_advocates,33,19874.69,tier_2,xiaohongshu,healthy_snack,4.99,6.86,6.7,9.47,32.91,0,0,0,1,2,10.0,10,sustainability,I prefer brands with recyclable packaging,4,Eco Advocates
R000288,new_explorers,41,4910.14,tier_2,jd,personal_care,6.48,7.77,7.24,6.07,23.89,1,1,1,1,3,8.69,9,promotion,livestream promotion helps me discover new products,3,Convenience Driven
R000289,convenience_first,35,10193.35,tier_1,offline_supermarket,home_cleaning,4.97,8.16,8.23,4.35,29.34,1,1,1,1,0,10.0,8,packaging,the packaging is convenient but could look more premium,3,Convenience Driven
R000290,eco_advocates,33,10580.34,new_tier_1,xiaohongshu,home_cleaning,4.04,8.47,7.31,8.65,34.3,1,1,0,0,0,9.14,10,quality,quality improvement would make me repurchase more often,4,Eco Advocates
R000291,quality_first,26,8070.95,tier_1,douyin,ready_to_drink,5.67,9.76,7.22,6.77,27.2,1,1,1,1,2,9.92,10,promotion,KOL reviews are useful but need to be authentic,1,Quality Loyalists
R000292,quality_first,28,8717.47,tier_3_plus,douyin,home_cleaning,5.35,8.91,6.17,7.51,30.76,1,1,1,1,5,10.0,9,promotion,livestream promotion helps me discover new products,1,Quality Loyalists
R000293,new_explorers,34,13172.17,tier_3_plus,tmall,home_cleaning,6.38,7.2,6.2,6.03,25.34,1,1,1,1,2,8.94,10,packaging,the packaging is convenient but could look more premium,0,High Value Fans
R000294,quality_first,37,8886.94,new_tier_1,xiaohongshu,home_cleaning,4.77,9.79,7.41,5.03,34.44,1,1,1,1,1,8.79,7,promotion,membership coupons can increase repeat purchase,1,Quality Loyalists
R000295,eco_advocates,29,8318.16,tier_2,douyin,healthy_snack,4.87,7.79,6.48,9.61,35.29,0,1,0,1,3,10.0,9,delivery,delivery speed affects whether I choose the brand,4,Eco Advocates
R000296,quality_first,39,8776.05,tier_1,xiaohongshu,healthy_snack,4.28,8.0,6.58,7.58,33.47,0,0,0,0,0,8.19,8,packaging,portable packaging is useful for work and travel,4,Eco Advocates
R000297,value_seekers,25,25837.8,new_tier_1,offline_supermarket,healthy_snack,7.5,5.74,6.87,3.62,16.24,1,1,1,0,2,7.36,7,promotion,livestream promotion helps me discover new products,2,Value Seekers
R000298,value_seekers,38,7025.24,tier_3_plus,jd,healthy_snack,9.09,5.62,5.71,4.16,20.27,1,0,1,0,1,5.65,4,promotion,KOL reviews are useful but need to be authentic,2,Value Seekers
R000299,convenience_first,39,15716.69,tier_3_plus,douyin,ready_to_drink,6.79,6.15,7.69,5.19,23.65,1,1,0,1,7,9.27,7,price,discount bundles make me more willing to buy,3,Convenience Driven
R000300,eco_advocates,40,11838.79,tier_1,offline_supermarket,ready_to_drink,5.28,8.01,6.82,10.0,38.02,1,1,1,0,2,6.4,7,sustainability,low carbon packaging would improve brand impression,4,Eco Advocates
R000301,eco_advocates,24,9903.25,tier_1,jd,healthy_snack,7.5,8.62,6.72,9.11,36.25,1,1,1,1,2,9.89,9,sustainability,sustainability claims need to be more credible,4,Eco Advocates
R000302,quality_first,40,9695.61,new_tier_1,offline_supermarket,personal_care,4.26,9.33,7.76,7.56,29.21,1,1,0,1,6,10.0,10,quality,quality improvement would make me repurchase more often,1,Quality Loyalists
R000303,value_seekers,30,21831.24,new_tier_1,tmall,healthy_snack,7.52,4.35,6.11,5.9,14.1,0,0,0,1,5,7.72,9,sustainability,I prefer brands with recyclable packaging,0,High Value Fans
R000304,convenience_first,35,18207.97,new_tier_1,offline_supermarket,ready_to_drink,6.81,7.1,8.13,5.01,23.44,1,1,1,1,5,10.0,9,delivery,stockouts make me switch to other brands,3,Convenience Driven
R000305,value_seekers,36,11584.21,new_tier_1,douyin,ready_to_drink,7.85,6.49,5.3,4.49,15.7,0,0,0,0,0,8.26,8,price,discount bundles make me more willing to buy,0,High Value Fans
R000306,quality_first,31,3199.2,new_tier_1,jd,ready_to_drink,4.99,10.0,6.6,6.6,25.91,1,1,1,1,5,10.0,10,packaging,the package design should show product benefits more clearly,1,Quality Loyalists
R000307,convenience_first,34,7457.8,tier_3_plus,tmall,healthy_snack,5.6,5.78,7.56,6.02,29.68,1,0,0,0,2,5.8,6,delivery,offline availability is not always convenient,2,Value Seekers
R000308,quality_first,30,13770.96,new_tier_1,private_domain,ready_to_drink,3.75,9.33,5.68,6.71,31.59,1,1,1,1,0,10.0,10,delivery,stockouts make me switch to other brands,1,Quality Loyalists
R000309,quality_first,24,19099.07,new_tier_1,xiaohongshu,home_cleaning,4.24,9.27,6.04,6.13,33.59,1,1,0,0,2,8.68,8,promotion,livestream promotion helps me discover new products,1,Quality Loyalists
R000310,value_seekers,34,4917.83,tier_3_plus,private_domain,home_cleaning,8.89,6.62,6.49,2.14,18.07,1,1,1,1,4,6.58,8,price,I compare price across platforms before purchase,0,High Value Fans
R000311,value_seekers,38,9650.82,tier_3_plus,tmall,healthy_snack,7.65,7.37,5.33,4.54,12.62,1,1,1,1,3,6.24,6,price,discount bundles make me more willing to buy,2,Value Seekers
R000312,eco_advocates,34,27176.11,tier_3_plus,tmall,personal_care,4.22,7.5,5.5,8.55,30.49,1,1,1,1,1,9.04,7,sustainability,I prefer brands with recyclable packaging,4,Eco Advocates
R000313,convenience_first,30,4119.31,tier_1,offline_supermarket,personal_care,6.66,7.48,7.17,5.68,21.27,0,0,0,0,0,9.58,10,price,I compare price across platforms before purchase,0,High Value Fans
R000314,new_explorers,43,14345.45,tier_2,offline_supermarket,personal_care,7.44,7.98,6.73,7.54,25.12,0,1,1,1,5,8.5,9,promotion,membership coupons can increase repeat purchase,0,High Value Fans
R000315,eco_advocates,25,10121.36,tier_1,tmall,personal_care,5.71,8.06,6.52,8.87,29.25,1,1,1,1,4,10.0,9,sustainability,low carbon packaging would improve brand impression,4,Eco Advocates
R000316,value_seekers,29,2875.16,tier_3_plus,jd,ready_to_drink,8.83,6.91,5.08,5.21,15.46,0,0,0,0,1,4.72,5,promotion,livestream promotion helps me discover new products,2,Value Seekers
R000317,quality_first,18,16366.3,new_tier_1,douyin,home_cleaning,4.24,9.73,4.9,6.19,37.87,1,1,0,0,1,8.12,10,price,the price feels high without promotion,1,Quality Loyalists
R000318,convenience_first,33,18793.42,tier_3_plus,private_domain,home_cleaning,6.54,8.25,9.45,4.45,30.04,0,0,0,0,0,9.2,10,delivery,delivery speed affects whether I choose the brand,3,Convenience Driven
R000319,value_seekers,31,8483.09,tier_2,douyin,healthy_snack,9.67,5.69,5.71,4.85,18.8,0,0,1,1,5,7.06,8,delivery,stockouts make me switch to other brands,0,High Value Fans
R000320,value_seekers,24,7065.35,tier_2,private_domain,healthy_snack,8.03,5.57,5.91,4.74,19.46,0,1,1,0,2,7.49,8,packaging,the package design should show product benefits more clearly,0,High Value Fans
R000321,eco_advocates,21,7311.13,tier_3_plus,jd,personal_care,5.14,6.92,5.95,8.15,36.74,1,1,0,0,2,9.14,10,sustainability,low carbon packaging would improve brand impression,4,Eco Advocates
R000322,eco_advocates,36,7628.25,tier_1,offline_supermarket,personal_care,5.29,6.78,6.25,9.06,31.79,0,0,1,0,4,9.62,9,price,discount bundles make me more willing to buy,4,Eco Advocates
R000323,quality_first,37,6303.67,tier_1,jd,healthy_snack,4.68,9.28,7.78,7.74,28.22,0,0,0,1,4,10.0,10,quality,I care about ingredients and product safety,1,Quality Loyalists
R000324,eco_advocates,24,7658.34,tier_2,douyin,home_cleaning,5.91,7.69,7.03,10.0,28.17,0,1,1,1,3,9.81,10,quality,quality improvement would make me repurchase more often,4,Eco Advocates
R000325,convenience_first,27,12716.16,tier_2,offline_supermarket,healthy_snack,6.29,5.95,9.16,5.35,27.55,0,0,0,1,2,7.93,6,quality,the product quality is stable and trustworthy,3,Convenience Driven
R000326,eco_advocates,21,12354.06,tier_2,offline_supermarket,personal_care,6.05,7.5,5.62,8.31,34.46,0,1,0,1,2,9.93,9,sustainability,low carbon packaging would improve brand impression,4,Eco Advocates
R000327,quality_first,35,12135.73,tier_1,tmall,healthy_snack,5.42,9.52,6.14,5.78,32.81,1,1,1,0,0,7.62,6,quality,quality improvement would make me repurchase more often,1,Quality Loyalists
R000328,quality_first,30,5115.42,tier_3_plus,offline_supermarket,personal_care,5.81,8.43,5.78,5.73,31.35,1,1,1,1,3,10.0,10,quality,quality improvement would make me repurchase more often,1,Quality Loyalists
R000329,new_explorers,42,7141.93,tier_2,private_domain,ready_to_drink,7.01,6.61,6.61,4.96,20.27,1,1,1,0,2,6.14,7,packaging,the packaging is convenient but could look more premium,2,Value Seekers
R000330,eco_advocates,33,5755.54,new_tier_1,jd,healthy_snack,6.37,8.42,6.24,8.21,35.26,1,1,1,1,7,8.79,8,promotion,KOL reviews are useful but need to be authentic,4,Eco Advocates
R000331,quality_first,29,7549.13,tier_3_plus,xiaohongshu,healthy_snack,6.48,10.0,5.91,6.55,29.19,1,1,0,1,3,10.0,10,price,I compare price across platforms before purchase,1,Quality Loyalists
R000332,new_explorers,41,25031.09,new_tier_1,douyin,healthy_snack,6.41,5.93,6.43,7.29,27.41,0,1,1,1,8,8.67,8,quality,I care about ingredients and product safety,0,High Value Fans
R000333,quality_first,38,7799.54,new_tier_1,tmall,healthy_snack,4.23,9.21,7.19,8.12,33.68,1,1,1,1,2,10.0,10,price,discount bundles make me more willing to buy,1,Quality Loyalists
R000334,convenience_first,28,8626.08,tier_2,private_domain,ready_to_drink,5.03,6.62,9.39,6.4,21.09,1,1,1,1,2,8.19,6,sustainability,low carbon packaging would improve brand impression,3,Convenience Driven
R000335,eco_advocates,48,7946.65,new_tier_1,tmall,healthy_snack,5.3,6.69,7.77,9.68,33.47,1,1,1,1,1,8.37,7,packaging,the packaging is convenient but could look more premium,4,Eco Advocates
R000336,quality_first,35,5646.09,tier_3_plus,jd,personal_care,5.81,10.0,6.53,6.56,29.96,1,1,1,1,3,9.45,9,packaging,portable packaging is useful for work and travel,1,Quality Loyalists
R000337,eco_advocates,50,6801.2,new_tier_1,douyin,home_cleaning,8.5,9.49,7.67,8.39,33.21,1,1,1,0,0,7.05,7,delivery,offline availability is not always convenient,4,Eco Advocates
R000338,quality_first,31,12331.54,new_tier_1,xiaohongshu,healthy_snack,5.34,9.13,6.51,6.18,31.0,0,0,0,1,6,9.49,9,packaging,the packaging is convenient but could look more premium,1,Quality Loyalists
R000339,new_explorers,32,14115.5,tier_3_plus,jd,healthy_snack,6.42,7.41,7.13,7.4,21.13,1,1,1,1,6,7.45,6,delivery,offline availability is not always convenient,0,High Value Fans
R000340,new_explorers,21,11229.64,tier_2,douyin,personal_care,6.87,5.96,5.58,5.55,23.7,1,1,1,1,5,8.83,8,quality,quality improvement would make me repurchase more often,0,High Value Fans
R000341,new_explorers,26,16782.23,new_tier_1,offline_supermarket,personal_care,6.27,5.54,7.1,7.68,20.91,0,0,1,1,2,8.1,7,price,I compare price across platforms before purchase,0,High Value Fans
R000342,new_explorers,27,9050.14,tier_1,private_domain,personal_care,7.14,7.12,7.09,5.7,16.9,1,1,1,1,4,9.86,10,delivery,offline availability is not always convenient,0,High Value Fans
R000343,value_seekers,33,9211.55,new_tier_1,tmall,home_cleaning,7.44,7.32,6.68,4.11,14.1,0,1,1,1,2,8.9,8,price,discount bundles make me more willing to buy,0,High Value Fans
R000344,convenience_first,32,10195.57,tier_3_plus,tmall,home_cleaning,6.07,6.36,8.67,6.14,25.31,1,1,1,1,2,8.41,7,promotion,livestream promotion helps me discover new products,3,Convenience Driven
R000345,eco_advocates,34,28702.1,tier_2,douyin,personal_care,5.54,6.72,7.68,7.99,34.66,0,0,0,0,0,8.26,9,delivery,delivery speed affects whether I choose the brand,4,Eco Advocates
R000346,convenience_first,34,11955.68,tier_1,tmall,personal_care,6.19,5.62,7.1,5.9,24.37,1,1,1,0,1,4.95,4,packaging,the packaging is convenient but could look more premium,2,Value Seekers
R000347,convenience_first,28,9813.49,tier_1,offline_supermarket,home_cleaning,7.47,6.1,8.78,4.9,28.74,1,0,0,1,3,9.31,8,promotion,KOL reviews are useful but need to be authentic,3,Convenience Driven
R000348,value_seekers,33,9502.37,tier_2,offline_supermarket,personal_care,10.0,6.24,4.94,5.64,17.66,1,1,1,1,2,6.83,7,quality,quality improvement would make me repurchase more often,2,Value Seekers
R000349,value_seekers,19,11810.22,tier_1,douyin,home_cleaning,8.43,6.59,5.66,5.19,23.15,0,0,1,1,3,8.67,6,price,discount bundles make me more willing to buy,0,High Value Fans
R000350,eco_advocates,19,7513.75,tier_3_plus,private_domain,home_cleaning,6.06,8.99,6.43,10.0,31.54,0,1,0,0,0,9.57,10,sustainability,I prefer brands with recyclable packaging,4,Eco Advocates
R000351,value_seekers,37,11335.03,tier_2,jd,ready_to_drink,8.14,7.02,5.87,5.06,18.99,1,1,0,0,0,7.44,7,delivery,offline availability is not always convenient,2,Value Seekers
R000352,eco_advocates,38,16617.71,tier_3_plus,private_domain,healthy_snack,4.63,6.42,7.18,8.37,33.43,1,1,1,1,1,9.74,10,promotion,KOL reviews are useful but need to be authentic,4,Eco Advocates
R000353,value_seekers,28,11095.2,tier_3_plus,private_domain,healthy_snack,9.24,5.98,4.51,5.94,17.11,1,1,1,0,5,4.21,3,quality,I care about ingredients and product safety,2,Value Seekers
R000354,quality_first,18,16408.56,tier_2,tmall,ready_to_drink,5.58,10.0,6.32,7.6,35.72,0,1,1,1,7,8.74,8,packaging,portable packaging is useful for work and travel,1,Quality Loyalists
R000355,value_seekers,23,9513.38,tier_2,jd,healthy_snack,8.96,6.64,5.74,5.48,15.58,0,0,0,0,1,5.82,4,promotion,livestream promotion helps me discover new products,2,Value Seekers
R000356,convenience_first,30,6014.12,tier_2,douyin,home_cleaning,7.28,7.03,8.85,4.48,27.76,1,1,1,1,3,8.35,7,sustainability,I prefer brands with recyclable packaging,3,Convenience Driven
R000357,quality_first,31,13461.83,new_tier_1,private_domain,healthy_snack,5.27,8.91,5.99,6.66,32.35,1,1,1,1,6,9.69,10,price,the price feels high without promotion,1,Quality Loyalists
R000358,quality_first,19,18455.05,tier_3_plus,xiaohongshu,home_cleaning,3.87,8.92,7.32,6.42,33.96,1,1,1,1,3,10.0,10,packaging,the packaging is convenient but could look more premium,1,Quality Loyalists
R000359,quality_first,18,5246.58,new_tier_1,tmall,healthy_snack,4.69,7.86,7.3,6.3,35.42,1,1,1,1,2,10.0,9,delivery,delivery speed affects whether I choose the brand,1,Quality Loyalists
R000360,convenience_first,28,7374.28,tier_2,xiaohongshu,home_cleaning,3.95,5.78,7.58,3.73,28.49,1,1,1,1,2,7.86,8,packaging,the package design should show product benefits more clearly,3,Convenience Driven
R000361,convenience_first,26,11970.57,tier_1,tmall,personal_care,6.36,6.78,10.0,6.5,26.38,1,1,1,1,6,7.61,8,delivery,offline availability is not always convenient,3,Convenience Driven
R000362,value_seekers,41,9791.88,new_tier_1,offline_supermarket,healthy_snack,8.02,6.19,6.42,5.48,14.14,0,1,0,1,2,7.99,5,packaging,the packaging is convenient but could look more premium,2,Value Seekers
R000363,eco_advocates,32,5613.86,tier_1,offline_supermarket,ready_to_drink,5.93,7.17,7.36,7.79,27.34,1,1,1,1,3,9.28,10,sustainability,sustainability claims need to be more credible,4,Eco Advocates
R000364,eco_advocates,27,12013.35,tier_2,tmall,personal_care,5.56,8.04,7.57,8.47,31.42,0,0,0,0,2,9.86,10,quality,the product quality is stable and trustworthy,4,Eco Advocates
R000365,new_explorers,26,8400.06,new_tier_1,jd,personal_care,7.3,7.54,7.46,5.73,24.94,0,1,1,1,3,8.21,9,price,the price feels high without promotion,0,High Value Fans
R000366,quality_first,37,14984.65,new_tier_1,xiaohongshu,personal_care,5.13,7.4,7.37,7.08,25.59,1,1,1,1,4,9.92,10,quality,the product quality is stable and trustworthy,3,Convenience Driven
R000367,new_explorers,37,14611.82,new_tier_1,private_domain,ready_to_drink,7.73,6.75,6.07,6.42,20.69,0,1,1,0,2,7.68,8,quality,the product quality is stable and trustworthy,0,High Value Fans
R000368,value_seekers,26,13770.94,new_tier_1,xiaohongshu,ready_to_drink,9.2,5.16,5.35,3.44,19.33,0,1,1,0,1,6.41,6,price,the price feels high without promotion,2,Value Seekers
R000369,new_explorers,25,18174.65,tier_2,private_domain,personal_care,7.15,6.9,6.86,5.91,22.23,0,1,1,1,2,5.91,6,price,I compare price across platforms before purchase,2,Value Seekers
R000370,value_seekers,34,6809.12,tier_3_plus,tmall,home_cleaning,8.14,6.48,5.47,5.37,23.14,1,1,0,0,1,5.45,6,promotion,livestream promotion helps me discover new products,2,Value Seekers
R000371,quality_first,25,11091.6,tier_3_plus,tmall,personal_care,5.97,8.79,7.29,7.85,37.02,1,1,1,1,9,10.0,10,delivery,offline availability is not always convenient,1,Quality Loyalists
R000372,value_seekers,18,6825.18,tier_1,offline_supermarket,personal_care,8.39,5.35,6.36,4.89,15.96,1,1,1,0,1,6.87,6,price,discount bundles make me more willing to buy,2,Value Seekers
R000373,eco_advocates,34,8683.18,tier_2,xiaohongshu,healthy_snack,6.56,7.45,6.88,9.07,30.04,0,0,1,1,5,10.0,10,quality,I care about ingredients and product safety,4,Eco Advocates
R000374,quality_first,20,13395.02,tier_1,tmall,healthy_snack,5.21,8.17,6.59,6.68,29.08,1,1,0,0,2,8.36,8,promotion,KOL reviews are useful but need to be authentic,1,Quality Loyalists
R000375,new_explorers,38,14400.13,tier_1,tmall,ready_to_drink,6.56,6.53,5.27,6.62,26.04,1,1,1,1,2,7.46,6,packaging,portable packaging is useful for work and travel,0,High Value Fans
R000376,value_seekers,40,11225.17,new_tier_1,douyin,healthy_snack,8.72,5.9,5.78,4.67,20.58,1,0,0,0,0,8.34,7,price,the price feels high without promotion,0,High Value Fans
R000377,new_explorers,46,8615.47,tier_2,offline_supermarket,ready_to_drink,6.92,6.88,6.75,6.65,20.72,0,0,0,1,3,7.37,9,promotion,livestream promotion helps me discover new products,0,High Value Fans
R000378,quality_first,29,9440.31,tier_2,douyin,personal_care,6.1,9.14,7.14,5.54,28.89,0,0,0,0,0,8.76,9,packaging,the package design should show product benefits more clearly,1,Quality Loyalists
R000379,value_seekers,18,5107.83,tier_1,jd,healthy_snack,7.33,7.04,6.01,6.23,19.39,1,0,0,0,0,5.39,5,promotion,livestream promotion helps me discover new products,2,Value Seekers
R000380,convenience_first,19,8677.85,tier_1,offline_supermarket,healthy_snack,6.46,6.84,8.56,4.93,21.44,0,0,1,1,1,10.0,10,packaging,the packaging is convenient but could look more premium,3,Convenience Driven
R000381,value_seekers,20,6594.7,tier_3_plus,jd,ready_to_drink,8.71,6.61,7.02,6.35,13.16,0,0,1,0,1,6.92,7,promotion,membership coupons can increase repeat purchase,2,Value Seekers
R000382,convenience_first,47,12055.09,new_tier_1,tmall,ready_to_drink,6.49,6.77,9.06,5.03,21.74,1,1,1,1,4,10.0,10,sustainability,sustainability claims need to be more credible,3,Convenience Driven
R000383,quality_first,40,10914.99,new_tier_1,tmall,healthy_snack,3.88,9.9,7.33,7.52,36.74,1,1,1,1,2,9.84,8,promotion,membership coupons can increase repeat purchase,1,Quality Loyalists
R000384,value_seekers,39,9903.7,tier_1,xiaohongshu,personal_care,7.49,5.72,4.91,4.79,10.69,0,0,0,0,0,5.11,4,price,the price feels high without promotion,2,Value Seekers
R000385,quality_first,27,14838.94,tier_1,offline_supermarket,ready_to_drink,4.73,8.49,7.53,5.32,37.59,0,0,0,1,3,8.59,9,packaging,the package design should show product benefits more clearly,1,Quality Loyalists
R000386,quality_first,30,16211.45,new_tier_1,jd,ready_to_drink,4.28,8.69,6.18,6.62,33.91,0,1,1,1,3,10.0,10,quality,the product quality is stable and trustworthy,1,Quality Loyalists
R000387,value_seekers,28,6368.37,new_tier_1,jd,ready_to_drink,10.0,4.88,5.5,5.17,17.16,1,1,1,1,0,7.8,9,packaging,the package design should show product benefits more clearly,0,High Value Fans
R000388,new_explorers,18,13122.18,tier_2,offline_supermarket,ready_to_drink,6.98,6.56,6.85,7.24,20.74,1,1,1,1,2,6.39,6,quality,I care about ingredients and product safety,2,Value Seekers
R000389,convenience_first,34,5670.37,new_tier_1,tmall,healthy_snack,6.24,6.38,9.31,4.51,28.42,1,1,0,1,5,8.26,9,quality,I care about ingredients and product safety,3,Convenience Driven
R000390,value_seekers,23,10684.29,new_tier_1,douyin,personal_care,6.82,5.64,7.2,4.97,17.12,0,1,0,0,0,6.31,6,promotion,membership coupons can increase repeat purchase,2,Value Seekers
R000391,eco_advocates,25,29412.02,new_tier_1,douyin,healthy_snack,6.32,8.85,6.81,8.37,34.94,1,1,1,1,6,9.32,8,sustainability,sustainability claims need to be more credible,4,Eco Advocates
R000392,quality_first,37,11403.62,tier_1,xiaohongshu,personal_care,3.74,9.06,6.66,7.01,35.47,1,1,1,1,5,8.97,8,sustainability,low carbon packaging would improve brand impression,1,Quality Loyalists
R000393,convenience_first,37,5276.77,tier_1,xiaohongshu,healthy_snack,6.23,7.64,9.32,6.04,21.57,1,1,0,1,5,9.55,9,delivery,delivery speed affects whether I choose the brand,3,Convenience Driven
R000394,quality_first,39,12368.41,new_tier_1,jd,healthy_snack,5.72,7.59,7.33,8.18,31.87,1,1,1,1,3,9.05,10,promotion,livestream promotion helps me discover new products,4,Eco Advocates
R000395,convenience_first,27,13797.98,tier_1,douyin,healthy_snack,6.45,6.77,9.19,5.74,24.14,1,1,1,1,4,10.0,9,price,discount bundles make me more willing to buy,3,Convenience Driven
R000396,convenience_first,22,7633.49,tier_1,xiaohongshu,healthy_snack,4.13,7.96,9.37,4.97,34.11,0,1,1,1,4,10.0,10,quality,I care about ingredients and product safety,3,Convenience Driven
R000397,quality_first,37,11910.17,tier_2,offline_supermarket,healthy_snack,4.52,6.65,7.56,6.34,29.39,0,0,0,1,2,7.75,7,quality,quality improvement would make me repurchase more often,3,Convenience Driven
R000398,eco_advocates,26,17687.73,tier_1,offline_supermarket,healthy_snack,4.28,7.49,6.68,8.62,30.67,1,1,1,1,5,10.0,10,sustainability,I prefer brands with recyclable packaging,4,Eco Advocates
R000399,convenience_first,19,7404.12,new_tier_1,offline_supermarket,personal_care,6.98,5.14,9.19,5.91,24.24,1,0,0,0,0,7.51,8,delivery,stockouts make me switch to other brands,3,Convenience Driven
R000400,convenience_first,23,13563.54,tier_2,offline_supermarket,home_cleaning,4.3,6.75,9.69,5.3,26.93,0,1,1,1,7,10.0,9,delivery,stockouts make me switch to other brands,3,Convenience Driven
R000401,value_seekers,33,12791.54,tier_2,douyin,healthy_snack,9.18,6.16,5.46,3.18,18.19,1,1,1,1,4,6.61,8,quality,quality improvement would make me repurchase more often,0,High Value Fans
R000402,value_seekers,23,6304.56,tier_2,tmall,ready_to_drink,8.58,5.84,5.41,2.72,15.24,1,1,0,0,1,5.2,4,price,discount bundles make me more willing to buy,2,Value Seekers
R000403,quality_first,41,7217.99,tier_3_plus,tmall,personal_care,5.0,7.71,7.0,8.83,38.75,1,1,1,1,5,9.92,10,quality,the product quality is stable and trustworthy,4,Eco Advocates
R000404,value_seekers,33,8956.84,tier_3_plus,xiaohongshu,ready_to_drink,8.75,5.56,6.73,4.26,14.96,1,1,1,1,3,5.62,7,price,the price feels high without promotion,2,Value Seekers
R000405,value_seekers,31,17607.95,tier_1,tmall,healthy_snack,7.65,5.21,6.31,4.33,21.04,1,0,0,1,2,8.85,7,delivery,delivery speed affects whether I choose the brand,0,High Value Fans
R000406,convenience_first,18,12230.06,tier_3_plus,offline_supermarket,ready_to_drink,7.01,5.72,8.86,5.37,27.05,1,1,1,1,6,6.86,6,price,I compare price across platforms before purchase,3,Convenience Driven
R000407,quality_first,37,12381.33,tier_2,douyin,healthy_snack,5.24,8.37,7.52,7.32,35.36,0,0,0,1,3,9.73,10,quality,quality improvement would make me repurchase more often,1,Quality Loyalists
R000408,eco_advocates,47,11141.2,new_tier_1,tmall,personal_care,4.3,4.97,7.11,9.45,35.96,1,1,1,1,2,8.87,8,packaging,the packaging is convenient but could look more premium,4,Eco Advocates
R000409,value_seekers,45,16989.47,tier_2,tmall,ready_to_drink,9.95,6.6,5.65,5.18,26.37,0,1,1,1,2,8.15,7,packaging,the packaging is convenient but could look more premium,0,High Value Fans
R000410,eco_advocates,22,17653.11,tier_3_plus,jd,ready_to_drink,5.28,8.95,8.16,8.36,37.32,0,1,1,1,4,10.0,10,sustainability,sustainability claims need to be more credible,1,Quality Loyalists
R000411,value_seekers,44,12876.95,new_tier_1,private_domain,ready_to_drink,8.38,5.52,6.99,5.2,20.49,1,1,1,1,2,7.42,6,price,I compare price across platforms before purchase,2,Value Seekers
R000412,new_explorers,21,11736.22,new_tier_1,douyin,personal_care,5.43,6.51,7.09,7.19,25.79,0,1,1,0,1,9.07,10,promotion,livestream promotion helps me discover new products,3,Convenience Driven
R000413,new_explorers,30,10214.71,tier_3_plus,offline_supermarket,healthy_snack,7.83,7.69,6.78,6.31,23.28,0,0,0,1,2,9.23,10,promotion,membership coupons can increase repeat purchase,0,High Value Fans
R000414,convenience_first,41,13722.02,tier_1,private_domain,healthy_snack,6.42,7.04,8.04,6.01,28.28,1,1,1,1,4,9.21,10,delivery,offline availability is not always convenient,3,Convenience Driven
R000415,quality_first,40,7772.69,tier_2,offline_supermarket,personal_care,2.93,8.13,7.11,5.85,35.09,1,1,1,0,2,6.9,8,delivery,stockouts make me switch to other brands,1,Quality Loyalists
R000416,value_seekers,39,10646.69,new_tier_1,tmall,home_cleaning,9.58,6.5,6.73,4.87,20.08,0,0,0,0,0,7.04,6,price,discount bundles make me more willing to buy,2,Value Seekers
R000417,eco_advocates,31,4588.34,tier_3_plus,offline_supermarket,ready_to_drink,6.03,8.01,6.27,8.26,34.61,1,1,1,1,2,10.0,10,packaging,the packaging is convenient but could look more premium,4,Eco Advocates
R000418,convenience_first,42,12906.65,tier_1,offline_supermarket,ready_to_drink,6.79,6.63,7.6,4.79,24.65,1,1,0,0,0,6.62,8,price,discount bundles make me more willing to buy,0,High Value Fans
R000419,value_seekers,30,9712.23,tier_3_plus,tmall,healthy_snack,8.84,6.74,6.71,5.31,20.83,1,0,1,0,0,6.75,10,price,I compare price across platforms before purchase,0,High Value Fans
R000420,convenience_first,23,9607.92,new_tier_1,tmall,healthy_snack,7.13,7.81,8.55,5.39,25.59,0,1,1,1,5,9.4,9,delivery,offline availability is not always convenient,3,Convenience Driven
R000421,value_seekers,27,10880.31,new_tier_1,offline_supermarket,healthy_snack,7.55,6.52,6.95,4.68,12.1,0,0,0,1,4,7.09,5,packaging,portable packaging is useful for work and travel,2,Value Seekers
R000422,quality_first,18,32091.63,tier_3_plus,offline_supermarket,personal_care,3.27,8.84,7.04,5.77,32.72,1,1,0,0,0,6.98,5,price,the price feels high without promotion,1,Quality Loyalists
R000423,convenience_first,20,15828.22,tier_2,tmall,ready_to_drink,4.62,5.83,9.91,4.33,27.0,1,0,0,0,0,8.73,8,quality,quality improvement would make me repurchase more often,3,Convenience Driven
R000424,eco_advocates,30,11156.34,tier_2,xiaohongshu,personal_care,7.11,7.47,5.12,8.32,34.69,1,1,0,0,0,7.95,7,quality,quality improvement would make me repurchase more often,4,Eco Advocates
R000425,quality_first,38,9960.7,tier_2,jd,ready_to_drink,6.14,8.74,6.38,5.82,32.79,0,0,1,1,5,9.76,10,sustainability,low carbon packaging would improve brand impression,1,Quality Loyalists
R000426,value_seekers,35,8875.0,tier_1,tmall,healthy_snack,8.7,6.7,5.98,5.94,22.43,1,1,1,1,4,7.22,8,promotion,membership coupons can increase repeat purchase,0,High Value Fans
R000427,quality_first,55,4738.15,new_tier_1,offline_supermarket,home_cleaning,5.06,9.72,5.1,6.08,30.25,0,0,0,1,4,8.96,10,price,discount bundles make me more willing to buy,1,Quality Loyalists
R000428,value_seekers,31,5607.45,tier_1,jd,ready_to_drink,7.78,7.96,5.02,6.66,20.74,1,1,0,0,1,7.4,7,promotion,livestream promotion helps me discover new products,0,High Value Fans
R000429,new_explorers,45,11276.17,tier_3_plus,tmall,home_cleaning,6.63,5.87,6.07,5.73,14.95,1,1,0,1,5,8.06,8,quality,quality improvement would make me repurchase more often,0,High Value Fans
R000430,new_explorers,18,26315.38,tier_2,xiaohongshu,ready_to_drink,6.53,7.5,6.42,6.23,26.79,1,1,1,1,2,10.0,10,delivery,stockouts make me switch to other brands,1,Quality Loyalists
R000431,convenience_first,43,7504.22,new_tier_1,douyin,home_cleaning,5.46,6.71,7.95,4.95,25.28,1,1,1,1,2,8.96,10,delivery,delivery speed affects whether I choose the brand,3,Convenience Driven
R000432,value_seekers,20,13500.85,tier_1,offline_supermarket,ready_to_drink,9.45,6.77,5.98,3.7,20.45,1,1,1,0,2,6.8,5,delivery,delivery speed affects whether I choose the brand,2,Value Seekers
R000433,value_seekers,37,6321.05,new_tier_1,private_domain,healthy_snack,7.96,6.88,6.39,5.8,23.34,1,1,0,0,2,5.85,4,promotion,KOL reviews are useful but need to be authentic,2,Value Seekers
R000434,new_explorers,32,6009.79,tier_1,douyin,ready_to_drink,7.53,7.12,6.85,5.62,19.56,0,0,0,1,4,8.03,9,price,discount bundles make me more willing to buy,0,High Value Fans
R000435,value_seekers,42,7080.07,tier_1,tmall,personal_care,8.66,7.12,6.48,4.58,18.1,0,0,0,0,1,7.09,6,packaging,the package design should show product benefits more clearly,2,Value Seekers
R000436,value_seekers,29,8083.12,tier_1,private_domain,healthy_snack,9.62,7.76,7.62,3.93,20.59,0,1,1,0,2,6.71,5,promotion,livestream promotion helps me discover new products,2,Value Seekers
R000437,eco_advocates,38,9909.23,tier_1,douyin,personal_care,4.76,8.03,6.15,9.21,33.61,1,1,1,1,5,7.84,9,price,the price feels high without promotion,4,Eco Advocates
R000438,quality_first,21,14638.73,tier_1,jd,home_cleaning,5.72,8.88,6.15,7.11,30.17,1,1,0,0,0,8.06,10,quality,I care about ingredients and product safety,1,Quality Loyalists
R000439,quality_first,38,18854.4,tier_2,private_domain,healthy_snack,5.39,8.86,7.35,6.28,33.46,1,1,1,1,5,7.94,10,sustainability,I prefer brands with recyclable packaging,1,Quality Loyalists
R000440,quality_first,41,10322.47,tier_1,douyin,ready_to_drink,4.72,8.85,6.86,6.38,30.41,1,1,1,1,3,10.0,10,quality,I care about ingredients and product safety,1,Quality Loyalists
R000441,eco_advocates,41,6968.28,new_tier_1,douyin,healthy_snack,5.14,7.16,5.84,9.32,22.49,1,1,1,1,2,8.33,8,delivery,delivery speed affects whether I choose the brand,4,Eco Advocates
R000442,quality_first,31,9452.87,tier_2,tmall,personal_care,5.98,8.94,7.54,7.2,35.6,1,0,1,1,2,8.6,8,delivery,offline availability is not always convenient,1,Quality Loyalists
R000443,eco_advocates,26,5841.84,tier_2,douyin,healthy_snack,5.8,7.81,8.22,9.66,35.62,1,1,1,1,6,9.83,9,packaging,portable packaging is useful for work and travel,4,Eco Advocates
R000444,quality_first,18,7430.52,new_tier_1,douyin,healthy_snack,4.79,8.81,7.91,6.11,33.35,1,1,1,1,1,10.0,9,quality,quality improvement would make me repurchase more often,1,Quality Loyalists
R000445,quality_first,41,17186.34,tier_2,jd,home_cleaning,4.14,9.13,7.08,6.69,40.08,0,0,1,1,2,9.61,10,packaging,the package design should show product benefits more clearly,1,Quality Loyalists
R000446,value_seekers,38,22083.44,tier_3_plus,jd,ready_to_drink,9.2,6.76,5.76,5.5,22.17,0,1,1,1,2,8.02,8,packaging,portable packaging is useful for work and travel,0,High Value Fans
R000447,eco_advocates,22,12161.28,tier_3_plus,private_domain,personal_care,5.04,7.27,5.67,8.94,34.98,1,1,1,1,7,8.88,7,delivery,delivery speed affects whether I choose the brand,4,Eco Advocates
R000448,value_seekers,35,11055.09,tier_2,private_domain,ready_to_drink,8.38,5.44,5.85,5.28,16.03,1,1,0,0,0,4.31,4,price,the price feels high without promotion,2,Value Seekers
R000449,convenience_first,27,6211.67,new_tier_1,douyin,home_cleaning,7.25,6.27,7.91,4.64,22.57,1,1,0,0,0,6.77,6,quality,the product quality is stable and trustworthy,2,Value Seekers
R000450,convenience_first,28,4129.27,tier_3_plus,jd,personal_care,5.17,7.59,8.95,5.31,28.44,1,1,0,0,0,8.72,7,delivery,offline availability is not always convenient,3,Convenience Driven
R000451,new_explorers,30,6028.22,tier_1,douyin,ready_to_drink,5.2,7.72,7.13,5.39,21.36,0,0,0,0,0,9.38,9,price,I compare price across platforms before purchase,3,Convenience Driven
R000452,value_seekers,33,5244.63,tier_3_plus,tmall,personal_care,9.06,6.21,6.99,4.87,15.25,1,1,1,0,0,5.73,4,price,discount bundles make me more willing to buy,2,Value Seekers
R000453,value_seekers,30,19151.64,tier_3_plus,tmall,home_cleaning,8.45,5.99,5.96,6.58,16.91,1,1,1,0,1,7.2,6,promotion,membership coupons can increase repeat purchase,2,Value Seekers
R000454,convenience_first,38,17985.91,new_tier_1,jd,healthy_snack,6.71,7.76,7.87,6.16,27.97,1,1,1,1,1,9.83,10,delivery,delivery speed affects whether I choose the brand,3,Convenience Driven
R000455,quality_first,18,15068.36,new_tier_1,douyin,healthy_snack,4.66,8.2,7.95,7.13,35.82,1,1,1,1,6,10.0,8,promotion,KOL reviews are useful but need to be authentic,1,Quality Loyalists
R000456,value_seekers,42,21974.95,tier_2,private_domain,healthy_snack,7.18,5.51,4.91,5.33,20.0,1,1,1,1,6,7.41,7,price,I compare price across platforms before purchase,0,High Value Fans
R000457,new_explorers,25,12447.75,new_tier_1,jd,healthy_snack,7.26,7.98,6.91,6.9,20.9,0,1,0,1,1,8.45,7,promotion,KOL reviews are useful but need to be authentic,0,High Value Fans
R000458,eco_advocates,21,9855.2,tier_3_plus,douyin,home_cleaning,4.69,8.14,5.82,7.64,35.07,0,0,0,0,0,6.58,8,delivery,offline availability is not always convenient,4,Eco Advocates
R000459,value_seekers,43,13839.76,tier_1,tmall,healthy_snack,9.85,7.18,6.13,5.05,16.52,1,1,1,1,2,9.6,10,packaging,the package design should show product benefits more clearly,0,High Value Fans
R000460,value_seekers,33,15944.53,tier_1,xiaohongshu,home_cleaning,7.53,5.74,6.1,5.87,17.68,1,1,0,1,4,7.8,7,price,discount bundles make me more willing to buy,0,High Value Fans
R000461,eco_advocates,35,6588.23,new_tier_1,tmall,healthy_snack,6.39,8.54,5.92,8.76,25.36,1,1,1,1,4,8.52,8,delivery,delivery speed affects whether I choose the brand,4,Eco Advocates
R000462,convenience_first,40,7206.57,tier_3_plus,jd,ready_to_drink,5.72,6.72,9.38,6.11,27.09,1,1,1,0,2,8.84,10,price,I compare price across platforms before purchase,3,Convenience Driven
R000463,new_explorers,43,8486.47,tier_1,xiaohongshu,ready_to_drink,6.35,7.85,7.02,7.78,28.31,1,0,0,0,1,9.68,10,delivery,offline availability is not always convenient,4,Eco Advocates
R000464,convenience_first,38,18792.67,tier_3_plus,douyin,healthy_snack,5.53,6.18,6.68,5.19,29.13,1,1,0,1,3,7.42,8,quality,I care about ingredients and product safety,0,High Value Fans
R000465,value_seekers,23,4854.78,tier_1,private_domain,ready_to_drink,7.43,6.65,6.77,6.03,17.19,1,1,1,0,3,7.55,8,sustainability,I prefer brands with recyclable packaging,0,High Value Fans
R000466,value_seekers,31,6219.25,tier_3_plus,private_domain,ready_to_drink,9.88,7.84,5.35,5.97,16.38,1,1,0,0,0,5.62,4,price,the price feels high without promotion,2,Value Seekers
R000467,quality_first,25,6904.28,new_tier_1,tmall,ready_to_drink,5.54,9.72,6.36,7.22,36.52,1,1,1,1,6,10.0,10,promotion,membership coupons can increase repeat purchase,1,Quality Loyalists
R000468,convenience_first,32,18880.66,tier_2,tmall,healthy_snack,7.15,6.94,8.82,5.38,30.94,0,0,1,1,3,8.47,8,delivery,stockouts make me switch to other brands,3,Convenience Driven
R000469,value_seekers,35,6232.49,tier_2,offline_supermarket,ready_to_drink,8.61,6.91,5.87,5.87,16.18,1,1,0,0,0,5.16,5,price,the price feels high without promotion,2,Value Seekers
R000470,quality_first,26,8271.97,new_tier_1,xiaohongshu,healthy_snack,5.0,8.29,6.02,6.63,25.17,1,1,1,1,6,9.24,9,promotion,livestream promotion helps me discover new products,1,Quality Loyalists
R000471,quality_first,27,6005.23,tier_2,tmall,ready_to_drink,5.49,8.19,7.27,6.94,32.84,1,1,1,1,4,8.63,6,promotion,livestream promotion helps me discover new products,1,Quality Loyalists
R000472,convenience_first,32,9960.37,tier_3_plus,tmall,ready_to_drink,5.29,8.1,8.83,6.81,29.5,1,1,1,1,6,10.0,10,sustainability,I prefer brands with recyclable packaging,3,Convenience Driven
R000473,value_seekers,37,7796.21,tier_3_plus,private_domain,home_cleaning,8.17,5.03,6.97,4.72,18.8,1,1,0,1,3,7.79,7,promotion,KOL reviews are useful but need to be authentic,0,High Value Fans
R000474,new_explorers,29,10076.81,tier_3_plus,private_domain,healthy_snack,7.61,6.66,7.8,5.43,20.31,0,0,1,1,2,7.97,8,promotion,KOL reviews are useful but need to be authentic,0,High Value Fans
R000475,quality_first,29,10459.9,tier_1,offline_supermarket,personal_care,4.38,8.28,5.13,6.05,30.11,0,1,1,1,1,10.0,10,quality,I care about ingredients and product safety,1,Quality Loyalists
R000476,eco_advocates,26,18651.16,tier_2,jd,healthy_snack,5.95,7.32,6.33,7.93,36.15,1,1,1,1,4,7.89,7,sustainability,low carbon packaging would improve brand impression,4,Eco Advocates
R000477,eco_advocates,18,21972.19,tier_3_plus,tmall,home_cleaning,3.58,7.44,7.36,9.29,32.11,0,0,1,1,4,10.0,10,sustainability,low carbon packaging would improve brand impression,4,Eco Advocates
R000478,new_explorers,33,19940.6,tier_2,private_domain,personal_care,7.35,7.1,6.14,6.6,21.82,0,1,0,0,0,8.04,8,packaging,the packaging is convenient but could look more premium,0,High Value Fans
R000479,value_seekers,34,8852.45,tier_2,jd,healthy_snack,8.9,7.26,6.52,3.72,19.53,1,1,1,1,7,7.88,9,packaging,the packaging is convenient but could look more premium,0,High Value Fans
R000480,eco_advocates,42,13819.71,new_tier_1,xiaohongshu,ready_to_drink,4.2,7.92,7.16,9.34,36.99,1,1,1,1,3,8.66,8,sustainability,I prefer brands with recyclable packaging,4,Eco Advocates
R000481,value_seekers,23,8902.74,tier_1,xiaohongshu,healthy_snack,8.57,5.87,6.27,5.81,18.09,1,1,1,1,5,7.73,7,quality,I care about ingredients and product safety,0,High Value Fans
R000482,quality_first,24,7360.34,new_tier_1,jd,home_cleaning,4.57,8.8,6.19,6.65,31.97,1,1,1,1,4,10.0,10,quality,quality improvement would make me repurchase more often,1,Quality Loyalists
R000483,value_seekers,39,15385.3,new_tier_1,douyin,healthy_snack,8.73,5.96,6.43,4.47,12.36,1,1,0,0,2,6.0,7,price,the price feels high without promotion,2,Value Seekers
R000484,quality_first,26,14055.21,new_tier_1,tmall,healthy_snack,4.67,8.92,5.78,6.5,33.08,1,1,1,1,2,8.11,9,delivery,offline availability is not always convenient,1,Quality Loyalists
R000485,value_seekers,28,6872.21,tier_3_plus,xiaohongshu,healthy_snack,8.24,5.6,5.83,5.33,17.48,1,1,1,1,5,8.1,8,packaging,portable packaging is useful for work and travel,0,High Value Fans
R000486,new_explorers,30,8721.0,tier_2,private_domain,personal_care,7.49,7.72,6.92,6.66,14.9,1,1,1,1,2,9.08,9,quality,the product quality is stable and trustworthy,0,High Value Fans
R000487,value_seekers,19,9624.42,tier_2,jd,personal_care,10.0,6.9,5.26,4.3,20.1,1,1,1,1,1,5.48,3,packaging,the packaging is convenient but could look more premium,2,Value Seekers
R000488,quality_first,20,9709.57,tier_2,xiaohongshu,home_cleaning,4.32,10.0,5.11,6.66,28.29,1,1,1,1,2,8.8,7,quality,I care about ingredients and product safety,1,Quality Loyalists
R000489,eco_advocates,30,9782.85,new_tier_1,tmall,ready_to_drink,4.99,6.66,6.75,8.63,35.77,0,0,0,0,1,8.0,8,sustainability,sustainability claims need to be more credible,4,Eco Advocates
R000490,value_seekers,29,11276.9,new_tier_1,xiaohongshu,home_cleaning,7.88,7.08,6.28,4.68,17.78,1,1,1,1,4,8.17,9,quality,the product quality is stable and trustworthy,0,High Value Fans
R000491,convenience_first,37,13032.78,tier_2,tmall,ready_to_drink,4.71,6.01,7.98,4.87,33.28,1,1,1,1,6,8.57,8,quality,the product quality is stable and trustworthy,3,Convenience Driven
R000492,convenience_first,23,16047.11,tier_1,tmall,ready_to_drink,5.41,7.97,8.97,5.07,23.52,1,1,0,0,0,7.69,6,quality,quality improvement would make me repurchase more often,3,Convenience Driven
R000493,eco_advocates,35,7619.05,new_tier_1,offline_supermarket,ready_to_drink,6.45,7.69,8.06,10.0,30.99,0,0,0,0,0,8.49,9,sustainability,sustainability claims need to be more credible,4,Eco Advocates
R000494,convenience_first,18,9632.98,tier_2,xiaohongshu,home_cleaning,4.8,6.66,9.36,4.49,29.33,0,0,1,1,5,9.48,10,promotion,membership coupons can increase repeat purchase,3,Convenience Driven
R000495,eco_advocates,18,19637.24,tier_3_plus,douyin,personal_care,4.11,6.75,5.13,9.95,37.35,1,1,0,0,1,8.52,9,delivery,delivery speed affects whether I choose the brand,4,Eco Advocates
R000496,eco_advocates,39,11417.46,tier_2,jd,ready_to_drink,5.09,7.36,7.4,8.2,29.98,0,0,0,0,1,10.0,8,quality,I care about ingredients and product safety,4,Eco Advocates
R000497,convenience_first,43,14698.57,new_tier_1,jd,healthy_snack,4.44,6.79,9.48,5.05,30.22,1,1,0,0,0,9.7,10,quality,I care about ingredients and product safety,3,Convenience Driven
R000498,quality_first,34,13430.99,new_tier_1,xiaohongshu,healthy_snack,4.25,7.73,7.23,5.63,32.87,1,1,0,0,1,10.0,10,quality,quality improvement would make me repurchase more often,1,Quality Loyalists
R000499,value_seekers,21,7173.74,new_tier_1,jd,home_cleaning,8.52,6.13,5.87,5.23,19.63,1,1,0,1,3,8.65,9,promotion,livestream promotion helps me discover new products,0,High Value Fans
R000500,value_seekers,22,6423.74,tier_2,tmall,healthy_snack,10.0,5.72,7.14,4.54,16.5,0,0,0,0,0,5.35,6,promotion,KOL reviews are useful but need to be authentic,2,Value Seekers
R000501,new_explorers,28,11430.3,new_tier_1,douyin,ready_to_drink,6.38,7.34,6.95,5.13,24.92,1,1,1,1,3,8.11,6,price,I compare price across platforms before purchase,0,High Value Fans
R000502,value_seekers,36,4396.06,tier_2,jd,ready_to_drink,8.01,7.13,5.66,4.29,15.66,1,1,1,0,1,6.1,6,packaging,portable packaging is useful for work and travel,2,Value Seekers
R000503,new_explorers,32,18524.28,new_tier_1,douyin,home_cleaning,6.15,7.46,7.38,5.99,23.26,0,0,0,0,0,9.66,10,price,the price feels high without promotion,3,Convenience Driven
R000504,quality_first,39,16371.53,tier_2,xiaohongshu,ready_to_drink,3.76,7.52,7.25,7.06,28.41,1,1,1,1,2,9.52,9,promotion,membership coupons can increase repeat purchase,1,Quality Loyalists
R000505,value_seekers,32,15664.89,tier_2,jd,personal_care,6.32,5.71,4.52,3.9,17.62,1,1,1,0,2,5.51,4,price,the price feels high without promotion,2,Value Seekers
R000506,quality_first,38,9315.53,tier_1,jd,home_cleaning,5.93,8.81,6.94,6.23,29.06,1,1,1,1,5,8.57,8,quality,quality improvement would make me repurchase more often,1,Quality Loyalists
R000507,quality_first,42,8535.84,new_tier_1,tmall,healthy_snack,4.9,9.18,6.59,6.91,36.67,0,1,0,1,2,9.65,9,quality,the product quality is stable and trustworthy,1,Quality Loyalists
R000508,value_seekers,28,7005.66,new_tier_1,xiaohongshu,personal_care,7.74,7.71,4.78,5.56,16.0,1,0,0,0,0,8.06,8,price,I compare price across platforms before purchase,0,High Value Fans
R000509,quality_first,39,7417.9,tier_2,offline_supermarket,ready_to_drink,5.5,9.77,6.16,5.96,29.71,1,1,1,1,6,10.0,10,quality,I care about ingredients and product safety,1,Quality Loyalists
R000510,eco_advocates,21,11099.34,new_tier_1,douyin,home_cleaning,5.48,6.29,6.15,9.99,27.39,1,1,0,1,1,9.85,10,promotion,livestream promotion helps me discover new products,4,Eco Advocates
R000511,quality_first,34,7781.08,new_tier_1,private_domain,healthy_snack,4.52,7.49,6.95,5.59,35.87,1,1,1,1,6,9.82,6,packaging,the package design should show product benefits more clearly,1,Quality Loyalists
R000512,quality_first,22,15646.98,tier_2,tmall,personal_care,3.8,8.81,6.98,6.24,35.89,0,1,1,1,3,7.8,7,delivery,stockouts make me switch to other brands,1,Quality Loyalists
R000513,new_explorers,32,10541.96,tier_2,douyin,ready_to_drink,6.5,7.44,6.99,6.33,19.33,0,0,1,1,4,8.59,10,quality,I care about ingredients and product safety,0,High Value Fans
R000514,value_seekers,21,9910.69,tier_1,douyin,home_cleaning,7.43,6.91,6.06,4.19,24.85,1,1,0,0,1,7.92,8,delivery,stockouts make me switch to other brands,0,High Value Fans
R000515,convenience_first,27,11367.31,tier_3_plus,offline_supermarket,ready_to_drink,5.9,6.52,9.89,5.58,31.28,1,1,1,1,1,9.72,6,price,I compare price across platforms before purchase,3,Convenience Driven
R000516,new_explorers,35,26403.57,new_tier_1,tmall,healthy_snack,6.11,7.34,7.24,6.38,23.5,1,0,1,1,5,9.15,8,promotion,livestream promotion helps me discover new products,3,Convenience Driven
R000517,quality_first,27,8714.78,tier_1,offline_supermarket,home_cleaning,6.05,9.0,5.96,6.45,27.37,1,1,1,1,1,9.29,8,promotion,KOL reviews are useful but need to be authentic,1,Quality Loyalists
R000518,convenience_first,41,9087.85,tier_2,offline_supermarket,personal_care,6.68,7.51,8.21,5.26,26.91,0,0,1,1,7,8.44,8,promotion,membership coupons can increase repeat purchase,3,Convenience Driven
R000519,convenience_first,39,28195.07,tier_1,douyin,personal_care,5.67,6.59,9.92,4.26,30.51,0,0,0,1,4,9.25,10,quality,I care about ingredients and product safety,3,Convenience Driven
R000520,value_seekers,32,10967.81,new_tier_1,xiaohongshu,ready_to_drink,7.3,7.24,5.13,5.28,20.22,0,0,0,0,0,7.58,7,packaging,portable packaging is useful for work and travel,0,High Value Fans
R000521,eco_advocates,30,15717.03,tier_1,xiaohongshu,home_cleaning,5.27,8.14,5.79,9.31,32.87,0,1,0,1,2,7.48,10,sustainability,sustainability claims need to be more credible,4,Eco Advocates
R000522,new_explorers,34,14945.17,tier_1,tmall,personal_care,6.14,6.57,5.35,7.64,25.58,0,1,0,0,0,8.14,7,packaging,the package design should show product benefits more clearly,0,High Value Fans
R000523,new_explorers,30,4883.14,new_tier_1,offline_supermarket,ready_to_drink,6.25,6.54,6.12,7.06,26.45,1,1,0,0,0,8.54,9,price,I compare price across platforms before purchase,0,High Value Fans
R000524,convenience_first,27,6967.9,new_tier_1,jd,ready_to_drink,4.51,9.62,8.46,5.23,23.44,0,1,1,1,5,10.0,10,price,I compare price across platforms before purchase,1,Quality Loyalists
R000525,quality_first,27,6991.82,new_tier_1,jd,ready_to_drink,5.16,8.43,5.6,7.66,28.66,1,1,1,1,2,10.0,10,quality,I care about ingredients and product safety,1,Quality Loyalists
R000526,convenience_first,20,13453.55,tier_3_plus,douyin,healthy_snack,7.3,6.77,8.77,3.41,27.91,1,1,1,0,3,5.31,4,packaging,the package design should show product benefits more clearly,2,Value Seekers
R000527,new_explorers,29,14483.39,tier_3_plus,jd,healthy_snack,6.42,6.05,5.92,6.03,28.26,1,0,0,0,0,7.7,6,promotion,KOL reviews are useful but need to be authentic,2,Value Seekers
R000528,new_explorers,38,11228.34,tier_2,douyin,personal_care,6.14,8.92,6.22,6.44,23.76,0,1,0,1,3,7.32,5,promotion,KOL reviews are useful but need to be authentic,0,High Value Fans
R000529,quality_first,40,8248.13,tier_2,xiaohongshu,personal_care,5.57,9.23,6.7,6.09,29.75,1,1,1,1,2,9.86,10,delivery,delivery speed affects whether I choose the brand,1,Quality Loyalists
R000530,new_explorers,32,10219.99,tier_2,douyin,ready_to_drink,7.35,7.05,7.02,6.85,24.01,0,0,0,0,0,8.09,9,quality,the product quality is stable and trustworthy,0,High Value Fans
R000531,eco_advocates,34,12942.39,new_tier_1,jd,home_cleaning,4.96,8.78,6.2,6.53,27.06,1,1,1,1,1,7.68,6,price,I compare price across platforms before purchase,1,Quality Loyalists
R000532,new_explorers,24,12246.05,new_tier_1,xiaohongshu,healthy_snack,5.4,7.87,4.96,6.22,26.46,0,0,0,1,3,9.99,8,packaging,the packaging is convenient but could look more premium,1,Quality Loyalists
R000533,value_seekers,22,6809.81,tier_1,private_domain,healthy_snack,8.81,5.21,5.78,3.23,13.03,0,0,1,1,3,7.46,8,promotion,membership coupons can increase repeat purchase,0,High Value Fans
R000534,new_explorers,26,8787.65,new_tier_1,offline_supermarket,personal_care,5.82,7.02,7.85,6.15,26.08,1,0,0,0,0,8.83,10,price,the price feels high without promotion,3,Convenience Driven
R000535,eco_advocates,18,9138.25,tier_2,tmall,healthy_snack,4.88,7.32,8.66,8.08,35.27,1,0,1,1,2,10.0,10,promotion,membership coupons can increase repeat purchase,4,Eco Advocates
R000536,value_seekers,23,17501.75,tier_1,jd,ready_to_drink,9.11,7.27,6.65,5.64,19.39,1,1,1,1,7,7.09,5,price,discount bundles make me more willing to buy,2,Value Seekers
R000537,convenience_first,38,7351.12,tier_1,private_domain,home_cleaning,6.58,6.95,7.59,4.69,27.6,1,0,1,1,4,7.85,7,promotion,membership coupons can increase repeat purchase,3,Convenience Driven
R000538,value_seekers,47,10197.65,tier_1,xiaohongshu,home_cleaning,7.0,5.21,3.87,4.99,17.46,1,1,1,1,2,6.69,8,packaging,the packaging is convenient but could look more premium,0,High Value Fans
R000539,eco_advocates,20,10496.88,tier_1,jd,personal_care,4.96,7.93,6.82,8.01,36.53,1,1,1,0,2,7.56,9,promotion,membership coupons can increase repeat purchase,4,Eco Advocates
R000540,convenience_first,43,14752.29,tier_1,private_domain,ready_to_drink,5.57,7.23,8.86,4.49,28.35,1,0,0,0,1,5.93,5,promotion,membership coupons can increase repeat purchase,3,Convenience Driven
R000541,convenience_first,32,13612.48,tier_2,tmall,home_cleaning,5.41,7.52,9.1,5.74,32.77,1,1,1,1,3,9.49,10,delivery,stockouts make me switch to other brands,3,Convenience Driven
R000542,eco_advocates,32,31117.72,tier_3_plus,douyin,healthy_snack,6.2,7.11,6.73,7.06,32.66,1,1,1,1,1,8.13,7,sustainability,I prefer brands with recyclable packaging,4,Eco Advocates
R000543,eco_advocates,21,5596.23,tier_3_plus,private_domain,personal_care,6.01,6.83,6.44,8.95,31.07,0,0,1,1,1,7.51,7,sustainability,low carbon packaging would improve brand impression,4,Eco Advocates
R000544,value_seekers,24,12583.82,tier_1,xiaohongshu,ready_to_drink,9.78,5.86,4.4,3.66,22.99,1,0,0,0,1,6.3,5,quality,the product quality is stable and trustworthy,2,Value Seekers
R000545,eco_advocates,24,10829.12,new_tier_1,jd,healthy_snack,5.66,6.81,6.85,8.85,30.64,0,1,1,1,3,7.79,7,quality,quality improvement would make me repurchase more often,4,Eco Advocates
R000546,convenience_first,33,11884.36,new_tier_1,douyin,personal_care,5.45,6.42,7.36,6.6,26.49,1,1,0,0,2,10.0,9,delivery,stockouts make me switch to other brands,3,Convenience Driven
R000547,value_seekers,44,7155.54,new_tier_1,offline_supermarket,ready_to_drink,8.93,5.37,5.71,4.5,12.89,1,1,1,1,3,7.32,7,packaging,the package design should show product benefits more clearly,2,Value Seekers
R000548,quality_first,26,5888.27,tier_3_plus,offline_supermarket,healthy_snack,6.61,8.38,7.41,7.12,32.53,1,1,0,0,0,6.7,7,delivery,delivery speed affects whether I choose the brand,4,Eco Advocates
R000549,convenience_first,31,12207.2,tier_2,douyin,healthy_snack,3.75,5.86,9.85,5.43,26.79,0,1,0,1,3,9.03,10,sustainability,sustainability claims need to be more credible,3,Convenience Driven
R000550,eco_advocates,37,7581.27,tier_2,tmall,healthy_snack,5.38,8.61,6.35,7.8,28.07,1,1,1,1,3,9.06,10,packaging,the packaging is convenient but could look more premium,1,Quality Loyalists
R000551,new_explorers,33,10028.42,new_tier_1,tmall,home_cleaning,5.89,7.71,7.79,5.38,21.14,1,1,1,1,4,9.24,10,promotion,livestream promotion helps me discover new products,3,Convenience Driven
R000552,value_seekers,38,12370.32,tier_2,private_domain,ready_to_drink,8.61,7.4,5.24,4.78,20.5,1,1,0,1,2,9.41,10,price,discount bundles make me more willing to buy,0,High Value Fans
R000553,quality_first,23,4302.8,new_tier_1,douyin,personal_care,5.49,8.36,6.37,5.84,26.95,1,1,1,0,1,8.26,9,quality,quality improvement would make me repurchase more often,1,Quality Loyalists
R000554,eco_advocates,23,2500.0,new_tier_1,douyin,ready_to_drink,5.26,7.17,6.33,8.23,33.09,0,0,0,0,0,7.02,9,delivery,offline availability is not always convenient,4,Eco Advocates
R000555,convenience_first,26,11556.41,tier_1,tmall,ready_to_drink,7.2,6.96,10.0,4.62,24.48,1,1,1,1,5,10.0,10,sustainability,sustainability claims need to be more credible,3,Convenience Driven
R000556,eco_advocates,29,9470.65,new_tier_1,jd,personal_care,6.26,6.31,6.23,9.36,37.55,1,1,1,0,4,6.37,6,sustainability,sustainability claims need to be more credible,4,Eco Advocates
R000557,convenience_first,42,8907.61,tier_2,tmall,personal_care,4.01,6.6,8.6,4.99,25.05,1,1,1,0,0,9.25,9,sustainability,I prefer brands with recyclable packaging,3,Convenience Driven
R000558,value_seekers,38,10088.32,tier_2,tmall,healthy_snack,9.78,6.26,5.94,4.98,17.91,0,1,1,1,1,8.87,9,promotion,KOL reviews are useful but need to be authentic,0,High Value Fans
R000559,convenience_first,52,8999.22,tier_1,offline_supermarket,ready_to_drink,6.12,7.52,7.84,6.34,24.63,1,1,1,1,1,10.0,10,delivery,delivery speed affects whether I choose the brand,3,Convenience Driven
R000560,convenience_first,37,9436.68,tier_2,tmall,personal_care,5.28,7.07,8.77,5.12,30.29,1,1,0,1,5,10.0,10,delivery,delivery speed affects whether I choose the brand,3,Convenience Driven
R000561,new_explorers,23,4841.91,tier_1,jd,personal_care,6.14,6.51,7.65,6.01,19.94,1,1,1,1,5,7.34,7,price,discount bundles make me more willing to buy,0,High Value Fans
R000562,quality_first,26,10834.63,tier_1,jd,ready_to_drink,3.76,8.97,6.23,7.76,31.93,1,1,1,0,2,7.54,8,packaging,the packaging is convenient but could look more premium,1,Quality Loyalists
R000563,value_seekers,28,6156.67,tier_1,tmall,healthy_snack,8.2,6.98,6.69,5.35,22.57,0,0,1,0,2,7.48,8,quality,the product quality is stable and trustworthy,0,High Value Fans
R000564,eco_advocates,20,6314.08,new_tier_1,douyin,healthy_snack,5.45,6.27,6.35,8.6,30.44,0,0,0,0,2,6.34,5,sustainability,low carbon packaging would improve brand impression,4,Eco Advocates
R000565,quality_first,35,15085.26,new_tier_1,douyin,personal_care,4.67,7.94,7.77,7.07,33.74,1,1,1,0,1,8.76,9,sustainability,I prefer brands with recyclable packaging,1,Quality Loyalists
R000566,quality_first,36,9599.57,new_tier_1,tmall,healthy_snack,3.99,7.11,6.82,6.68,31.19,1,1,1,1,5,10.0,9,packaging,the package design should show product benefits more clearly,1,Quality Loyalists
R000567,new_explorers,30,10177.83,tier_2,xiaohongshu,healthy_snack,6.99,6.72,5.8,6.64,21.54,1,0,0,0,0,8.08,10,promotion,livestream promotion helps me discover new products,0,High Value Fans
R000568,convenience_first,41,9804.22,tier_1,private_domain,home_cleaning,6.77,7.24,8.37,4.59,19.85,0,0,0,0,0,7.53,6,promotion,membership coupons can increase repeat purchase,2,Value Seekers
R000569,convenience_first,25,5843.51,tier_2,douyin,home_cleaning,6.91,6.07,9.35,5.18,25.67,1,1,1,1,4,8.09,7,delivery,stockouts make me switch to other brands,3,Convenience Driven
R000570,new_explorers,25,15808.86,tier_1,private_domain,home_cleaning,6.52,6.27,7.64,6.13,25.62,0,1,1,0,1,9.0,10,price,discount bundles make me more willing to buy,3,Convenience Driven
R000571,eco_advocates,36,6855.05,new_tier_1,tmall,ready_to_drink,5.75,8.08,5.73,8.76,24.09,1,1,0,0,1,7.9,7,packaging,the packaging is convenient but could look more premium,4,Eco Advocates
R000572,new_explorers,34,10871.23,tier_2,tmall,home_cleaning,7.7,6.29,6.82,6.6,22.16,1,1,1,0,0,5.92,5,promotion,livestream promotion helps me discover new products,2,Value Seekers
R000573,convenience_first,43,7041.22,tier_2,douyin,ready_to_drink,7.16,5.18,8.73,5.47,26.95,1,1,1,1,0,9.53,10,quality,I care about ingredients and product safety,3,Convenience Driven
R000574,convenience_first,44,19092.5,tier_3_plus,douyin,healthy_snack,5.13,8.57,8.88,5.9,25.5,1,1,1,1,2,9.52,10,sustainability,sustainability claims need to be more credible,3,Convenience Driven
R000575,quality_first,42,7115.28,new_tier_1,douyin,personal_care,6.86,8.73,7.19,6.65,27.57,1,1,1,1,1,10.0,10,price,I compare price across platforms before purchase,1,Quality Loyalists
R000576,value_seekers,30,24884.81,tier_2,tmall,ready_to_drink,8.33,7.24,5.23,5.53,27.35,0,0,0,0,0,7.98,6,promotion,KOL reviews are useful but need to be authentic,2,Value Seekers
R000577,convenience_first,26,20201.94,tier_2,private_domain,healthy_snack,6.49,8.33,9.57,4.61,27.11,0,0,1,1,1,9.49,9,quality,quality improvement would make me repurchase more often,3,Convenience Driven
R000578,value_seekers,23,5888.73,new_tier_1,xiaohongshu,personal_care,10.0,6.18,5.21,4.22,21.02,0,0,1,1,6,6.31,7,packaging,the packaging is convenient but could look more premium,2,Value Seekers
R000579,value_seekers,29,14706.05,tier_3_plus,xiaohongshu,personal_care,8.78,4.99,6.71,4.5,16.93,0,0,1,1,4,9.04,10,packaging,the packaging is convenient but could look more premium,0,High Value Fans
R000580,eco_advocates,29,22845.01,tier_2,offline_supermarket,personal_care,5.67,7.0,5.57,8.42,28.9,1,1,1,0,3,7.92,8,sustainability,sustainability claims need to be more credible,4,Eco Advocates
R000581,convenience_first,38,16062.45,tier_3_plus,jd,healthy_snack,4.32,7.94,9.98,6.84,28.68,0,0,1,0,4,8.09,7,price,discount bundles make me more willing to buy,3,Convenience Driven
R000582,value_seekers,41,6718.17,new_tier_1,tmall,ready_to_drink,8.4,4.84,6.16,3.94,19.43,1,0,0,0,0,5.49,8,quality,I care about ingredients and product safety,2,Value Seekers
R000583,value_seekers,25,8502.79,tier_3_plus,tmall,personal_care,10.0,6.67,4.32,4.36,22.86,1,1,0,0,0,7.03,7,quality,quality improvement would make me repurchase more often,2,Value Seekers
R000584,convenience_first,37,8985.32,tier_1,offline_supermarket,ready_to_drink,5.97,6.11,6.47,5.9,23.89,1,0,0,0,1,8.45,8,packaging,the package design should show product benefits more clearly,0,High Value Fans
R000585,quality_first,30,8538.22,tier_2,jd,personal_care,6.33,8.39,6.34,7.03,29.29,1,1,0,0,0,8.49,8,packaging,the package design should show product benefits more clearly,1,Quality Loyalists
R000586,convenience_first,37,8019.46,tier_1,jd,ready_to_drink,4.4,6.42,8.79,4.12,26.51,1,1,1,1,2,9.29,10,delivery,delivery speed affects whether I choose the brand,3,Convenience Driven
R000587,value_seekers,25,9205.7,tier_3_plus,tmall,personal_care,9.17,4.52,6.8,4.41,18.48,1,1,1,1,1,8.28,8,price,I compare price across platforms before purchase,0,High Value Fans
R000588,new_explorers,32,16769.58,tier_2,douyin,home_cleaning,5.31,6.27,6.51,7.85,22.6,1,1,1,1,3,9.39,10,price,discount bundles make me more willing to buy,4,Eco Advocates
R000589,value_seekers,47,4525.62,new_tier_1,offline_supermarket,ready_to_drink,8.04,7.05,4.6,5.63,14.79,0,0,0,0,1,7.15,8,price,the price feels high without promotion,0,High Value Fans
R000590,quality_first,25,28631.89,tier_3_plus,offline_supermarket,personal_care,3.73,8.02,7.47,6.79,37.37,0,1,1,1,3,10.0,9,promotion,KOL reviews are useful but need to be authentic,1,Quality Loyalists
R000591,quality_first,23,11410.69,tier_2,private_domain,ready_to_drink,3.68,7.79,6.77,6.63,31.9,1,1,1,1,5,10.0,9,price,discount bundles make me more willing to buy,1,Quality Loyalists
R000592,convenience_first,33,23988.77,tier_1,xiaohongshu,ready_to_drink,3.53,5.64,9.7,5.76,30.89,1,1,1,1,4,10.0,10,quality,I care about ingredients and product safety,3,Convenience Driven
R000593,new_explorers,29,12991.32,tier_1,offline_supermarket,personal_care,6.59,6.58,6.66,5.84,22.44,1,1,0,0,0,7.28,5,promotion,membership coupons can increase repeat purchase,2,Value Seekers
R000594,value_seekers,36,11119.4,new_tier_1,jd,ready_to_drink,9.25,5.19,6.18,5.46,15.88,1,1,1,1,5,5.04,6,price,the price feels high without promotion,2,Value Seekers
R000595,value_seekers,34,9650.07,tier_1,douyin,ready_to_drink,8.23,6.51,6.18,5.77,22.29,0,0,0,0,1,6.04,4,delivery,delivery speed affects whether I choose the brand,2,Value Seekers
R000596,value_seekers,33,8213.7,tier_2,jd,healthy_snack,8.53,6.93,6.27,5.82,19.25,1,1,1,1,1,5.78,4,price,the price feels high without promotion,2,Value Seekers
R000597,eco_advocates,18,11257.56,new_tier_1,douyin,healthy_snack,6.06,6.83,5.1,9.49,36.75,0,0,0,0,1,8.13,8,price,discount bundles make me more willing to buy,4,Eco Advocates
R000598,quality_first,30,14304.68,tier_2,tmall,ready_to_drink,4.71,8.17,7.24,7.34,31.66,0,1,0,0,2,8.03,7,delivery,offline availability is not always convenient,1,Quality Loyalists
R000599,new_explorers,42,14162.12,tier_3_plus,douyin,ready_to_drink,7.78,6.48,5.69,5.83,25.21,0,0,0,0,1,7.82,7,delivery,delivery speed affects whether I choose the brand,0,High Value Fans
R000600,value_seekers,39,22619.86,tier_2,private_domain,healthy_snack,7.85,7.52,5.64,3.39,23.47,0,0,0,0,1,7.57,5,quality,I care about ingredients and product safety,2,Value Seekers
R000601,convenience_first,31,6393.56,tier_1,offline_supermarket,home_cleaning,6.03,6.83,7.76,4.74,28.34,0,0,0,0,1,8.45,8,delivery,offline availability is not always convenient,3,Convenience Driven
R000602,eco_advocates,49,15133.48,tier_2,tmall,personal_care,4.45,6.86,7.25,8.94,30.57,1,1,1,1,4,9.04,8,promotion,membership coupons can increase repeat purchase,4,Eco Advocates
R000603,convenience_first,26,6562.38,tier_2,xiaohongshu,ready_to_drink,5.18,7.35,9.0,5.21,31.87,1,1,1,1,3,10.0,9,delivery,stockouts make me switch to other brands,3,Convenience Driven
R000604,quality_first,24,10118.52,tier_2,tmall,home_cleaning,4.36,9.43,6.31,6.36,34.4,0,1,1,1,1,10.0,10,promotion,livestream promotion helps me discover new products,1,Quality Loyalists
R000605,eco_advocates,22,8933.35,tier_1,tmall,home_cleaning,5.1,8.01,7.92,8.19,35.01,1,1,1,1,5,10.0,10,quality,quality improvement would make me repurchase more often,4,Eco Advocates
R000606,convenience_first,26,17807.2,tier_2,offline_supermarket,healthy_snack,6.34,7.5,8.88,4.47,29.93,1,1,1,1,3,9.64,10,delivery,stockouts make me switch to other brands,3,Convenience Driven
R000607,new_explorers,38,8741.55,tier_2,tmall,healthy_snack,6.73,4.54,6.34,5.78,16.69,0,0,0,0,1,8.92,10,packaging,the packaging is convenient but could look more premium,0,High Value Fans
R000608,value_seekers,42,10860.65,new_tier_1,douyin,ready_to_drink,10.0,7.32,6.51,4.28,24.13,0,1,0,1,5,8.24,6,price,I compare price across platforms before purchase,0,High Value Fans
R000609,convenience_first,24,15470.18,tier_2,jd,ready_to_drink,7.18,7.42,8.67,4.03,26.86,0,1,1,1,4,9.25,9,delivery,delivery speed affects whether I choose the brand,3,Convenience Driven
R000610,convenience_first,34,10594.67,new_tier_1,xiaohongshu,personal_care,4.78,6.26,8.9,5.44,29.51,1,1,1,1,4,9.13,10,sustainability,low carbon packaging would improve brand impression,3,Convenience Driven
R000611,new_explorers,37,16939.23,new_tier_1,tmall,ready_to_drink,5.98,6.01,7.16,6.51,22.49,0,0,0,1,3,9.29,8,price,discount bundles make me more willing to buy,0,High Value Fans
R000612,value_seekers,22,8471.56,tier_2,jd,ready_to_drink,7.44,7.88,4.77,5.57,20.32,1,1,1,1,5,8.05,8,price,the price feels high without promotion,0,High Value Fans
R000613,eco_advocates,21,22658.94,tier_2,douyin,healthy_snack,6.78,7.58,5.41,8.5,30.02,1,1,1,1,5,7.97,10,sustainability,sustainability claims need to be more credible,4,Eco Advocates
R000614,convenience_first,29,11899.07,tier_3_plus,private_domain,ready_to_drink,5.66,6.11,9.93,6.17,31.04,1,1,1,1,3,9.41,9,packaging,portable packaging is useful for work and travel,3,Convenience Driven
R000615,new_explorers,30,7812.25,tier_1,douyin,ready_to_drink,7.08,6.21,5.24,6.14,20.61,0,1,1,1,3,6.89,8,promotion,KOL reviews are useful but need to be authentic,0,High Value Fans
R000616,convenience_first,37,14571.72,tier_1,offline_supermarket,personal_care,6.14,6.16,7.89,5.71,26.52,1,1,0,1,2,8.77,9,delivery,offline availability is not always convenient,3,Convenience Driven
R000617,quality_first,28,16627.67,tier_1,tmall,ready_to_drink,3.67,8.27,7.19,6.37,35.33,1,1,1,1,5,10.0,10,sustainability,sustainability claims need to be more credible,1,Quality Loyalists
R000618,eco_advocates,36,10767.3,tier_3_plus,douyin,home_cleaning,5.85,7.27,7.4,9.12,30.44,1,1,1,1,3,8.94,9,sustainability,sustainability claims need to be more credible,4,Eco Advocates
R000619,quality_first,20,6483.53,new_tier_1,xiaohongshu,healthy_snack,3.84,8.56,6.74,5.62,29.0,0,1,1,1,4,10.0,8,quality,quality improvement would make me repurchase more often,1,Quality Loyalists
R000620,value_seekers,29,15648.93,tier_1,douyin,home_cleaning,8.13,7.75,4.61,4.91,25.95,1,1,1,1,5,7.54,7,price,the price feels high without promotion,0,High Value Fans
R000621,eco_advocates,35,13868.23,new_tier_1,douyin,ready_to_drink,5.28,7.74,6.56,9.8,30.41,1,1,1,1,0,10.0,10,sustainability,low carbon packaging would improve brand impression,4,Eco Advocates
R000622,eco_advocates,21,6185.17,tier_3_plus,tmall,home_cleaning,5.51,8.49,7.07,8.07,34.81,0,0,0,1,6,9.92,9,sustainability,I prefer brands with recyclable packaging,1,Quality Loyalists
R000623,eco_advocates,18,11045.98,tier_3_plus,douyin,healthy_snack,5.68,7.8,6.16,9.37,36.92,1,1,0,0,1,10.0,8,sustainability,I prefer brands with recyclable packaging,4,Eco Advocates
R000624,quality_first,24,12798.95,new_tier_1,offline_supermarket,healthy_snack,4.77,6.98,6.57,6.7,36.71,1,1,1,1,4,9.64,9,quality,the product quality is stable and trustworthy,1,Quality Loyalists
R000625,eco_advocates,32,8159.8,new_tier_1,private_domain,home_cleaning,6.05,7.48,7.09,9.02,33.49,1,1,1,1,0,9.21,7,sustainability,sustainability claims need to be more credible,4,Eco Advocates
R000626,eco_advocates,33,13666.0,tier_2,douyin,personal_care,5.02,6.9,6.19,8.43,32.9,1,1,1,1,4,10.0,10,sustainability,low carbon packaging would improve brand impression,4,Eco Advocates
R000627,quality_first,30,6362.04,tier_1,offline_supermarket,home_cleaning,3.8,8.68,7.8,6.29,33.86,1,1,1,1,6,10.0,10,price,discount bundles make me more willing to buy,1,Quality Loyalists
R000628,eco_advocates,43,20255.74,tier_2,jd,home_cleaning,5.4,8.61,6.48,8.9,28.52,1,1,1,1,4,10.0,10,price,the price feels high without promotion,4,Eco Advocates
R000629,new_explorers,43,11828.66,new_tier_1,douyin,ready_to_drink,6.18,6.27,8.32,5.54,16.79,1,1,1,1,1,7.48,7,price,I compare price across platforms before purchase,0,High Value Fans
R000630,quality_first,31,10537.57,tier_3_plus,jd,ready_to_drink,6.64,9.65,5.64,6.17,28.95,1,1,0,0,1,9.96,10,quality,I care about ingredients and product safety,1,Quality Loyalists
R000631,quality_first,31,5022.57,tier_1,jd,personal_care,5.4,8.1,6.18,6.01,30.15,1,1,0,1,4,8.92,7,quality,the product quality is stable and trustworthy,1,Quality Loyalists
R000632,convenience_first,18,13061.39,new_tier_1,tmall,ready_to_drink,6.16,6.76,8.79,5.76,31.67,1,1,1,1,3,8.4,7,packaging,the packaging is convenient but could look more premium,3,Convenience Driven
R000633,new_explorers,30,11547.84,tier_2,douyin,ready_to_drink,8.1,7.67,6.53,7.13,23.52,0,1,1,1,2,8.92,8,promotion,livestream promotion helps me discover new products,0,High Value Fans
R000634,convenience_first,34,13614.99,tier_2,jd,ready_to_drink,3.43,6.92,7.49,5.73,31.69,1,1,1,1,3,10.0,8,quality,I care about ingredients and product safety,3,Convenience Driven
R000635,new_explorers,39,11523.64,tier_1,xiaohongshu,healthy_snack,7.44,7.77,6.48,6.57,21.12,0,0,0,0,0,8.41,8,packaging,portable packaging is useful for work and travel,0,High Value Fans
R000636,new_explorers,20,25337.7,tier_3_plus,tmall,healthy_snack,6.35,6.4,5.49,5.55,28.78,1,1,0,1,1,7.2,7,quality,quality improvement would make me repurchase more often,0,High Value Fans
R000637,eco_advocates,45,10872.25,tier_1,douyin,ready_to_drink,5.55,7.1,7.32,10.0,34.87,1,1,0,0,0,8.69,10,promotion,KOL reviews are useful but need to be authentic,4,Eco Advocates
R000638,eco_advocates,43,8275.41,new_tier_1,offline_supermarket,ready_to_drink,5.81,7.64,7.1,7.93,34.92,1,1,1,1,4,9.8,8,delivery,stockouts make me switch to other brands,4,Eco Advocates
R000639,value_seekers,34,7276.94,new_tier_1,private_domain,healthy_snack,8.55,5.72,5.7,3.23,16.52,1,0,0,0,0,5.55,3,price,the price feels high without promotion,2,Value Seekers
R000640,quality_first,31,10538.24,new_tier_1,private_domain,ready_to_drink,4.39,10.0,6.34,5.71,30.34,1,1,1,1,2,10.0,10,price,I compare price across platforms before purchase,1,Quality Loyalists
R000641,eco_advocates,28,10042.33,tier_1,xiaohongshu,healthy_snack,5.4,6.91,6.69,8.26,35.24,1,1,1,1,6,6.1,4,sustainability,low carbon packaging would improve brand impression,4,Eco Advocates
R000642,quality_first,39,6155.04,tier_1,douyin,ready_to_drink,4.73,7.17,6.55,6.56,28.22,0,0,1,1,2,9.49,10,price,discount bundles make me more willing to buy,1,Quality Loyalists
R000643,value_seekers,37,8550.08,tier_2,jd,healthy_snack,8.97,6.18,6.25,6.1,18.05,1,1,1,1,3,8.47,9,delivery,stockouts make me switch to other brands,0,High Value Fans
R000644,value_seekers,31,10915.16,tier_2,jd,home_cleaning,7.35,5.69,6.23,5.95,20.2,0,0,0,1,1,8.99,9,promotion,KOL reviews are useful but need to be authentic,0,High Value Fans
R000645,value_seekers,27,4310.75,tier_1,douyin,ready_to_drink,8.15,7.02,5.77,6.66,23.89,1,1,1,1,2,8.49,8,price,I compare price across platforms before purchase,0,High Value Fans
R000646,convenience_first,28,18913.87,tier_2,douyin,home_cleaning,5.21,6.44,7.7,6.44,34.31,1,1,1,1,9,8.9,7,price,discount bundles make me more willing to buy,3,Convenience Driven
R000647,new_explorers,42,6301.41,tier_1,offline_supermarket,healthy_snack,4.13,6.64,6.6,5.71,21.61,0,0,0,0,0,8.87,8,price,I compare price across platforms before purchase,0,High Value Fans
R000648,quality_first,38,22958.95,new_tier_1,douyin,personal_care,3.69,9.1,6.7,6.49,36.06,1,1,1,1,1,10.0,10,quality,I care about ingredients and product safety,1,Quality Loyalists
R000649,eco_advocates,36,13346.46,tier_3_plus,xiaohongshu,home_cleaning,7.18,5.65,6.86,9.48,32.46,0,0,0,0,0,7.15,7,packaging,portable packaging is useful for work and travel,4,Eco Advocates
R000650,value_seekers,27,7278.56,new_tier_1,jd,personal_care,9.88,5.34,6.21,5.17,14.23,0,1,1,0,2,5.08,4,price,I compare price across platforms before purchase,2,Value Seekers
R000651,eco_advocates,28,9939.67,tier_1,douyin,healthy_snack,4.68,7.94,5.32,8.14,36.79,1,1,0,1,1,9.62,9,sustainability,I prefer brands with recyclable packaging,4,Eco Advocates
R000652,new_explorers,35,19797.06,tier_1,tmall,home_cleaning,6.18,6.31,6.8,7.23,19.93,0,0,0,1,3,7.8,9,price,I compare price across platforms before purchase,0,High Value Fans
R000653,convenience_first,29,10325.7,tier_1,offline_supermarket,ready_to_drink,4.5,6.62,8.5,6.35,32.3,1,1,1,1,4,10.0,10,delivery,delivery speed affects whether I choose the brand,3,Convenience Driven
R000654,quality_first,29,8378.23,tier_2,tmall,healthy_snack,5.03,9.54,6.32,8.2,31.69,1,1,1,0,3,9.44,10,promotion,KOL reviews are useful but need to be authentic,1,Quality Loyalists
R000655,new_explorers,20,6838.06,tier_2,tmall,healthy_snack,6.54,6.6,5.09,6.39,22.7,1,1,1,1,4,8.65,9,promotion,membership coupons can increase repeat purchase,0,High Value Fans
R000656,value_seekers,19,16314.97,tier_2,tmall,ready_to_drink,8.53,6.97,5.69,5.19,18.79,1,1,1,1,2,6.9,9,price,I compare price across platforms before purchase,0,High Value Fans
R000657,new_explorers,38,12404.08,tier_2,douyin,ready_to_drink,7.19,4.32,6.51,6.74,24.09,1,1,1,1,3,7.79,6,delivery,offline availability is not always convenient,0,High Value Fans
R000658,new_explorers,34,51256.84,tier_1,douyin,ready_to_drink,6.08,7.38,7.05,6.96,26.29,1,1,1,1,3,8.55,9,delivery,stockouts make me switch to other brands,3,Convenience Driven
R000659,new_explorers,45,5825.36,tier_3_plus,private_domain,home_cleaning,5.86,6.32,7.08,5.43,28.71,0,0,0,0,0,9.63,10,packaging,the packaging is convenient but could look more premium,3,Convenience Driven
R000660,new_explorers,25,10277.35,new_tier_1,offline_supermarket,healthy_snack,6.58,6.95,6.32,4.61,21.62,1,1,1,1,4,7.83,7,packaging,the packaging is convenient but could look more premium,0,High Value Fans
R000661,convenience_first,23,10327.64,tier_1,xiaohongshu,ready_to_drink,5.83,6.9,7.86,4.96,28.44,1,1,1,1,4,7.64,8,price,the price feels high without promotion,3,Convenience Driven
R000662,convenience_first,27,18129.28,tier_1,offline_supermarket,personal_care,4.05,7.88,8.97,4.99,27.08,1,1,1,1,6,7.67,8,promotion,KOL reviews are useful but need to be authentic,3,Convenience Driven
R000663,convenience_first,29,10297.44,tier_1,tmall,ready_to_drink,3.87,6.55,9.59,4.15,29.77,1,1,1,1,3,10.0,9,packaging,the package design should show product benefits more clearly,3,Convenience Driven
R000664,quality_first,35,12757.08,new_tier_1,offline_supermarket,ready_to_drink,2.66,8.63,6.32,5.84,34.66,0,1,1,0,3,8.15,6,price,the price feels high without promotion,1,Quality Loyalists
R000665,new_explorers,32,14604.26,tier_2,jd,personal_care,5.62,6.7,6.5,5.93,24.41,1,1,1,1,6,9.3,10,promotion,KOL reviews are useful but need to be authentic,3,Convenience Driven
R000666,value_seekers,18,15443.2,tier_2,tmall,ready_to_drink,8.14,7.19,5.63,4.64,18.38,1,1,0,0,0,6.64,7,delivery,stockouts make me switch to other brands,2,Value Seekers
R000667,value_seekers,33,4791.52,tier_3_plus,tmall,ready_to_drink,8.72,6.56,5.16,6.96,20.4,0,0,0,0,1,8.42,9,price,discount bundles make me more willing to buy,0,High Value Fans
R000668,new_explorers,37,9355.59,tier_1,tmall,ready_to_drink,7.31,7.71,6.66,6.07,24.98,1,1,1,1,5,9.11,9,delivery,stockouts make me switch to other brands,0,High Value Fans
R000669,new_explorers,32,4652.26,tier_2,private_domain,ready_to_drink,7.56,7.93,6.31,6.71,19.73,0,0,0,1,6,6.88,6,price,discount bundles make me more willing to buy,0,High Value Fans
R000670,quality_first,34,16418.05,new_tier_1,xiaohongshu,personal_care,5.33,8.86,7.29,4.79,24.95,1,1,1,1,7,8.01,8,quality,I care about ingredients and product safety,1,Quality Loyalists
R000671,new_explorers,36,8023.39,tier_2,tmall,home_cleaning,7.86,6.98,7.44,7.01,24.6,1,1,1,1,3,10.0,10,quality,I care about ingredients and product safety,3,Convenience Driven
R000672,eco_advocates,29,4731.88,new_tier_1,douyin,healthy_snack,6.09,9.43,6.21,8.28,33.24,0,0,1,1,7,8.84,10,quality,the product quality is stable and trustworthy,1,Quality Loyalists
R000673,eco_advocates,35,6822.66,tier_2,jd,home_cleaning,7.6,7.2,7.32,8.67,32.83,0,1,1,0,2,8.31,10,delivery,delivery speed affects whether I choose the brand,4,Eco Advocates
R000674,convenience_first,31,8730.01,tier_2,douyin,personal_care,5.56,6.31,8.03,5.4,24.51,0,1,1,1,2,10.0,9,quality,I care about ingredients and product safety,3,Convenience Driven
R000675,quality_first,31,4656.66,new_tier_1,private_domain,healthy_snack,5.82,8.14,7.39,6.81,37.53,1,1,1,1,3,7.98,10,packaging,portable packaging is useful for work and travel,1,Quality Loyalists
R000676,value_seekers,45,8402.69,tier_2,private_domain,personal_care,8.06,6.58,7.1,5.27,20.89,0,0,0,1,7,8.22,10,promotion,membership coupons can increase repeat purchase,0,High Value Fans
R000677,quality_first,32,14583.45,new_tier_1,jd,personal_care,5.66,9.1,7.08,6.29,32.59,1,1,1,1,1,9.26,8,quality,I care about ingredients and product safety,1,Quality Loyalists
R000678,quality_first,22,13776.14,tier_2,douyin,home_cleaning,3.45,8.76,6.7,5.83,37.59,0,0,0,0,1,8.59,8,quality,I care about ingredients and product safety,1,Quality Loyalists
R000679,value_seekers,24,17521.37,tier_2,offline_supermarket,home_cleaning,7.78,8.08,6.34,4.55,20.05,1,1,1,1,4,9.45,9,promotion,KOL reviews are useful but need to be authentic,0,High Value Fans
R000680,value_seekers,27,5332.06,tier_3_plus,xiaohongshu,ready_to_drink,6.59,6.51,6.48,6.17,14.88,1,1,1,1,5,8.43,9,packaging,portable packaging is useful for work and travel,0,High Value Fans
R000681,value_seekers,32,9015.05,tier_2,jd,ready_to_drink,8.15,6.06,5.32,5.05,17.19,1,1,1,0,2,6.3,6,sustainability,low carbon packaging would improve brand impression,2,Value Seekers
R000682,quality_first,28,7008.87,tier_2,xiaohongshu,ready_to_drink,6.39,7.59,7.3,6.37,30.69,0,1,1,1,3,7.98,9,quality,I care about ingredients and product safety,3,Convenience Driven
R000683,eco_advocates,39,9738.15,new_tier_1,offline_supermarket,home_cleaning,6.89,7.73,5.66,9.25,34.89,1,1,1,1,4,8.16,8,delivery,stockouts make me switch to other brands,4,Eco Advocates
R000684,convenience_first,44,12690.54,tier_1,douyin,ready_to_drink,4.76,5.7,10.0,4.36,24.74,0,0,0,1,1,7.67,6,quality,I care about ingredients and product safety,3,Convenience Driven
R000685,convenience_first,45,7383.48,new_tier_1,jd,ready_to_drink,7.37,6.25,9.55,6.29,23.71,1,1,1,1,6,8.76,8,delivery,offline availability is not always convenient,3,Convenience Driven
R000686,eco_advocates,25,15077.53,tier_1,tmall,ready_to_drink,6.36,7.57,5.34,7.94,32.71,1,1,1,1,3,9.48,10,sustainability,low carbon packaging would improve brand impression,4,Eco Advocates
R000687,eco_advocates,33,4456.78,tier_3_plus,private_domain,home_cleaning,6.48,7.8,6.34,8.47,34.12,1,1,1,1,5,9.23,9,sustainability,low carbon packaging would improve brand impression,4,Eco Advocates
R000688,quality_first,41,9838.86,tier_2,offline_supermarket,personal_care,5.5,8.03,7.94,6.9,35.34,0,1,1,1,4,8.23,6,quality,I care about ingredients and product safety,1,Quality Loyalists
R000689,convenience_first,37,15707.38,new_tier_1,douyin,ready_to_drink,6.1,5.71,8.83,5.78,30.66,1,1,1,0,0,6.77,6,promotion,membership coupons can increase repeat purchase,3,Convenience Driven
R000690,new_explorers,33,15410.15,tier_1,tmall,personal_care,6.41,5.95,5.69,4.82,28.73,1,1,0,0,0,7.35,8,promotion,membership coupons can increase repeat purchase,0,High Value Fans
R000691,value_seekers,18,19434.51,tier_2,jd,personal_care,8.85,7.38,6.69,5.21,21.25,0,0,0,0,0,7.51,7,packaging,the packaging is convenient but could look more premium,2,Value Seekers
R000692,convenience_first,31,15522.22,tier_2,private_domain,personal_care,5.31,6.02,10.0,5.23,31.17,1,1,1,1,4,7.44,5,delivery,stockouts make me switch to other brands,3,Convenience Driven
R000693,eco_advocates,48,10058.75,new_tier_1,offline_supermarket,healthy_snack,5.62,7.42,5.9,9.3,31.39,0,0,1,1,1,9.8,10,quality,quality improvement would make me repurchase more often,4,Eco Advocates
R000694,quality_first,37,5370.37,tier_1,xiaohongshu,ready_to_drink,4.42,10.0,5.51,6.21,30.96,1,1,0,0,0,8.62,9,quality,quality improvement would make me repurchase more often,1,Quality Loyalists
R000695,eco_advocates,32,13154.96,new_tier_1,douyin,ready_to_drink,7.0,7.09,5.33,8.83,32.34,1,1,1,1,4,8.64,10,delivery,delivery speed affects whether I choose the brand,4,Eco Advocates
R000696,eco_advocates,27,11120.7,tier_2,jd,personal_care,6.14,7.12,6.54,8.53,35.83,1,1,1,1,4,8.85,10,sustainability,I prefer brands with recyclable packaging,4,Eco Advocates
R000697,eco_advocates,31,19886.88,tier_3_plus,offline_supermarket,home_cleaning,5.48,7.36,7.91,9.5,34.06,0,0,0,0,0,8.09,5,quality,quality improvement would make me repurchase more often,4,Eco Advocates
R000698,convenience_first,27,2500.0,tier_3_plus,tmall,personal_care,5.47,7.07,8.38,5.05,25.79,0,0,0,1,3,10.0,10,delivery,stockouts make me switch to other brands,3,Convenience Driven
R000699,eco_advocates,46,9238.81,tier_2,private_domain,home_cleaning,4.05,6.88,7.46,9.3,34.36,1,1,0,0,0,9.28,10,sustainability,I prefer brands with recyclable packaging,4,Eco Advocates
R000700,eco_advocates,28,20563.31,tier_2,tmall,personal_care,6.11,7.14,6.96,8.91,29.67,0,1,0,0,1,8.46,6,promotion,KOL reviews are useful but need to be authentic,4,Eco Advocates
R000701,quality_first,18,6433.68,new_tier_1,xiaohongshu,ready_to_drink,5.05,9.39,7.75,5.97,32.62,0,1,1,1,7,7.83,7,delivery,delivery speed affects whether I choose the brand,1,Quality Loyalists
R000702,value_seekers,21,33643.63,new_tier_1,xiaohongshu,ready_to_drink,8.59,6.22,7.37,3.73,23.81,1,1,1,1,7,8.51,6,promotion,KOL reviews are useful but need to be authentic,0,High Value Fans
R000703,new_explorers,18,5109.95,tier_3_plus,private_domain,healthy_snack,10.0,6.31,5.36,6.83,18.86,0,0,0,0,1,5.35,3,packaging,the packaging is convenient but could look more premium,2,Value Seekers
R000704,quality_first,18,15931.9,tier_2,xiaohongshu,ready_to_drink,3.95,7.6,7.57,5.75,34.36,0,0,0,1,4,8.4,9,quality,quality improvement would make me repurchase more often,1,Quality Loyalists
R000705,quality_first,25,6967.23,tier_2,offline_supermarket,ready_to_drink,4.84,10.0,7.22,6.36,35.33,1,1,1,1,6,10.0,10,quality,the product quality is stable and trustworthy,1,Quality Loyalists
R000706,value_seekers,26,6508.33,tier_2,offline_supermarket,ready_to_drink,8.23,5.72,6.59,4.5,13.48,1,1,1,1,3,6.94,4,delivery,stockouts make me switch to other brands,2,Value Seekers
R000707,quality_first,28,10594.46,new_tier_1,douyin,ready_to_drink,4.91,7.79,7.85,5.85,32.37,1,1,1,1,3,8.37,9,quality,I care about ingredients and product safety,3,Convenience Driven
R000708,convenience_first,29,7795.75,tier_1,douyin,home_cleaning,6.8,6.86,8.49,7.13,24.78,1,1,1,0,5,6.2,5,delivery,offline availability is not always convenient,2,Value Seekers
R000709,convenience_first,31,21870.05,tier_2,tmall,personal_care,5.72,5.86,9.86,6.16,22.14,0,1,0,1,5,10.0,10,sustainability,low carbon packaging would improve brand impression,3,Convenience Driven
R000710,quality_first,40,9695.45,tier_1,tmall,ready_to_drink,4.63,10.0,7.36,5.9,37.42,0,0,0,1,2,10.0,9,packaging,the package design should show product benefits more clearly,1,Quality Loyalists
R000711,value_seekers,41,10467.6,new_tier_1,tmall,healthy_snack,9.74,6.67,5.46,5.24,13.99,1,0,1,1,1,7.57,5,price,the price feels high without promotion,2,Value Seekers
R000712,new_explorers,34,11714.3,tier_1,tmall,home_cleaning,7.28,7.64,6.36,5.41,18.32,1,1,1,0,3,7.02,5,price,the price feels high without promotion,2,Value Seekers
R000713,value_seekers,29,40330.83,tier_2,tmall,ready_to_drink,7.0,6.21,5.55,4.66,21.08,1,1,1,0,1,6.19,5,promotion,KOL reviews are useful but need to be authentic,2,Value Seekers
R000714,new_explorers,42,14164.53,new_tier_1,douyin,home_cleaning,7.7,7.93,8.3,5.86,23.79,1,1,1,0,2,8.77,9,quality,I care about ingredients and product safety,3,Convenience Driven
R000715,value_seekers,28,14847.75,new_tier_1,offline_supermarket,ready_to_drink,8.68,5.97,6.93,4.61,22.57,1,1,1,1,3,6.91,7,delivery,stockouts make me switch to other brands,2,Value Seekers
R000716,convenience_first,46,14080.94,tier_2,tmall,healthy_snack,4.9,6.88,9.09,6.18,24.58,1,1,1,1,5,8.17,10,packaging,portable packaging is useful for work and travel,3,Convenience Driven
R000717,eco_advocates,39,10374.46,tier_3_plus,jd,home_cleaning,6.81,6.69,5.02,8.78,33.69,1,0,0,1,3,10.0,9,promotion,membership coupons can increase repeat purchase,4,Eco Advocates
R000718,convenience_first,36,9819.06,tier_1,xiaohongshu,home_cleaning,5.86,7.39,7.97,4.3,25.72,1,1,1,1,3,8.8,8,delivery,offline availability is not always convenient,3,Convenience Driven
R000719,eco_advocates,18,16164.91,new_tier_1,douyin,ready_to_drink,6.51,7.29,6.58,8.97,37.41,1,1,1,1,4,9.5,7,price,I compare price across platforms before purchase,4,Eco Advocates
R000720,value_seekers,26,7772.27,tier_2,xiaohongshu,ready_to_drink,7.97,5.15,6.25,6.14,19.13,1,0,0,1,1,8.56,9,price,I compare price across platforms before purchase,0,High Value Fans
R000721,new_explorers,24,4732.35,new_tier_1,private_domain,ready_to_drink,8.18,7.47,5.69,5.04,17.06,1,1,1,1,2,8.42,10,delivery,offline availability is not always convenient,0,High Value Fans
R000722,convenience_first,20,23464.89,tier_1,jd,ready_to_drink,5.99,7.86,9.82,3.13,31.88,1,1,1,1,4,9.63,8,promotion,membership coupons can increase repeat purchase,3,Convenience Driven
R000723,new_explorers,26,14584.32,tier_1,jd,healthy_snack,6.17,6.31,6.17,4.99,26.61,1,1,1,0,3,8.96,10,delivery,delivery speed affects whether I choose the brand,0,High Value Fans
R000724,new_explorers,31,9471.14,tier_2,tmall,ready_to_drink,7.04,6.4,6.33,5.88,17.7,1,1,1,1,4,7.06,5,promotion,livestream promotion helps me discover new products,2,Value Seekers
R000725,eco_advocates,32,24481.79,tier_3_plus,douyin,healthy_snack,5.61,8.24,6.84,9.57,38.97,1,1,0,0,2,9.33,10,packaging,the package design should show product benefits more clearly,4,Eco Advocates
R000726,eco_advocates,35,14554.84,tier_1,offline_supermarket,healthy_snack,5.99,7.48,6.41,9.46,31.33,0,1,0,1,3,9.77,10,packaging,the package design should show product benefits more clearly,4,Eco Advocates
R000727,new_explorers,30,16000.25,tier_2,douyin,healthy_snack,6.86,6.79,7.03,6.0,21.89,0,1,1,0,4,8.45,9,promotion,livestream promotion helps me discover new products,0,High Value Fans
R000728,eco_advocates,25,6110.55,new_tier_1,private_domain,ready_to_drink,5.45,7.68,7.7,8.68,29.55,1,1,1,1,4,7.67,7,delivery,stockouts make me switch to other brands,4,Eco Advocates
R000729,convenience_first,34,5946.0,tier_3_plus,douyin,healthy_snack,6.64,7.87,8.92,4.53,27.55,1,1,1,1,5,8.47,10,price,discount bundles make me more willing to buy,3,Convenience Driven
R000730,convenience_first,26,10863.39,tier_2,offline_supermarket,ready_to_drink,5.86,7.71,7.91,5.9,31.85,1,1,1,1,2,9.57,10,delivery,stockouts make me switch to other brands,3,Convenience Driven
R000731,convenience_first,32,10820.12,new_tier_1,douyin,ready_to_drink,5.83,7.11,8.4,5.96,29.44,0,0,1,1,3,9.29,8,promotion,KOL reviews are useful but need to be authentic,3,Convenience Driven
R000732,convenience_first,20,12424.8,new_tier_1,private_domain,healthy_snack,6.87,7.07,8.94,5.63,22.64,1,1,1,0,1,8.48,10,packaging,the packaging is convenient but could look more premium,3,Convenience Driven
R000733,convenience_first,41,6939.4,tier_2,douyin,ready_to_drink,6.51,7.49,9.23,5.81,24.65,0,1,1,1,4,9.32,10,packaging,the packaging is convenient but could look more premium,3,Convenience Driven
R000734,value_seekers,38,30966.59,tier_2,tmall,home_cleaning,7.66,5.59,5.78,4.77,19.28,1,1,0,0,1,5.87,4,promotion,membership coupons can increase repeat purchase,2,Value Seekers
R000735,value_seekers,26,4648.95,tier_1,douyin,ready_to_drink,7.97,6.28,5.82,6.25,17.06,1,1,0,0,0,7.11,8,delivery,delivery speed affects whether I choose the brand,0,High Value Fans
R000736,quality_first,27,15780.49,new_tier_1,jd,personal_care,6.88,7.3,7.14,6.72,26.95,1,1,0,0,0,8.32,6,quality,quality improvement would make me repurchase more often,0,High Value Fans
R000737,quality_first,37,7272.68,tier_2,xiaohongshu,home_cleaning,6.31,8.61,7.12,7.3,30.92,1,1,1,1,9,10.0,10,packaging,the packaging is convenient but could look more premium,1,Quality Loyalists
R000738,convenience_first,38,9826.24,tier_1,tmall,home_cleaning,7.61,7.13,8.48,4.69,27.94,1,1,1,0,1,6.3,6,sustainability,sustainability claims need to be more credible,2,Value Seekers
R000739,new_explorers,24,7066.02,tier_2,tmall,healthy_snack,5.22,6.25,6.05,5.91,19.79,0,0,1,1,3,8.27,9,promotion,membership coupons can increase repeat purchase,0,High Value Fans
R000740,value_seekers,31,6550.09,tier_2,jd,personal_care,8.14,5.98,5.18,5.33,16.06,1,1,0,0,1,8.28,8,promotion,KOL reviews are useful but need to be authentic,0,High Value Fans
R000741,eco_advocates,44,20589.18,tier_3_plus,xiaohongshu,home_cleaning,4.7,8.1,6.65,9.51,31.85,0,0,0,0,0,8.34,8,promotion,livestream promotion helps me discover new products,4,Eco Advocates
R000742,quality_first,30,24845.26,tier_2,offline_supermarket,ready_to_drink,4.73,8.05,5.92,7.52,39.69,1,0,1,1,0,10.0,9,quality,I care about ingredients and product safety,4,Eco Advocates
R000743,eco_advocates,26,7198.93,tier_3_plus,offline_supermarket,personal_care,4.27,8.45,6.63,9.52,33.25,0,1,1,1,3,10.0,10,delivery,delivery speed affects whether I choose the brand,4,Eco Advocates
R000744,value_seekers,27,13150.3,tier_2,offline_supermarket,home_cleaning,8.77,7.05,6.19,4.65,20.39,1,0,0,0,1,6.05,4,promotion,KOL reviews are useful but need to be authentic,2,Value Seekers
R000745,convenience_first,36,7665.76,tier_2,xiaohongshu,personal_care,5.41,7.08,8.54,5.6,27.06,0,0,0,1,6,10.0,10,delivery,offline availability is not always convenient,3,Convenience Driven
R000746,convenience_first,31,9964.55,tier_3_plus,jd,healthy_snack,5.78,7.55,8.94,6.56,30.57,1,1,1,1,3,8.53,10,delivery,stockouts make me switch to other brands,3,Convenience Driven
R000747,eco_advocates,22,14007.22,tier_2,jd,healthy_snack,5.31,7.79,7.34,8.17,35.37,1,1,1,1,2,9.99,8,price,the price feels high without promotion,4,Eco Advocates
R000748,value_seekers,41,5803.15,tier_1,offline_supermarket,ready_to_drink,7.28,6.3,7.43,5.38,12.32,1,1,1,1,4,9.01,10,price,I compare price across platforms before purchase,0,High Value Fans
R000749,convenience_first,33,14439.27,tier_2,jd,home_cleaning,5.2,6.12,8.31,5.97,23.25,0,0,0,1,4,8.51,8,promotion,livestream promotion helps me discover new products,3,Convenience Driven
R000750,new_explorers,24,6305.4,tier_3_plus,tmall,ready_to_drink,7.64,6.39,6.73,6.39,23.28,1,1,1,0,0,6.01,5,promotion,membership coupons can increase repeat purchase,2,Value Seekers
R000751,convenience_first,22,14407.32,tier_2,tmall,ready_to_drink,6.2,6.0,9.22,4.98,28.13,1,1,1,1,5,8.39,8,sustainability,sustainability claims need to be more credible,3,Convenience Driven
R000752,value_seekers,21,6324.09,tier_2,douyin,home_cleaning,9.54,6.8,5.29,5.48,22.5,1,1,1,1,0,6.75,5,promotion,livestream promotion helps me discover new products,2,Value Seekers
R000753,eco_advocates,42,8479.59,new_tier_1,private_domain,healthy_snack,4.78,8.17,6.44,10.0,31.96,1,0,1,1,1,7.98,6,quality,I care about ingredients and product safety,4,Eco Advocates
R000754,value_seekers,24,22603.91,new_tier_1,jd,ready_to_drink,8.79,6.94,5.92,6.01,17.31,0,1,1,1,3,8.38,9,sustainability,low carbon packaging would improve brand impression,0,High Value Fans
R000755,value_seekers,40,9293.35,tier_3_plus,douyin,personal_care,9.18,5.87,5.88,5.01,14.9,1,1,1,0,1,7.02,6,promotion,membership coupons can increase repeat purchase,2,Value Seekers
R000756,value_seekers,35,26053.64,new_tier_1,xiaohongshu,ready_to_drink,8.2,7.68,5.84,4.1,18.16,1,1,1,1,0,8.9,8,packaging,portable packaging is useful for work and travel,0,High Value Fans
R000757,eco_advocates,30,13823.41,new_tier_1,offline_supermarket,personal_care,4.72,7.67,6.71,9.94,31.77,1,1,0,0,1,9.03,10,packaging,portable packaging is useful for work and travel,4,Eco Advocates
R000758,eco_advocates,28,12281.49,tier_1,private_domain,ready_to_drink,4.14,8.13,6.86,8.44,37.14,1,1,1,0,1,7.53,5,promotion,livestream promotion helps me discover new products,4,Eco Advocates
R000759,new_explorers,34,8327.38,new_tier_1,douyin,healthy_snack,6.8,6.3,6.76,7.7,20.72,1,1,1,1,3,7.53,6,promotion,KOL reviews are useful but need to be authentic,0,High Value Fans
R000760,eco_advocates,31,3408.88,tier_2,tmall,personal_care,6.26,7.56,6.41,10.0,26.53,0,0,0,0,0,7.93,10,delivery,stockouts make me switch to other brands,4,Eco Advocates
R000761,new_explorers,23,6114.05,tier_2,tmall,personal_care,6.44,6.4,6.55,6.61,23.44,0,1,1,1,2,9.12,8,delivery,delivery speed affects whether I choose the brand,0,High Value Fans
R000762,new_explorers,24,15043.7,new_tier_1,tmall,ready_to_drink,5.68,7.32,6.1,5.19,26.48,0,0,0,1,5,8.52,8,delivery,delivery speed affects whether I choose the brand,0,High Value Fans
R000763,convenience_first,37,9086.62,tier_3_plus,tmall,home_cleaning,5.21,6.92,8.59,3.86,23.6,0,1,1,1,2,7.71,7,price,I compare price across platforms before purchase,3,Convenience Driven
R000764,convenience_first,22,15740.76,tier_2,douyin,healthy_snack,6.42,5.73,9.09,4.6,31.47,1,1,1,1,3,7.95,9,delivery,stockouts make me switch to other brands,3,Convenience Driven
R000765,new_explorers,39,13426.35,new_tier_1,offline_supermarket,personal_care,5.22,6.65,6.48,4.83,23.11,0,1,1,1,7,9.38,10,price,I compare price across platforms before purchase,3,Convenience Driven
R000766,convenience_first,26,6903.93,tier_1,douyin,healthy_snack,5.29,6.76,7.82,6.08,27.85,1,1,1,1,2,8.2,7,delivery,offline availability is not always convenient,3,Convenience Driven
R000767,value_seekers,30,8146.82,tier_3_plus,tmall,personal_care,9.82,6.57,6.02,4.9,15.99,1,1,0,0,0,7.01,7,promotion,livestream promotion helps me discover new products,2,Value Seekers
R000768,new_explorers,35,5318.2,tier_1,jd,ready_to_drink,7.59,6.59,6.61,6.31,17.66,1,1,1,1,3,8.0,7,price,I compare price across platforms before purchase,0,High Value Fans
R000769,value_seekers,41,24508.69,tier_3_plus,private_domain,personal_care,6.3,6.2,5.08,5.66,24.5,1,1,1,1,0,6.94,7,price,I compare price across platforms before purchase,2,Value Seekers
R000770,convenience_first,38,9464.62,tier_3_plus,jd,personal_care,5.56,8.16,8.63,5.24,30.2,1,1,1,1,3,8.96,9,price,the price feels high without promotion,3,Convenience Driven
R000771,new_explorers,25,17209.4,tier_3_plus,tmall,ready_to_drink,6.6,7.81,5.81,4.79,23.05,1,1,1,1,0,10.0,10,promotion,KOL reviews are useful but need to be authentic,0,High Value Fans
R000772,eco_advocates,38,8229.12,new_tier_1,tmall,ready_to_drink,7.45,7.2,6.58,8.1,34.36,0,1,1,1,4,8.83,9,delivery,delivery speed affects whether I choose the brand,4,Eco Advocates
R000773,convenience_first,33,9970.38,tier_3_plus,xiaohongshu,ready_to_drink,4.46,7.11,9.12,5.45,27.48,1,1,1,1,3,9.95,10,price,I compare price across platforms before purchase,3,Convenience Driven
R000774,quality_first,26,10396.54,tier_2,offline_supermarket,ready_to_drink,6.41,9.61,8.05,6.92,26.33,0,1,1,1,6,8.89,8,promotion,membership coupons can increase repeat purchase,1,Quality Loyalists
R000775,quality_first,44,6056.95,tier_3_plus,jd,personal_care,5.7,9.07,6.43,5.13,28.01,0,1,0,1,5,10.0,10,promotion,membership coupons can increase repeat purchase,1,Quality Loyalists
R000776,convenience_first,35,35341.69,tier_2,offline_supermarket,ready_to_drink,2.93,6.97,9.42,4.88,33.49,1,1,0,0,0,8.62,10,promotion,livestream promotion helps me discover new products,3,Convenience Driven
R000777,eco_advocates,41,13255.94,tier_2,jd,healthy_snack,5.23,7.3,7.04,9.54,38.11,1,1,1,1,2,9.86,10,quality,quality improvement would make me repurchase more often,4,Eco Advocates
R000778,convenience_first,31,12977.52,new_tier_1,private_domain,ready_to_drink,5.0,7.63,9.6,5.68,23.27,1,1,1,1,7,9.52,10,delivery,stockouts make me switch to other brands,3,Convenience Driven
R000779,eco_advocates,28,8220.98,tier_3_plus,private_domain,healthy_snack,4.84,6.59,6.11,9.29,32.05,1,1,1,1,4,9.57,7,sustainability,I prefer brands with recyclable packaging,4,Eco Advocates
R000780,new_explorers,22,9985.47,new_tier_1,xiaohongshu,home_cleaning,7.11,6.33,7.95,4.82,26.49,0,0,0,0,0,7.73,7,sustainability,sustainability claims need to be more credible,3,Convenience Driven
R000781,convenience_first,32,7855.65,new_tier_1,offline_supermarket,healthy_snack,6.58,6.98,8.89,5.14,22.2,0,0,1,1,4,9.07,9,delivery,offline availability is not always convenient,3,Convenience Driven
R000782,eco_advocates,18,6609.58,new_tier_1,douyin,healthy_snack,6.45,6.75,5.61,8.43,33.72,0,1,1,0,5,8.27,7,quality,the product quality is stable and trustworthy,4,Eco Advocates
R000783,eco_advocates,32,14699.98,tier_1,offline_supermarket,ready_to_drink,5.05,8.68,7.3,10.0,38.96,0,0,0,1,4,10.0,9,sustainability,sustainability claims need to be more credible,4,Eco Advocates
R000784,convenience_first,23,7310.08,tier_1,offline_supermarket,healthy_snack,6.7,6.87,9.71,5.64,25.77,1,1,1,1,3,8.1,7,sustainability,low carbon packaging would improve brand impression,3,Convenience Driven
R000785,quality_first,34,33689.0,tier_1,tmall,home_cleaning,4.17,8.41,6.77,6.81,39.11,1,1,1,1,8,10.0,10,price,discount bundles make me more willing to buy,1,Quality Loyalists
R000786,eco_advocates,32,13917.38,tier_3_plus,offline_supermarket,ready_to_drink,6.79,8.71,7.4,10.0,41.53,0,0,0,0,0,9.18,9,sustainability,I prefer brands with recyclable packaging,4,Eco Advocates
R000787,eco_advocates,19,12448.12,tier_2,douyin,ready_to_drink,5.41,8.11,6.48,9.48,36.13,1,1,0,1,3,9.62,10,quality,quality improvement would make me repurchase more often,4,Eco Advocates
R000788,new_explorers,25,5533.52,new_tier_1,tmall,ready_to_drink,6.54,6.21,5.68,5.38,19.43,1,1,1,1,0,7.64,7,promotion,KOL reviews are useful but need to be authentic,0,High Value Fans
R000789,value_seekers,33,18447.47,new_tier_1,douyin,ready_to_drink,8.1,6.06,6.11,5.56,21.01,0,0,0,0,0,6.48,8,price,the price feels high without promotion,2,Value Seekers
R000790,convenience_first,32,34974.09,tier_2,jd,ready_to_drink,4.77,7.05,7.83,4.45,33.28,1,1,1,1,2,8.41,10,packaging,the packaging is convenient but could look more premium,3,Convenience Driven
R000791,value_seekers,38,19966.33,tier_2,douyin,personal_care,7.72,4.82,5.63,4.87,16.61,1,1,1,1,5,7.77,6,sustainability,low carbon packaging would improve brand impression,0,High Value Fans
R000792,quality_first,31,10488.52,tier_1,douyin,personal_care,5.07,10.0,6.82,6.3,33.82,1,1,1,0,1,8.89,10,packaging,the package design should show product benefits more clearly,1,Quality Loyalists
R000793,quality_first,28,7463.75,tier_2,xiaohongshu,healthy_snack,5.99,9.01,7.42,6.89,25.95,1,1,1,0,2,8.96,10,quality,quality improvement would make me repurchase more often,1,Quality Loyalists
R000794,value_seekers,37,9872.67,new_tier_1,xiaohongshu,personal_care,9.39,5.44,6.0,4.02,16.92,1,1,0,0,1,6.14,4,quality,quality improvement would make me repurchase more often,2,Value Seekers
R000795,new_explorers,36,20474.73,new_tier_1,xiaohongshu,healthy_snack,6.96,7.08,6.45,6.74,21.55,0,1,1,1,3,6.67,4,quality,I care about ingredients and product safety,2,Value Seekers
R000796,eco_advocates,42,7515.14,tier_1,jd,ready_to_drink,4.83,6.02,8.4,9.24,30.86,0,0,1,1,4,10.0,10,promotion,membership coupons can increase repeat purchase,4,Eco Advocates
R000797,quality_first,33,11717.4,new_tier_1,tmall,ready_to_drink,5.94,6.83,7.22,7.03,35.9,1,1,1,0,2,8.4,10,quality,the product quality is stable and trustworthy,4,Eco Advocates
R000798,eco_advocates,29,7470.75,new_tier_1,douyin,healthy_snack,6.31,7.26,7.57,9.41,29.9,0,0,0,0,0,9.35,9,delivery,offline availability is not always convenient,4,Eco Advocates
R000799,value_seekers,29,8682.78,tier_2,tmall,ready_to_drink,6.67,6.45,6.67,5.31,16.54,1,1,1,1,2,8.84,10,delivery,delivery speed affects whether I choose the brand,0,High Value Fans
R000800,quality_first,21,8011.3,new_tier_1,private_domain,ready_to_drink,4.5,8.77,6.96,8.24,32.17,1,1,1,1,4,8.67,9,promotion,livestream promotion helps me discover new products,1,Quality Loyalists
R000801,eco_advocates,41,5363.57,tier_1,jd,ready_to_drink,5.37,7.29,6.67,9.7,30.08,0,0,0,1,5,9.19,8,sustainability,low carbon packaging would improve brand impression,4,Eco Advocates
R000802,convenience_first,25,5183.7,tier_2,offline_supermarket,personal_care,3.15,6.17,10.0,5.21,27.94,1,1,1,1,1,9.8,8,packaging,the package design should show product benefits more clearly,3,Convenience Driven
R000803,eco_advocates,51,17075.83,tier_1,jd,ready_to_drink,6.47,8.29,8.67,9.08,34.17,0,1,1,1,8,7.83,9,sustainability,low carbon packaging would improve brand impression,4,Eco Advocates
R000804,quality_first,28,7169.82,tier_2,xiaohongshu,healthy_snack,5.89,8.34,6.08,6.57,27.98,1,1,1,1,3,6.82,5,packaging,the package design should show product benefits more clearly,2,Value Seekers
R000805,value_seekers,31,9659.53,tier_2,offline_supermarket,ready_to_drink,9.08,6.16,5.18,4.46,19.03,1,0,0,0,1,5.23,5,price,I compare price across platforms before purchase,2,Value Seekers
R000806,quality_first,41,12888.7,tier_1,offline_supermarket,personal_care,5.25,7.83,6.88,5.75,33.0,1,0,0,0,0,7.41,6,quality,I care about ingredients and product safety,1,Quality Loyalists
R000807,eco_advocates,47,9051.23,tier_3_plus,jd,home_cleaning,3.39,9.06,6.02,9.09,34.06,1,1,1,1,4,7.87,6,quality,the product quality is stable and trustworthy,4,Eco Advocates
R000808,eco_advocates,35,6590.62,tier_3_plus,douyin,healthy_snack,5.14,7.5,6.73,9.14,35.97,1,1,1,1,3,7.98,5,sustainability,sustainability claims need to be more credible,4,Eco Advocates
R000809,new_explorers,35,8632.63,new_tier_1,jd,healthy_snack,7.16,6.64,5.21,6.73,23.07,1,1,1,1,4,7.74,9,quality,I care about ingredients and product safety,0,High Value Fans
R000810,new_explorers,33,7920.95,tier_2,offline_supermarket,ready_to_drink,7.24,7.17,6.84,5.49,21.0,0,0,0,0,0,7.89,8,delivery,delivery speed affects whether I choose the brand,0,High Value Fans
R000811,quality_first,36,7578.21,tier_1,xiaohongshu,healthy_snack,6.47,7.84,5.99,5.78,30.06,1,1,1,1,4,9.11,9,promotion,livestream promotion helps me discover new products,1,Quality Loyalists
R000812,eco_advocates,26,6770.1,new_tier_1,offline_supermarket,healthy_snack,6.05,7.66,5.8,8.8,36.93,1,1,1,1,2,10.0,8,quality,quality improvement would make me repurchase more often,4,Eco Advocates
R000813,new_explorers,21,7695.43,tier_2,jd,ready_to_drink,6.25,6.56,6.84,5.75,18.36,0,0,0,0,2,8.02,8,promotion,KOL reviews are useful but need to be authentic,0,High Value Fans
R000814,quality_first,28,8398.73,tier_3_plus,jd,ready_to_drink,4.92,8.82,5.81,6.71,42.55,1,1,0,0,0,6.4,6,price,the price feels high without promotion,1,Quality Loyalists
R000815,value_seekers,34,11039.79,new_tier_1,jd,ready_to_drink,7.92,7.42,5.51,5.36,15.56,1,1,1,1,2,7.58,9,price,discount bundles make me more willing to buy,0,High Value Fans
R000816,value_seekers,24,19986.99,tier_3_plus,offline_supermarket,home_cleaning,8.32,6.48,5.92,5.22,21.96,0,0,0,0,0,6.86,6,delivery,offline availability is not always convenient,2,Value Seekers
R000817,eco_advocates,29,16912.04,tier_2,offline_supermarket,personal_care,5.21,8.14,6.6,8.96,32.2,1,1,1,1,4,9.38,10,sustainability,sustainability claims need to be more credible,4,Eco Advocates
R000818,eco_advocates,40,22801.97,tier_1,jd,personal_care,5.33,8.5,6.56,7.89,35.84,1,1,0,0,0,9.61,10,sustainability,low carbon packaging would improve brand impression,4,Eco Advocates
R000819,value_seekers,28,12184.57,tier_3_plus,tmall,ready_to_drink,9.09,6.31,5.01,4.66,24.37,0,0,1,1,2,7.01,6,price,discount bundles make me more willing to buy,2,Value Seekers
R000820,new_explorers,29,7161.54,tier_3_plus,offline_supermarket,home_cleaning,7.01,6.49,6.91,6.84,24.83,1,1,1,1,2,7.78,9,sustainability,I prefer brands with recyclable packaging,0,High Value Fans
R000821,value_seekers,29,10128.4,tier_2,jd,ready_to_drink,9.1,5.8,6.76,4.96,16.42,0,1,1,0,1,7.94,7,price,discount bundles make me more willing to buy,0,High Value Fans
R000822,eco_advocates,32,6501.18,tier_2,tmall,ready_to_drink,5.29,7.66,6.94,9.62,21.99,0,0,0,0,0,7.92,8,sustainability,sustainability claims need to be more credible,4,Eco Advocates
R000823,value_seekers,20,9173.79,new_tier_1,tmall,personal_care,8.09,5.86,5.54,5.18,23.8,1,1,1,1,3,8.35,6,price,I compare price across platforms before purchase,0,High Value Fans
R000824,eco_advocates,30,8016.66,tier_1,douyin,ready_to_drink,5.44,6.51,6.49,8.85,23.55,0,1,1,1,2,7.97,8,price,I compare price across platforms before purchase,4,Eco Advocates
R000825,value_seekers,24,15751.86,new_tier_1,douyin,home_cleaning,7.52,6.67,6.35,4.86,17.85,0,0,0,0,1,6.54,5,price,the price feels high without promotion,2,Value Seekers
R000826,convenience_first,24,4544.75,new_tier_1,xiaohongshu,ready_to_drink,4.55,7.46,8.36,4.59,23.54,1,1,1,1,5,9.12,10,sustainability,sustainability claims need to be more credible,3,Convenience Driven
R000827,quality_first,18,12455.87,new_tier_1,offline_supermarket,personal_care,4.4,9.01,7.85,7.5,24.49,0,0,0,1,5,10.0,10,quality,the product quality is stable and trustworthy,1,Quality Loyalists
R000828,convenience_first,35,5990.01,tier_1,tmall,personal_care,6.41,6.85,8.79,6.18,23.52,0,1,1,1,4,8.55,9,sustainability,I prefer brands with recyclable packaging,3,Convenience Driven
R000829,new_explorers,22,19492.74,new_tier_1,douyin,personal_care,7.33,7.52,6.48,6.5,24.07,0,0,1,1,3,9.92,10,price,discount bundles make me more willing to buy,0,High Value Fans
R000830,quality_first,29,8442.38,tier_1,douyin,personal_care,3.99,9.6,6.29,6.92,26.47,1,1,1,1,1,8.67,8,quality,the product quality is stable and trustworthy,1,Quality Loyalists
R000831,new_explorers,43,10681.11,tier_1,douyin,personal_care,5.98,7.17,7.62,5.98,20.62,1,1,1,1,1,10.0,9,price,the price feels high without promotion,3,Convenience Driven
R000832,quality_first,31,17426.07,tier_1,xiaohongshu,healthy_snack,4.26,9.78,5.42,6.34,33.87,0,0,0,1,2,10.0,10,packaging,portable packaging is useful for work and travel,1,Quality Loyalists
R000833,quality_first,39,11279.59,tier_3_plus,douyin,healthy_snack,4.24,8.54,8.13,5.46,39.45,0,0,1,1,2,8.43,9,quality,quality improvement would make me repurchase more often,1,Quality Loyalists
R000834,value_seekers,26,24709.04,new_tier_1,douyin,healthy_snack,7.42,5.32,5.51,5.3,15.13,0,1,1,0,0,6.84,5,quality,quality improvement would make me repurchase more often,2,Value Seekers
R000835,value_seekers,31,10217.28,tier_2,offline_supermarket,healthy_snack,8.93,8.67,5.57,4.78,16.22,0,1,1,1,1,8.21,6,price,I compare price across platforms before purchase,2,Value Seekers
R000836,value_seekers,33,8990.16,new_tier_1,xiaohongshu,personal_care,8.61,5.66,6.38,4.25,16.75,1,1,0,0,1,6.88,6,price,the price feels high without promotion,2,Value Seekers
R000837,eco_advocates,34,6128.1,tier_3_plus,xiaohongshu,home_cleaning,5.49,6.65,6.97,8.9,35.58,1,1,1,1,5,8.91,10,delivery,delivery speed affects whether I choose the brand,4,Eco Advocates
R000838,value_seekers,32,7589.16,tier_3_plus,private_domain,ready_to_drink,8.99,6.46,6.45,4.02,13.88,1,1,1,1,0,8.57,8,price,the price feels high without promotion,0,High Value Fans
R000839,convenience_first,30,11778.29,tier_3_plus,offline_supermarket,healthy_snack,7.44,7.46,8.78,4.56,22.65,1,1,0,0,0,7.19,7,promotion,membership coupons can increase repeat purchase,3,Convenience Driven
R000840,convenience_first,27,9152.97,new_tier_1,offline_supermarket,healthy_snack,4.89,7.5,8.81,4.03,20.85,1,1,0,0,0,10.0,10,quality,I care about ingredients and product safety,3,Convenience Driven
R000841,convenience_first,21,12284.31,tier_1,private_domain,personal_care,6.91,6.41,8.51,5.94,30.42,1,1,1,1,4,5.75,3,delivery,delivery speed affects whether I choose the brand,2,Value Seekers
R000842,quality_first,31,17110.88,tier_3_plus,private_domain,ready_to_drink,2.63,8.56,7.38,7.3,37.96,1,1,1,1,2,10.0,10,quality,the product quality is stable and trustworthy,1,Quality Loyalists
R000843,value_seekers,38,15580.16,tier_2,douyin,healthy_snack,6.86,6.07,6.12,5.23,20.64,1,0,0,0,0,6.17,5,price,I compare price across platforms before purchase,2,Value Seekers
R000844,value_seekers,20,21425.01,tier_3_plus,offline_supermarket,ready_to_drink,7.49,6.54,6.46,5.64,14.49,1,0,0,1,3,7.17,6,price,I compare price across platforms before purchase,2,Value Seekers
R000845,convenience_first,18,6106.56,tier_1,offline_supermarket,home_cleaning,6.51,7.57,8.51,5.87,26.07,0,1,1,1,7,8.56,10,price,I compare price across platforms before purchase,3,Convenience Driven
R000846,new_explorers,26,6247.86,tier_3_plus,xiaohongshu,ready_to_drink,7.36,5.6,7.01,7.29,23.09,0,0,0,1,7,6.22,5,promotion,membership coupons can increase repeat purchase,2,Value Seekers
R000847,quality_first,24,8817.96,tier_3_plus,tmall,personal_care,4.64,8.94,6.75,6.28,37.74,0,1,1,1,6,8.95,9,quality,I care about ingredients and product safety,1,Quality Loyalists
R000848,quality_first,31,4044.04,tier_1,offline_supermarket,ready_to_drink,4.36,9.28,6.95,8.08,31.89,1,1,1,1,2,10.0,10,promotion,livestream promotion helps me discover new products,1,Quality Loyalists
R000849,eco_advocates,38,28824.0,new_tier_1,xiaohongshu,home_cleaning,4.91,7.96,5.35,10.0,33.12,1,1,1,1,3,8.81,10,sustainability,I prefer brands with recyclable packaging,4,Eco Advocates
R000850,value_seekers,25,26047.08,tier_3_plus,douyin,home_cleaning,7.7,6.19,5.3,4.48,19.21,0,1,1,1,2,8.8,7,price,discount bundles make me more willing to buy,0,High Value Fans
R000851,convenience_first,36,13865.32,new_tier_1,tmall,healthy_snack,4.45,7.21,8.28,5.78,28.22,1,1,1,0,1,6.56,8,quality,I care about ingredients and product safety,3,Convenience Driven
R000852,new_explorers,28,15292.44,tier_1,jd,healthy_snack,7.08,7.33,6.93,6.42,24.43,1,1,1,1,4,8.93,9,sustainability,low carbon packaging would improve brand impression,0,High Value Fans
R000853,quality_first,25,5129.18,new_tier_1,xiaohongshu,ready_to_drink,3.34,9.36,7.1,5.37,31.58,1,1,1,1,3,7.22,6,packaging,portable packaging is useful for work and travel,1,Quality Loyalists
R000854,quality_first,33,13211.5,tier_1,xiaohongshu,home_cleaning,6.32,8.63,7.26,5.62,28.19,1,1,1,1,6,7.69,8,packaging,portable packaging is useful for work and travel,1,Quality Loyalists
R000855,quality_first,31,13791.92,tier_3_plus,tmall,home_cleaning,3.85,9.91,7.04,6.09,29.59,0,1,0,0,1,9.39,8,promotion,KOL reviews are useful but need to be authentic,1,Quality Loyalists
R000856,convenience_first,30,6201.05,new_tier_1,private_domain,personal_care,6.07,7.83,9.95,4.04,25.89,0,1,1,1,3,10.0,10,delivery,offline availability is not always convenient,3,Convenience Driven
R000857,new_explorers,25,8366.29,tier_1,xiaohongshu,ready_to_drink,5.25,6.52,6.98,5.61,21.29,1,1,1,1,6,9.96,10,promotion,livestream promotion helps me discover new products,3,Convenience Driven
R000858,eco_advocates,41,8158.04,tier_2,tmall,ready_to_drink,6.13,6.05,6.06,9.73,35.3,1,1,1,0,1,9.67,8,delivery,stockouts make me switch to other brands,4,Eco Advocates
R000859,quality_first,35,12846.77,tier_3_plus,private_domain,healthy_snack,4.62,8.53,8.08,5.62,32.3,0,1,1,1,4,9.41,8,quality,the product quality is stable and trustworthy,1,Quality Loyalists
R000860,quality_first,42,16751.98,tier_3_plus,douyin,healthy_snack,2.56,8.82,5.81,6.08,29.89,1,1,1,1,5,9.18,7,packaging,the package design should show product benefits more clearly,1,Quality Loyalists
R000861,convenience_first,27,6294.32,new_tier_1,tmall,ready_to_drink,7.03,7.71,8.43,6.21,21.96,1,1,0,0,0,6.68,7,delivery,offline availability is not always convenient,0,High Value Fans
R000862,convenience_first,44,14959.04,tier_2,jd,healthy_snack,6.63,6.15,9.3,6.15,24.75,0,0,0,0,0,7.17,5,sustainability,I prefer brands with recyclable packaging,3,Convenience Driven
R000863,value_seekers,30,9798.3,new_tier_1,douyin,ready_to_drink,7.04,5.93,6.18,4.86,16.91,1,1,1,1,1,7.88,5,price,I compare price across platforms before purchase,2,Value Seekers
R000864,convenience_first,34,13895.76,tier_2,jd,personal_care,6.33,8.4,9.99,3.24,30.03,1,1,1,0,4,9.05,9,promotion,livestream promotion helps me discover new products,3,Convenience Driven
R000865,eco_advocates,18,14242.47,new_tier_1,xiaohongshu,ready_to_drink,4.41,8.53,6.15,8.56,37.89,1,1,1,1,2,9.25,9,sustainability,sustainability claims need to be more credible,4,Eco Advocates
R000866,value_seekers,40,10471.19,tier_2,douyin,healthy_snack,7.47,6.27,6.56,5.91,16.14,1,1,1,1,5,8.26,7,delivery,delivery speed affects whether I choose the brand,0,High Value Fans
R000867,eco_advocates,28,8937.16,new_tier_1,offline_supermarket,healthy_snack,5.14,9.03,7.87,9.26,36.43,0,0,0,0,1,7.72,9,quality,quality improvement would make me repurchase more often,4,Eco Advocates
R000868,value_seekers,37,30987.76,tier_1,xiaohongshu,home_cleaning,8.44,5.8,6.41,5.79,17.1,0,0,0,0,0,6.08,6,promotion,KOL reviews are useful but need to be authentic,2,Value Seekers
R000869,value_seekers,18,24165.47,new_tier_1,xiaohongshu,personal_care,7.21,5.84,6.65,4.5,19.54,0,0,0,0,0,7.35,9,price,I compare price across platforms before purchase,0,High Value Fans
R000870,convenience_first,29,25676.2,tier_1,xiaohongshu,healthy_snack,5.41,6.67,8.18,3.39,31.63,1,1,0,0,2,8.31,8,delivery,stockouts make me switch to other brands,3,Convenience Driven
R000871,eco_advocates,29,11092.29,tier_3_plus,offline_supermarket,ready_to_drink,5.49,9.48,7.39,9.03,36.12,1,1,1,0,2,7.72,8,sustainability,low carbon packaging would improve brand impression,4,Eco Advocates
R000872,convenience_first,37,20428.28,tier_2,xiaohongshu,healthy_snack,5.29,6.85,9.28,5.39,28.84,1,1,1,1,5,10.0,10,promotion,livestream promotion helps me discover new products,3,Convenience Driven
R000873,convenience_first,40,5851.57,tier_1,douyin,home_cleaning,5.12,5.13,9.66,4.99,24.74,1,0,0,1,3,6.53,5,delivery,delivery speed affects whether I choose the brand,3,Convenience Driven
R000874,value_seekers,31,6279.51,tier_3_plus,jd,healthy_snack,10.0,5.72,6.2,4.4,19.85,0,1,1,1,3,4.07,4,price,discount bundles make me more willing to buy,2,Value Seekers
R000875,convenience_first,37,12100.56,tier_3_plus,private_domain,healthy_snack,5.6,7.32,8.31,5.14,19.32,0,0,1,1,4,7.76,7,delivery,stockouts make me switch to other brands,3,Convenience Driven
R000876,convenience_first,38,8764.35,tier_1,private_domain,personal_care,5.03,6.61,10.0,5.89,26.46,1,1,0,0,1,9.69,9,quality,quality improvement would make me repurchase more often,3,Convenience Driven
R000877,value_seekers,38,10272.61,tier_3_plus,jd,ready_to_drink,9.42,6.14,5.05,5.41,21.09,1,1,1,1,3,7.23,6,quality,the product quality is stable and trustworthy,2,Value Seekers
R000878,eco_advocates,46,25975.23,tier_1,offline_supermarket,healthy_snack,5.73,8.08,6.28,8.62,32.97,1,1,1,1,8,10.0,9,quality,the product quality is stable and trustworthy,4,Eco Advocates
R000879,value_seekers,43,17775.02,tier_2,jd,personal_care,9.74,6.24,5.86,4.39,26.09,1,0,0,1,1,7.41,8,price,discount bundles make me more willing to buy,0,High Value Fans
R000880,quality_first,29,4947.18,tier_1,jd,home_cleaning,3.94,9.08,7.12,5.11,32.98,1,1,1,1,1,10.0,10,quality,quality improvement would make me repurchase more often,1,Quality Loyalists
R000881,quality_first,36,11898.07,tier_1,tmall,personal_care,7.07,8.08,6.2,5.42,28.01,1,1,0,0,0,7.72,8,delivery,offline availability is not always convenient,0,High Value Fans
R000882,convenience_first,24,11941.58,tier_2,tmall,ready_to_drink,6.46,6.45,8.5,5.03,27.61,1,1,1,1,3,9.09,8,delivery,stockouts make me switch to other brands,3,Convenience Driven
R000883,new_explorers,20,5776.83,tier_2,jd,healthy_snack,6.36,6.33,6.82,6.45,14.07,1,1,0,0,1,9.41,10,packaging,the packaging is convenient but could look more premium,0,High Value Fans
R000884,eco_advocates,35,18587.03,new_tier_1,tmall,home_cleaning,6.84,9.19,6.48,9.44,35.59,1,1,0,0,1,7.88,4,sustainability,sustainability claims need to be more credible,4,Eco Advocates
R000885,value_seekers,42,10523.67,new_tier_1,tmall,personal_care,9.93,5.63,5.03,5.19,16.33,1,1,0,0,0,4.84,3,price,discount bundles make me more willing to buy,2,Value Seekers
R000886,value_seekers,35,17978.8,new_tier_1,douyin,home_cleaning,8.89,5.42,6.65,4.85,20.01,1,1,1,0,0,6.87,6,promotion,membership coupons can increase repeat purchase,2,Value Seekers
R000887,quality_first,22,6836.54,tier_3_plus,jd,healthy_snack,5.21,7.81,6.56,6.38,25.89,0,1,1,1,6,8.25,8,quality,the product quality is stable and trustworthy,1,Quality Loyalists
R000888,quality_first,32,5339.74,tier_2,jd,ready_to_drink,4.71,8.35,7.2,6.82,33.19,0,1,1,1,2,9.32,10,quality,the product quality is stable and trustworthy,1,Quality Loyalists
R000889,eco_advocates,26,18360.37,tier_2,jd,home_cleaning,4.67,6.55,6.42,9.1,37.55,1,1,0,1,1,9.45,10,sustainability,I prefer brands with recyclable packaging,4,Eco Advocates
R000890,convenience_first,22,5270.19,tier_3_plus,douyin,healthy_snack,5.63,8.62,9.03,5.45,31.6,0,0,1,1,6,8.84,9,sustainability,sustainability claims need to be more credible,3,Convenience Driven
R000891,quality_first,24,11168.8,new_tier_1,xiaohongshu,healthy_snack,4.36,7.91,6.19,5.78,19.73,1,1,1,1,5,9.38,9,promotion,membership coupons can increase repeat purchase,1,Quality Loyalists
R000892,convenience_first,38,13762.12,tier_1,offline_supermarket,ready_to_drink,6.99,7.15,10.0,5.43,30.54,1,1,1,1,5,9.0,10,sustainability,I prefer brands with recyclable packaging,3,Convenience Driven
R000893,quality_first,31,14482.77,tier_2,offline_supermarket,healthy_snack,4.75,9.54,6.71,7.27,35.6,0,0,0,0,1,8.4,8,promotion,membership coupons can increase repeat purchase,1,Quality Loyalists
R000894,eco_advocates,25,9649.12,tier_1,douyin,ready_to_drink,6.08,7.04,6.66,7.97,32.06,1,0,0,0,0,7.57,8,sustainability,low carbon packaging would improve brand impression,4,Eco Advocates
R000895,eco_advocates,47,10186.9,tier_2,offline_supermarket,home_cleaning,3.27,7.61,6.28,9.25,38.3,1,1,1,1,2,8.22,9,quality,I care about ingredients and product safety,4,Eco Advocates
R000896,eco_advocates,26,6580.36,new_tier_1,offline_supermarket,personal_care,5.51,8.15,4.99,10.0,32.19,1,1,1,1,2,9.79,9,sustainability,low carbon packaging would improve brand impression,4,Eco Advocates
R000897,new_explorers,37,7307.18,tier_1,jd,healthy_snack,6.27,6.88,5.11,6.05,24.92,1,0,0,0,2,7.61,7,sustainability,sustainability claims need to be more credible,0,High Value Fans
R000898,convenience_first,38,6848.95,tier_1,offline_supermarket,healthy_snack,5.69,8.02,9.06,5.98,25.49,0,1,0,1,4,10.0,10,delivery,stockouts make me switch to other brands,3,Convenience Driven
R000899,convenience_first,25,8708.99,tier_3_plus,tmall,healthy_snack,5.55,6.57,9.08,6.2,24.09,1,1,1,0,2,9.06,10,quality,quality improvement would make me repurchase more often,3,Convenience Driven
R000900,eco_advocates,20,10799.4,tier_3_plus,jd,ready_to_drink,4.51,7.54,5.9,8.36,25.8,1,1,1,1,1,9.12,7,sustainability,low carbon packaging would improve brand impression,4,Eco Advocates
R000901,convenience_first,27,14949.11,tier_1,tmall,home_cleaning,6.33,5.28,7.37,5.99,28.48,1,0,1,1,3,10.0,10,delivery,offline availability is not always convenient,3,Convenience Driven
R000902,new_explorers,34,7835.0,tier_1,jd,personal_care,5.55,6.05,6.12,8.26,24.38,1,1,1,1,2,9.17,10,packaging,the packaging is convenient but could look more premium,4,Eco Advocates
R000903,quality_first,26,26365.01,new_tier_1,jd,personal_care,5.19,8.25,7.19,6.92,30.09,1,1,1,1,4,7.93,7,delivery,offline availability is not always convenient,1,Quality Loyalists
R000904,quality_first,35,10308.3,new_tier_1,tmall,healthy_snack,5.51,10.0,6.52,5.52,28.95,0,0,0,1,7,9.01,10,promotion,KOL reviews are useful but need to be authentic,1,Quality Loyalists
R000905,value_seekers,35,12319.48,tier_3_plus,tmall,ready_to_drink,8.55,6.85,4.42,4.19,15.45,0,1,0,0,2,5.18,4,price,the price feels high without promotion,2,Value Seekers
R000906,new_explorers,46,35245.18,new_tier_1,jd,ready_to_drink,5.73,6.7,6.65,5.79,18.51,0,0,0,0,1,7.71,8,price,I compare price across platforms before purchase,0,High Value Fans
R000907,value_seekers,28,6525.13,tier_1,offline_supermarket,home_cleaning,8.62,5.44,5.44,5.03,18.77,1,1,1,0,2,6.32,8,price,discount bundles make me more willing to buy,2,Value Seekers
R000908,new_explorers,28,6951.22,new_tier_1,offline_supermarket,ready_to_drink,5.43,8.06,5.75,5.34,20.23,1,1,1,1,5,9.09,10,promotion,membership coupons can increase repeat purchase,0,High Value Fans
R000909,quality_first,34,9520.18,tier_3_plus,jd,ready_to_drink,6.5,9.45,6.15,6.25,37.93,1,1,1,1,1,10.0,10,price,discount bundles make me more willing to buy,1,Quality Loyalists
R000910,new_explorers,29,18829.22,tier_2,jd,healthy_snack,8.16,7.01,6.52,6.73,22.34,0,0,1,1,3,8.34,10,quality,the product quality is stable and trustworthy,0,High Value Fans
R000911,value_seekers,24,3351.78,tier_2,xiaohongshu,healthy_snack,9.92,6.58,5.27,5.21,21.82,0,0,0,0,0,7.99,10,price,discount bundles make me more willing to buy,0,High Value Fans
R000912,value_seekers,32,7505.62,tier_2,tmall,home_cleaning,9.42,6.44,6.63,5.62,16.97,0,0,0,1,4,8.75,7,packaging,the packaging is convenient but could look more premium,0,High Value Fans
R000913,eco_advocates,27,5740.08,new_tier_1,offline_supermarket,ready_to_drink,5.26,7.68,7.28,8.88,34.37,0,0,1,1,6,8.65,9,promotion,livestream promotion helps me discover new products,4,Eco Advocates
R000914,quality_first,31,5958.82,tier_2,tmall,personal_care,5.38,7.79,5.7,6.03,30.07,1,0,0,0,0,7.36,8,packaging,the package design should show product benefits more clearly,1,Quality Loyalists
R000915,quality_first,33,24706.07,tier_1,douyin,healthy_snack,3.97,8.46,6.92,6.58,33.95,0,0,1,1,2,8.44,8,packaging,the packaging is convenient but could look more premium,1,Quality Loyalists
R000916,value_seekers,30,12881.48,tier_2,tmall,healthy_snack,9.14,6.93,4.42,5.92,20.34,1,1,1,1,3,7.78,10,packaging,the package design should show product benefits more clearly,0,High Value Fans
R000917,value_seekers,31,8996.03,tier_2,offline_supermarket,personal_care,9.2,7.45,5.65,5.02,19.31,0,0,0,1,3,5.85,7,price,discount bundles make me more willing to buy,2,Value Seekers
R000918,eco_advocates,27,5166.65,new_tier_1,private_domain,ready_to_drink,4.78,7.83,5.56,9.18,28.86,1,1,1,1,5,10.0,10,quality,the product quality is stable and trustworthy,4,Eco Advocates
R000919,convenience_first,28,13972.16,new_tier_1,xiaohongshu,personal_care,4.82,6.52,8.25,6.17,26.32,1,1,1,1,5,9.12,9,delivery,delivery speed affects whether I choose the brand,3,Convenience Driven
R000920,eco_advocates,32,5651.14,tier_2,xiaohongshu,healthy_snack,3.87,7.37,5.32,9.59,31.31,1,1,1,1,4,10.0,10,delivery,stockouts make me switch to other brands,4,Eco Advocates
R000921,quality_first,39,5069.82,new_tier_1,private_domain,ready_to_drink,5.87,10.0,8.04,7.3,29.31,0,0,1,1,2,10.0,10,packaging,portable packaging is useful for work and travel,1,Quality Loyalists
R000922,quality_first,33,11967.63,tier_2,jd,ready_to_drink,4.88,8.73,6.82,6.98,32.36,0,0,0,0,1,6.45,6,price,I compare price across platforms before purchase,1,Quality Loyalists
R000923,new_explorers,31,17546.94,tier_1,douyin,personal_care,7.68,6.76,7.83,6.44,24.78,1,1,1,1,5,8.0,8,packaging,the packaging is convenient but could look more premium,3,Convenience Driven
R000924,new_explorers,24,12666.7,tier_3_plus,tmall,home_cleaning,6.83,6.18,6.75,7.22,17.8,1,1,1,1,5,9.7,9,delivery,offline availability is not always convenient,0,High Value Fans
R000925,convenience_first,23,5424.29,new_tier_1,xiaohongshu,ready_to_drink,6.58,6.99,7.84,5.34,26.85,1,1,1,1,6,8.41,7,packaging,the package design should show product benefits more clearly,3,Convenience Driven
R000926,convenience_first,26,7329.48,tier_2,tmall,home_cleaning,6.37,6.65,8.97,4.31,23.97,1,1,0,1,3,8.99,10,price,discount bundles make me more willing to buy,3,Convenience Driven
R000927,value_seekers,24,20152.01,tier_2,xiaohongshu,healthy_snack,9.07,6.63,6.84,5.21,15.41,1,1,1,1,3,8.01,8,price,I compare price across platforms before purchase,0,High Value Fans
R000928,quality_first,25,12324.19,tier_3_plus,tmall,personal_care,4.25,9.29,6.79,6.09,30.01,1,1,1,1,2,10.0,10,promotion,KOL reviews are useful but need to be authentic,1,Quality Loyalists
R000929,convenience_first,25,7010.55,tier_3_plus,tmall,personal_care,5.16,8.19,8.07,5.12,32.33,1,1,1,1,6,9.77,9,promotion,membership coupons can increase repeat purchase,3,Convenience Driven
R000930,quality_first,24,7570.28,tier_3_plus,tmall,ready_to_drink,4.55,9.37,8.04,5.58,30.49,1,1,1,1,4,9.33,9,quality,quality improvement would make me repurchase more often,1,Quality Loyalists
R000931,quality_first,33,9602.64,new_tier_1,douyin,ready_to_drink,3.96,9.57,6.07,6.44,32.19,1,1,0,1,2,10.0,10,quality,quality improvement would make me repurchase more often,1,Quality Loyalists
R000932,eco_advocates,29,6707.87,tier_1,douyin,healthy_snack,5.67,7.5,8.09,9.68,34.23,1,1,0,1,5,9.94,10,price,the price feels high without promotion,4,Eco Advocates
R000933,value_seekers,36,4717.32,tier_3_plus,jd,personal_care,9.57,4.8,4.27,4.98,10.63,0,0,0,0,0,4.41,5,packaging,the packaging is convenient but could look more premium,2,Value Seekers
R000934,new_explorers,37,17772.61,new_tier_1,private_domain,personal_care,6.57,5.63,6.0,5.41,15.01,1,1,1,1,6,7.97,8,promotion,livestream promotion helps me discover new products,0,High Value Fans
R000935,value_seekers,26,15651.41,tier_2,private_domain,healthy_snack,7.07,7.28,4.76,4.08,25.68,1,1,1,1,2,5.68,6,promotion,KOL reviews are useful but need to be authentic,2,Value Seekers
R000936,eco_advocates,41,15638.27,tier_2,offline_supermarket,healthy_snack,4.79,8.17,7.1,9.82,30.12,1,0,0,1,5,6.73,9,sustainability,low carbon packaging would improve brand impression,4,Eco Advocates
R000937,quality_first,31,6765.76,tier_2,offline_supermarket,personal_care,3.6,9.22,7.13,6.26,34.82,1,1,1,1,3,9.17,7,packaging,the package design should show product benefits more clearly,1,Quality Loyalists
R000938,eco_advocates,38,12961.48,tier_2,offline_supermarket,personal_care,7.33,7.48,6.53,9.91,35.04,0,1,1,1,4,8.36,8,packaging,the package design should show product benefits more clearly,4,Eco Advocates
R000939,quality_first,35,6068.29,new_tier_1,offline_supermarket,ready_to_drink,4.59,10.0,6.66,6.69,34.4,0,0,0,1,3,7.26,6,sustainability,I prefer brands with recyclable packaging,1,Quality Loyalists
R000940,quality_first,32,7985.63,tier_3_plus,tmall,healthy_snack,5.72,9.06,6.61,6.13,27.05,1,1,0,0,0,8.32,8,quality,quality improvement would make me repurchase more often,1,Quality Loyalists
R000941,convenience_first,32,11216.07,new_tier_1,xiaohongshu,home_cleaning,5.7,7.03,8.37,6.13,27.34,1,1,1,1,6,8.06,8,packaging,the package design should show product benefits more clearly,3,Convenience Driven
R000942,new_explorers,40,11195.43,new_tier_1,xiaohongshu,healthy_snack,7.67,7.52,7.65,6.21,21.69,1,0,0,0,1,7.41,9,promotion,livestream promotion helps me discover new products,0,High Value Fans
R000943,convenience_first,43,6787.63,tier_3_plus,xiaohongshu,ready_to_drink,6.07,8.21,9.16,4.85,25.99,0,1,0,0,0,8.37,6,packaging,the packaging is convenient but could look more premium,3,Convenience Driven
R000944,value_seekers,29,13703.12,tier_3_plus,jd,ready_to_drink,9.67,6.12,6.19,4.17,23.06,0,0,0,0,0,6.88,5,quality,quality improvement would make me repurchase more often,2,Value Seekers
R000945,value_seekers,26,15994.92,new_tier_1,tmall,healthy_snack,9.18,4.94,5.5,4.74,13.45,0,0,1,1,2,5.81,5,promotion,membership coupons can increase repeat purchase,2,Value Seekers
R000946,value_seekers,30,10856.68,new_tier_1,xiaohongshu,healthy_snack,9.91,5.82,6.28,4.28,18.2,0,0,1,1,4,7.72,7,price,I compare price across platforms before purchase,0,High Value Fans
R000947,quality_first,19,7393.4,tier_2,private_domain,home_cleaning,6.54,9.6,6.67,6.16,26.31,0,1,1,1,0,9.33,10,quality,quality improvement would make me repurchase more often,1,Quality Loyalists
R000948,value_seekers,29,3423.59,new_tier_1,xiaohongshu,ready_to_drink,8.82,5.27,5.66,5.63,17.18,1,1,0,0,1,4.36,2,price,discount bundles make me more willing to buy,2,Value Seekers
R000949,new_explorers,43,11403.3,tier_3_plus,jd,ready_to_drink,6.71,7.37,6.94,5.46,23.05,1,1,1,1,4,7.87,7,price,discount bundles make me more willing to buy,0,High Value Fans
R000950,value_seekers,33,4224.21,tier_3_plus,douyin,healthy_snack,7.63,7.62,4.62,5.99,21.33,1,1,0,0,1,8.32,9,price,the price feels high without promotion,0,High Value Fans
R000951,quality_first,29,5421.95,tier_2,jd,personal_care,6.2,8.08,7.86,7.2,25.17,1,1,1,1,3,7.18,5,quality,I care about ingredients and product safety,3,Convenience Driven
R000952,value_seekers,30,13719.58,new_tier_1,tmall,ready_to_drink,7.65,3.84,5.53,4.69,19.14,1,1,1,0,0,6.38,5,delivery,delivery speed affects whether I choose the brand,2,Value Seekers
R000953,quality_first,29,9960.53,tier_3_plus,xiaohongshu,ready_to_drink,4.57,10.0,7.36,5.39,36.6,1,1,1,1,4,10.0,9,quality,quality improvement would make me repurchase more often,1,Quality Loyalists
R000954,convenience_first,31,14434.53,new_tier_1,private_domain,personal_care,4.96,6.76,8.62,5.31,29.41,0,1,1,1,5,10.0,10,promotion,membership coupons can increase repeat purchase,3,Convenience Driven
R000955,quality_first,42,7016.95,tier_3_plus,jd,ready_to_drink,5.75,6.68,7.11,6.7,29.93,0,0,0,0,0,7.5,8,sustainability,low carbon packaging would improve brand impression,4,Eco Advocates
R000956,value_seekers,33,5423.15,tier_2,offline_supermarket,personal_care,8.93,7.94,6.14,5.15,15.24,1,1,1,0,0,7.1,9,price,I compare price across platforms before purchase,0,High Value Fans
R000957,eco_advocates,35,8639.29,tier_1,douyin,healthy_snack,5.63,6.78,6.74,7.97,29.99,0,0,0,1,5,10.0,9,promotion,membership coupons can increase repeat purchase,4,Eco Advocates
R000958,new_explorers,22,5659.09,tier_1,tmall,personal_care,5.03,4.21,6.62,5.15,18.42,1,1,1,1,4,8.61,9,sustainability,low carbon packaging would improve brand impression,0,High Value Fans
R000959,value_seekers,21,12015.92,tier_3_plus,xiaohongshu,ready_to_drink,9.11,5.38,6.23,5.19,14.39,0,0,0,0,0,7.27,7,packaging,portable packaging is useful for work and travel,2,Value Seekers
R000960,value_seekers,27,7325.0,tier_1,xiaohongshu,personal_care,9.12,5.48,3.37,4.78,18.77,0,1,0,0,2,6.98,5,promotion,KOL reviews are useful but need to be authentic,2,Value Seekers
R000961,eco_advocates,38,12016.87,tier_1,xiaohongshu,healthy_snack,4.41,7.76,5.85,8.53,30.04,1,1,1,1,3,9.1,9,delivery,offline availability is not always convenient,4,Eco Advocates
R000962,quality_first,32,7601.22,new_tier_1,douyin,healthy_snack,5.98,9.13,6.61,5.41,25.01,0,1,0,1,3,9.04,6,packaging,the package design should show product benefits more clearly,1,Quality Loyalists
R000963,value_seekers,35,13318.8,new_tier_1,douyin,ready_to_drink,9.2,6.59,5.6,4.21,20.1,1,0,0,0,0,5.81,5,quality,the product quality is stable and trustworthy,2,Value Seekers
R000964,value_seekers,29,6599.21,tier_1,offline_supermarket,healthy_snack,8.52,6.44,4.85,5.26,21.16,1,0,0,0,0,8.11,8,quality,I care about ingredients and product safety,0,High Value Fans
R000965,new_explorers,37,6704.22,tier_2,offline_supermarket,healthy_snack,6.69,6.65,6.39,7.14,19.76,1,0,0,1,4,9.34,8,quality,quality improvement would make me repurchase more often,0,High Value Fans
R000966,eco_advocates,34,9619.22,tier_1,tmall,ready_to_drink,6.22,9.22,7.58,8.48,29.64,1,1,0,1,2,8.65,8,sustainability,low carbon packaging would improve brand impression,4,Eco Advocates
R000967,convenience_first,45,3809.54,tier_2,tmall,personal_care,6.33,7.79,8.66,4.07,22.73,1,1,1,0,0,9.18,9,promotion,membership coupons can increase repeat purchase,3,Convenience Driven
R000968,value_seekers,38,9508.05,new_tier_1,jd,healthy_snack,7.56,5.38,6.62,5.26,15.75,0,0,1,1,4,8.01,5,price,discount bundles make me more willing to buy,2,Value Seekers
R000969,new_explorers,29,9153.66,tier_2,douyin,ready_to_drink,6.59,5.68,8.8,6.04,17.68,1,1,1,1,1,7.23,6,delivery,delivery speed affects whether I choose the brand,2,Value Seekers
R000970,quality_first,32,6838.85,new_tier_1,tmall,ready_to_drink,5.1,8.04,7.27,6.18,31.13,0,1,1,1,1,8.68,9,promotion,livestream promotion helps me discover new products,1,Quality Loyalists
R000971,quality_first,38,9244.35,tier_2,jd,personal_care,6.86,9.49,6.34,6.91,32.17,1,1,1,1,1,10.0,9,sustainability,I prefer brands with recyclable packaging,1,Quality Loyalists
R000972,eco_advocates,37,12698.74,tier_3_plus,tmall,home_cleaning,5.07,6.8,6.78,9.03,32.95,1,1,1,1,3,8.81,7,delivery,stockouts make me switch to other brands,4,Eco Advocates
R000973,eco_advocates,29,16313.72,tier_2,douyin,ready_to_drink,3.13,8.09,6.12,8.57,39.89,0,1,1,1,4,9.39,9,price,I compare price across platforms before purchase,4,Eco Advocates
R000974,value_seekers,36,9848.37,tier_2,jd,personal_care,8.63,6.32,4.56,2.93,18.55,0,0,0,0,0,6.53,5,quality,quality improvement would make me repurchase more often,2,Value Seekers
R000975,convenience_first,39,15212.58,new_tier_1,tmall,ready_to_drink,6.48,7.63,8.96,5.2,28.85,1,1,1,0,2,7.86,7,promotion,livestream promotion helps me discover new products,3,Convenience Driven
R000976,quality_first,36,11848.49,tier_2,tmall,ready_to_drink,5.5,8.5,5.68,7.28,36.52,1,1,1,1,5,8.7,7,promotion,KOL reviews are useful but need to be authentic,1,Quality Loyalists
R000977,new_explorers,25,7828.82,tier_3_plus,douyin,ready_to_drink,8.02,6.22,5.58,5.83,22.28,1,1,1,1,5,6.91,5,quality,quality improvement would make me repurchase more often,2,Value Seekers
R000978,quality_first,24,18991.48,tier_2,jd,personal_care,4.9,7.82,6.85,7.52,31.91,1,1,1,1,3,8.51,9,sustainability,low carbon packaging would improve brand impression,4,Eco Advocates
R000979,quality_first,30,9056.08,tier_2,tmall,personal_care,5.38,6.7,6.13,5.48,25.82,1,1,0,1,3,10.0,9,quality,I care about ingredients and product safety,0,High Value Fans
R000980,convenience_first,22,8955.27,tier_2,douyin,personal_care,5.06,6.18,7.55,4.12,21.19,1,1,1,0,2,7.74,6,promotion,membership coupons can increase repeat purchase,3,Convenience Driven
R000981,new_explorers,38,11662.42,tier_1,private_domain,home_cleaning,5.89,7.22,7.4,5.08,24.99,1,1,0,0,1,8.35,6,sustainability,sustainability claims need to be more credible,3,Convenience Driven
R000982,convenience_first,35,8007.98,tier_2,douyin,home_cleaning,5.58,6.89,9.86,5.24,27.64,0,1,1,0,1,6.83,5,sustainability,sustainability claims need to be more credible,3,Convenience Driven
R000983,convenience_first,46,13262.07,tier_2,private_domain,home_cleaning,6.74,6.99,9.34,5.7,22.57,1,1,1,1,2,7.54,7,packaging,the package design should show product benefits more clearly,3,Convenience Driven
R000984,value_seekers,25,10046.16,tier_3_plus,jd,ready_to_drink,6.92,7.56,6.51,6.06,14.91,0,1,0,1,6,9.41,10,promotion,membership coupons can increase repeat purchase,0,High Value Fans
R000985,value_seekers,30,6813.46,new_tier_1,offline_supermarket,healthy_snack,7.53,6.18,5.24,5.98,18.32,1,1,1,1,1,6.28,4,price,I compare price across platforms before purchase,2,Value Seekers
R000986,eco_advocates,35,13293.22,tier_3_plus,xiaohongshu,personal_care,5.34,5.98,7.41,9.09,31.66,0,0,1,1,5,10.0,10,sustainability,sustainability claims need to be more credible,4,Eco Advocates
R000987,value_seekers,18,5247.77,tier_3_plus,jd,ready_to_drink,8.53,5.4,5.68,5.73,20.23,1,0,0,0,0,7.3,7,packaging,the packaging is convenient but could look more premium,2,Value Seekers
R000988,new_explorers,27,9003.07,tier_2,jd,healthy_snack,6.16,7.35,7.24,7.01,22.79,1,1,0,1,6,10.0,10,price,the price feels high without promotion,3,Convenience Driven
R000989,new_explorers,25,5649.92,new_tier_1,douyin,ready_to_drink,8.58,7.92,7.88,5.49,20.73,1,1,1,1,4,8.28,7,promotion,KOL reviews are useful but need to be authentic,0,High Value Fans
R000990,convenience_first,43,10129.71,new_tier_1,private_domain,ready_to_drink,5.19,5.35,9.71,6.0,23.39,1,1,1,1,3,9.46,10,delivery,stockouts make me switch to other brands,3,Convenience Driven
R000991,quality_first,32,21382.67,tier_3_plus,douyin,ready_to_drink,3.37,9.59,7.31,7.42,38.02,0,0,1,1,1,10.0,10,quality,the product quality is stable and trustworthy,1,Quality Loyalists
R000992,new_explorers,28,10913.0,new_tier_1,private_domain,personal_care,7.48,6.81,6.66,6.95,21.92,0,1,1,0,2,5.85,4,quality,the product quality is stable and trustworthy,2,Value Seekers
R000993,eco_advocates,21,10763.89,tier_3_plus,jd,ready_to_drink,4.27,7.81,8.46,8.45,34.14,0,1,0,1,5,9.73,9,packaging,the packaging is convenient but could look more premium,4,Eco Advocates
R000994,eco_advocates,44,13010.04,new_tier_1,xiaohongshu,healthy_snack,5.21,7.6,6.03,9.14,42.22,1,1,1,1,3,7.68,9,price,I compare price across platforms before purchase,4,Eco Advocates
R000995,value_seekers,21,12930.26,tier_2,offline_supermarket,healthy_snack,8.4,6.68,6.23,6.11,25.55,0,0,0,0,0,7.05,6,promotion,livestream promotion helps me discover new products,2,Value Seekers
R000996,convenience_first,25,8471.03,tier_2,offline_supermarket,personal_care,7.16,6.7,9.74,6.45,29.47,0,0,0,0,1,7.49,8,promotion,livestream promotion helps me discover new products,3,Convenience Driven
R000997,eco_advocates,31,4583.75,tier_2,offline_supermarket,ready_to_drink,6.12,7.17,5.9,8.58,35.18,0,0,0,0,1,7.09,8,sustainability,I prefer brands with recyclable packaging,4,Eco Advocates
R000998,value_seekers,28,8385.17,tier_2,tmall,healthy_snack,10.0,6.19,5.16,4.32,11.56,0,0,0,0,1,4.17,3,price,the price feels high without promotion,2,Value Seekers
R000999,value_seekers,33,11659.62,tier_2,jd,ready_to_drink,7.43,5.97,6.53,5.64,11.66,1,1,0,0,0,8.21,7,quality,I care about ingredients and product safety,0,High Value Fans
R001000,quality_first,32,10335.34,new_tier_1,tmall,healthy_snack,4.37,7.53,6.62,5.61,32.14,1,0,0,1,4,9.49,9,sustainability,low carbon packaging would improve brand impression,1,Quality Loyalists
R001001,eco_advocates,34,8216.08,new_tier_1,douyin,healthy_snack,5.02,6.72,7.96,8.38,29.88,1,0,0,1,3,6.28,3,delivery,delivery speed affects whether I choose the brand,4,Eco Advocates
R001002,value_seekers,37,26182.3,tier_1,tmall,healthy_snack,6.38,7.22,4.86,4.08,19.9,1,1,0,0,0,7.83,5,promotion,membership coupons can increase repeat purchase,2,Value Seekers
R001003,eco_advocates,42,10692.61,tier_3_plus,tmall,home_cleaning,4.99,6.64,6.64,10.0,35.2,0,0,0,0,1,6.25,4,promotion,livestream promotion helps me discover new products,4,Eco Advocates
R001004,convenience_first,29,21911.0,tier_2,private_domain,home_cleaning,5.75,6.22,9.29,7.34,25.78,1,1,0,0,0,7.9,9,delivery,delivery speed affects whether I choose the brand,3,Convenience Driven
R001005,eco_advocates,18,8445.21,tier_2,tmall,ready_to_drink,4.66,8.59,6.83,8.84,33.54,1,1,1,1,5,10.0,10,quality,I care about ingredients and product safety,4,Eco Advocates
R001006,value_seekers,27,7603.51,tier_2,douyin,personal_care,9.89,5.95,6.18,5.71,20.72,0,0,0,0,1,6.96,7,price,discount bundles make me more willing to buy,2,Value Seekers
R001007,new_explorers,39,9833.15,tier_3_plus,xiaohongshu,healthy_snack,8.75,6.07,6.59,6.33,22.08,0,0,0,0,0,6.16,8,price,the price feels high without promotion,2,Value Seekers
R001008,value_seekers,29,9148.95,tier_1,jd,healthy_snack,10.0,8.5,4.6,5.83,19.85,1,1,1,1,2,6.78,8,quality,quality improvement would make me repurchase more often,0,High Value Fans
R001009,eco_advocates,30,2500.0,new_tier_1,douyin,ready_to_drink,5.25,9.05,6.06,10.0,28.84,1,1,1,1,4,9.05,8,sustainability,low carbon packaging would improve brand impression,4,Eco Advocates
R001010,value_seekers,34,10261.95,tier_3_plus,tmall,healthy_snack,8.4,7.47,4.88,4.54,19.96,1,1,1,0,2,6.55,5,price,the price feels high without promotion,2,Value Seekers
R001011,eco_advocates,41,10115.33,tier_2,private_domain,personal_care,5.65,6.82,6.17,9.18,36.45,1,0,1,1,2,8.33,7,promotion,KOL reviews are useful but need to be authentic,4,Eco Advocates
R001012,quality_first,30,8942.47,new_tier_1,douyin,home_cleaning,3.7,7.42,7.32,6.09,30.56,1,1,1,1,5,10.0,10,price,the price feels high without promotion,1,Quality Loyalists
R001013,quality_first,31,12513.46,new_tier_1,tmall,ready_to_drink,4.69,9.23,7.41,6.77,33.14,1,1,1,1,2,10.0,10,promotion,membership coupons can increase repeat purchase,1,Quality Loyalists
R001014,new_explorers,32,8889.1,tier_2,xiaohongshu,ready_to_drink,7.84,7.47,7.06,7.39,18.33,0,1,0,1,3,8.73,6,quality,the product quality is stable and trustworthy,0,High Value Fans
R001015,quality_first,36,24150.76,new_tier_1,private_domain,healthy_snack,3.33,9.74,7.35,5.93,38.59,1,1,1,1,4,10.0,8,quality,quality improvement would make me repurchase more often,1,Quality Loyalists
R001016,convenience_first,41,6923.51,tier_3_plus,private_domain,ready_to_drink,4.82,6.14,9.1,4.06,27.37,1,1,0,1,5,10.0,10,delivery,stockouts make me switch to other brands,3,Convenience Driven
R001017,convenience_first,47,4295.64,tier_1,douyin,home_cleaning,4.44,8.89,9.03,4.7,22.02,1,1,1,0,2,9.4,10,packaging,portable packaging is useful for work and travel,3,Convenience Driven
R001018,value_seekers,34,8268.82,new_tier_1,douyin,healthy_snack,7.71,6.79,4.95,4.57,19.83,1,1,1,0,1,6.43,5,delivery,stockouts make me switch to other brands,2,Value Seekers
R001019,convenience_first,25,4944.32,tier_3_plus,xiaohongshu,ready_to_drink,6.88,6.02,9.75,3.77,28.03,1,1,1,1,1,8.5,8,delivery,delivery speed affects whether I choose the brand,3,Convenience Driven
R001020,new_explorers,35,11352.19,tier_1,xiaohongshu,healthy_snack,6.93,5.86,4.98,6.16,20.97,0,1,0,0,0,6.07,4,promotion,membership coupons can increase repeat purchase,2,Value Seekers
R001021,quality_first,18,12718.2,new_tier_1,tmall,ready_to_drink,3.67,9.38,5.53,5.16,36.22,1,1,1,1,5,10.0,9,quality,the product quality is stable and trustworthy,1,Quality Loyalists
R001022,eco_advocates,18,27951.96,tier_1,tmall,home_cleaning,5.88,8.0,7.94,10.0,34.19,0,0,0,1,4,9.85,10,sustainability,I prefer brands with recyclable packaging,4,Eco Advocates
R001023,value_seekers,23,24097.81,tier_3_plus,douyin,personal_care,8.07,6.69,6.19,5.23,13.94,0,1,1,1,2,8.36,7,sustainability,I prefer brands with recyclable packaging,0,High Value Fans
R001024,convenience_first,31,15310.82,new_tier_1,offline_supermarket,ready_to_drink,5.65,6.92,6.89,5.39,25.8,1,1,1,1,2,7.74,7,promotion,membership coupons can increase repeat purchase,0,High Value Fans
R001025,value_seekers,25,4784.78,tier_2,jd,healthy_snack,8.34,4.76,4.35,4.27,14.57,1,1,1,1,6,5.49,6,price,the price feels high without promotion,2,Value Seekers
R001026,value_seekers,41,8492.11,new_tier_1,xiaohongshu,ready_to_drink,9.5,5.57,6.59,3.38,21.2,0,0,0,0,0,8.41,9,price,I compare price across platforms before purchase,0,High Value Fans
R001027,convenience_first,44,5372.55,new_tier_1,tmall,home_cleaning,5.5,7.18,9.91,4.79,27.4,1,1,0,0,0,7.94,9,quality,quality improvement would make me repurchase more often,3,Convenience Driven
R001028,value_seekers,37,6345.64,tier_2,jd,healthy_snack,8.86,6.23,5.71,3.97,16.2,1,1,0,0,1,4.94,6,price,the price feels high without promotion,2,Value Seekers
R001029,new_explorers,29,16587.42,tier_1,jd,personal_care,6.8,6.87,6.09,6.16,20.93,0,0,1,1,2,6.59,7,quality,quality improvement would make me repurchase more often,0,High Value Fans
R001030,eco_advocates,27,7131.42,tier_2,tmall,personal_care,4.84,8.11,5.81,9.66,30.72,1,1,1,0,1,7.43,7,sustainability,I prefer brands with recyclable packaging,4,Eco Advocates
R001031,value_seekers,32,5058.84,tier_1,tmall,healthy_snack,10.0,6.6,4.94,5.75,14.34,0,0,0,0,0,6.32,5,delivery,offline availability is not always convenient,2,Value Seekers
R001032,convenience_first,45,12334.76,new_tier_1,jd,ready_to_drink,5.86,8.45,8.82,5.25,28.58,1,1,1,1,7,8.64,8,delivery,stockouts make me switch to other brands,3,Convenience Driven
R001033,value_seekers,20,35146.82,tier_3_plus,private_domain,home_cleaning,7.3,6.42,4.01,4.5,18.73,0,1,1,1,3,9.54,7,quality,the product quality is stable and trustworthy,0,High Value Fans
R001034,convenience_first,27,7304.6,tier_3_plus,private_domain,ready_to_drink,5.4,6.22,8.11,5.45,23.14,0,0,0,1,1,9.77,9,delivery,delivery speed affects whether I choose the brand,3,Convenience Driven
R001035,eco_advocates,34,8895.38,tier_2,tmall,healthy_snack,6.08,8.96,7.22,10.0,37.27,0,1,1,1,4,9.03,10,sustainability,sustainability claims need to be more credible,4,Eco Advocates
R001036,eco_advocates,34,11336.98,new_tier_1,offline_supermarket,healthy_snack,5.85,6.84,6.05,8.63,28.14,1,1,0,0,1,7.63,10,sustainability,I prefer brands with recyclable packaging,4,Eco Advocates
R001037,value_seekers,25,12999.69,new_tier_1,xiaohongshu,healthy_snack,8.03,5.23,5.78,5.92,14.5,1,0,0,1,5,8.23,7,price,discount bundles make me more willing to buy,0,High Value Fans
R001038,value_seekers,30,6264.52,new_tier_1,douyin,healthy_snack,7.7,6.56,5.86,6.31,17.11,1,1,1,1,6,8.3,7,sustainability,sustainability claims need to be more credible,0,High Value Fans
R001039,convenience_first,33,8501.5,tier_2,jd,personal_care,6.39,6.78,9.93,5.78,28.46,0,0,0,1,6,8.49,8,price,the price feels high without promotion,3,Convenience Driven
R001040,quality_first,26,8696.22,tier_2,xiaohongshu,healthy_snack,5.85,8.09,6.67,5.83,34.13,1,0,0,0,0,9.21,9,delivery,offline availability is not always convenient,1,Quality Loyalists
R001041,new_explorers,38,12416.38,tier_1,jd,personal_care,6.63,6.79,6.32,5.55,24.1,1,1,0,1,2,8.75,8,promotion,livestream promotion helps me discover new products,0,High Value Fans
R001042,convenience_first,31,13473.19,tier_1,offline_supermarket,personal_care,5.53,7.5,8.76,5.83,21.73,1,1,1,1,4,10.0,10,promotion,livestream promotion helps me discover new products,3,Convenience Driven
R001043,convenience_first,42,15514.23,tier_2,jd,home_cleaning,5.9,6.8,8.65,6.51,32.9,0,1,1,1,6,9.27,9,delivery,delivery speed affects whether I choose the brand,3,Convenience Driven
R001044,eco_advocates,32,7679.79,tier_1,tmall,ready_to_drink,4.97,7.87,6.62,9.49,29.75,1,0,0,0,1,10.0,9,packaging,the packaging is convenient but could look more premium,4,Eco Advocates
R001045,new_explorers,40,5405.7,new_tier_1,tmall,personal_care,6.44,6.01,6.37,6.36,14.7,0,1,1,0,3,6.95,5,price,discount bundles make me more willing to buy,2,Value Seekers
R001046,quality_first,28,11620.81,tier_3_plus,offline_supermarket,home_cleaning,3.12,8.33,7.67,7.48,39.27,1,1,1,1,4,10.0,10,packaging,the packaging is convenient but could look more premium,1,Quality Loyalists
R001047,convenience_first,36,21917.36,tier_2,jd,home_cleaning,5.96,7.02,8.12,4.65,24.64,0,0,0,1,8,8.18,8,delivery,stockouts make me switch to other brands,3,Convenience Driven
R001048,value_seekers,18,13299.25,new_tier_1,offline_supermarket,healthy_snack,8.87,6.28,6.0,3.75,12.7,1,0,0,1,3,6.65,8,packaging,portable packaging is useful for work and travel,0,High Value Fans
R001049,new_explorers,28,8730.2,tier_1,douyin,personal_care,6.35,6.91,7.4,5.35,20.68,1,1,1,1,3,10.0,9,sustainability,low carbon packaging would improve brand impression,3,Convenience Driven
R001050,new_explorers,24,13144.15,tier_3_plus,xiaohongshu,ready_to_drink,7.95,6.36,7.02,6.72,26.69,1,1,1,1,1,9.55,10,packaging,the package design should show product benefits more clearly,0,High Value Fans
R001051,value_seekers,41,20114.82,tier_1,douyin,healthy_snack,7.38,7.18,5.28,5.95,19.25,1,1,1,0,1,6.53,6,delivery,delivery speed affects whether I choose the brand,2,Value Seekers
R001052,quality_first,36,12187.66,new_tier_1,douyin,ready_to_drink,4.98,8.76,7.33,6.56,30.36,1,1,1,1,3,10.0,10,price,the price feels high without promotion,1,Quality Loyalists
R001053,new_explorers,34,10344.43,new_tier_1,jd,home_cleaning,7.16,7.03,5.7,5.27,21.94,0,0,0,1,1,8.44,8,quality,quality improvement would make me repurchase more often,0,High Value Fans
R001054,convenience_first,20,10883.75,tier_2,offline_supermarket,personal_care,5.22,6.8,8.83,6.72,22.2,1,1,1,1,4,9.69,8,delivery,offline availability is not always convenient,3,Convenience Driven
R001055,quality_first,34,6265.39,tier_1,jd,ready_to_drink,4.73,9.09,7.81,7.24,36.81,1,1,1,1,1,10.0,10,quality,I care about ingredients and product safety,1,Quality Loyalists
R001056,quality_first,32,18783.71,tier_1,douyin,healthy_snack,4.16,9.04,6.35,6.35,25.67,1,1,1,0,1,9.29,8,packaging,portable packaging is useful for work and travel,1,Quality Loyalists
R001057,convenience_first,23,20836.77,tier_3_plus,jd,ready_to_drink,7.64,4.96,7.05,5.98,23.94,0,0,0,0,3,7.39,3,delivery,delivery speed affects whether I choose the brand,2,Value Seekers
R001058,convenience_first,34,7347.99,tier_2,xiaohongshu,personal_care,6.2,7.69,8.26,5.71,29.49,1,1,0,0,0,7.48,9,price,discount bundles make me more willing to buy,3,Convenience Driven
R001059,value_seekers,41,9159.85,tier_2,douyin,home_cleaning,7.8,5.31,5.18,5.07,14.21,1,1,1,1,5,6.74,7,sustainability,low carbon packaging would improve brand impression,0,High Value Fans
R001060,quality_first,29,9508.19,new_tier_1,tmall,personal_care,5.19,10.0,6.72,5.77,35.44,1,1,1,1,3,8.22,7,packaging,the packaging is convenient but could look more premium,1,Quality Loyalists
R001061,eco_advocates,39,14430.8,new_tier_1,tmall,healthy_snack,5.13,8.24,6.5,9.05,33.99,1,1,1,1,3,10.0,9,sustainability,I prefer brands with recyclable packaging,4,Eco Advocates
R001062,eco_advocates,34,3545.24,tier_1,douyin,healthy_snack,4.94,8.61,5.13,9.1,31.72,1,1,1,1,2,10.0,10,sustainability,I prefer brands with recyclable packaging,4,Eco Advocates
R001063,convenience_first,33,5255.95,tier_1,offline_supermarket,home_cleaning,6.92,6.54,8.85,5.95,22.82,1,1,1,1,4,10.0,10,delivery,stockouts make me switch to other brands,3,Convenience Driven
R001064,eco_advocates,27,11693.35,tier_1,jd,healthy_snack,6.08,7.56,6.18,8.29,32.09,0,1,1,1,3,10.0,10,delivery,delivery speed affects whether I choose the brand,4,Eco Advocates
R001065,convenience_first,39,9905.63,new_tier_1,jd,healthy_snack,7.84,6.8,8.64,5.15,26.06,0,0,0,0,0,8.03,8,quality,I care about ingredients and product safety,3,Convenience Driven
R001066,eco_advocates,21,8364.28,new_tier_1,jd,home_cleaning,4.14,6.74,6.6,8.93,34.14,1,1,0,0,0,9.0,10,delivery,delivery speed affects whether I choose the brand,4,Eco Advocates
R001067,quality_first,38,13016.55,new_tier_1,jd,ready_to_drink,5.66,8.89,5.14,7.87,37.01,0,1,0,0,0,7.75,7,delivery,stockouts make me switch to other brands,4,Eco Advocates
R001068,value_seekers,28,16456.49,tier_3_plus,offline_supermarket,healthy_snack,9.0,5.76,7.31,4.93,22.6,0,0,0,0,0,6.83,6,price,I compare price across platforms before purchase,2,Value Seekers
R001069,value_seekers,28,9061.7,tier_2,douyin,home_cleaning,9.37,4.87,6.66,4.7,16.24,0,1,1,1,2,7.3,6,price,I compare price across platforms before purchase,2,Value Seekers
R001070,convenience_first,31,9392.72,tier_2,offline_supermarket,healthy_snack,3.29,8.25,8.09,7.13,28.25,0,0,0,1,3,7.74,6,delivery,delivery speed affects whether I choose the brand,1,Quality Loyalists
R001071,value_seekers,25,7717.42,tier_1,xiaohongshu,personal_care,8.93,6.78,6.61,3.71,21.55,1,1,0,0,1,6.49,6,sustainability,I prefer brands with recyclable packaging,2,Value Seekers
R001072,eco_advocates,44,22830.54,tier_3_plus,douyin,ready_to_drink,3.6,6.84,5.97,10.0,33.78,1,1,0,0,0,8.08,5,sustainability,sustainability claims need to be more credible,4,Eco Advocates
R001073,value_seekers,26,16731.19,tier_2,tmall,ready_to_drink,8.87,6.48,5.01,5.75,20.04,1,1,1,0,2,5.2,4,packaging,portable packaging is useful for work and travel,2,Value Seekers
R001074,eco_advocates,49,18117.42,tier_2,douyin,healthy_snack,4.82,5.72,5.84,9.16,41.48,1,1,1,1,2,9.68,9,promotion,membership coupons can increase repeat purchase,4,Eco Advocates
R001075,quality_first,32,9539.67,tier_3_plus,douyin,home_cleaning,4.9,7.84,8.75,6.81,34.7,1,1,1,1,4,10.0,10,quality,the product quality is stable and trustworthy,3,Convenience Driven
R001076,value_seekers,22,15140.15,tier_2,tmall,healthy_snack,8.41,6.51,6.87,4.17,19.57,0,0,0,1,5,9.35,10,price,I compare price across platforms before purchase,0,High Value Fans
R001077,quality_first,26,8917.66,tier_1,tmall,ready_to_drink,5.13,9.04,6.81,5.64,31.42,0,0,0,0,0,8.94,9,quality,the product quality is stable and trustworthy,1,Quality Loyalists
R001078,value_seekers,28,16880.28,tier_2,tmall,healthy_snack,8.23,5.31,5.79,4.35,22.45,0,1,1,0,0,5.39,4,price,I compare price across platforms before purchase,2,Value Seekers
R001079,value_seekers,27,8907.85,new_tier_1,douyin,home_cleaning,9.33,6.49,6.62,4.31,17.5,0,0,0,1,0,7.17,8,packaging,portable packaging is useful for work and travel,2,Value Seekers
R001080,value_seekers,18,9475.29,new_tier_1,xiaohongshu,healthy_snack,8.86,7.03,5.81,4.9,23.17,0,0,0,1,5,10.0,9,sustainability,sustainability claims need to be more credible,0,High Value Fans
R001081,new_explorers,28,10191.35,tier_2,tmall,home_cleaning,7.08,6.31,7.38,6.81,20.64,1,1,1,1,4,7.25,7,promotion,livestream promotion helps me discover new products,0,High Value Fans
R001082,quality_first,48,10907.39,tier_2,jd,healthy_snack,5.31,8.28,5.49,6.0,34.27,1,1,1,1,0,7.06,6,packaging,the packaging is convenient but could look more premium,1,Quality Loyalists
R001083,convenience_first,18,9206.73,tier_3_plus,tmall,healthy_snack,7.07,7.92,8.9,5.38,27.1,0,0,0,1,6,7.56,8,delivery,delivery speed affects whether I choose the brand,3,Convenience Driven
R001084,value_seekers,30,16631.53,tier_1,tmall,ready_to_drink,8.09,6.68,4.65,4.0,19.2,1,0,0,0,1,10.0,10,price,discount bundles make me more willing to buy,0,High Value Fans
R001085,value_seekers,35,19219.79,new_tier_1,douyin,healthy_snack,9.14,6.55,5.7,4.26,19.0,1,1,1,0,0,5.61,3,price,I compare price across platforms before purchase,2,Value Seekers
R001086,convenience_first,32,8708.2,tier_1,jd,personal_care,5.81,7.15,10.0,4.35,22.12,0,0,0,1,6,8.7,10,delivery,offline availability is not always convenient,3,Convenience Driven
R001087,quality_first,37,9527.57,new_tier_1,jd,ready_to_drink,5.73,8.87,6.82,5.92,35.29,1,0,0,1,2,9.88,10,price,the price feels high without promotion,1,Quality Loyalists
R001088,quality_first,25,19998.56,tier_2,tmall,ready_to_drink,4.73,9.64,6.35,6.67,31.41,1,1,1,1,6,9.31,7,quality,quality improvement would make me repurchase more often,1,Quality Loyalists
R001089,value_seekers,34,7755.01,tier_1,jd,ready_to_drink,8.53,5.35,7.07,5.41,17.93,1,0,0,0,0,7.58,5,price,the price feels high without promotion,2,Value Seekers
R001090,eco_advocates,33,15278.59,tier_2,douyin,personal_care,5.87,7.7,6.23,8.4,38.14,1,1,0,0,2,7.72,6,sustainability,sustainability claims need to be more credible,4,Eco Advocates
R001091,new_explorers,32,12887.13,tier_3_plus,offline_supermarket,healthy_snack,5.21,6.62,6.21,5.79,24.96,0,1,1,1,2,8.62,8,promotion,livestream promotion helps me discover new products,0,High Value Fans
R001092,quality_first,18,22430.13,tier_2,douyin,personal_care,4.19,9.42,8.17,6.11,36.45,1,1,0,1,4,10.0,10,price,the price feels high without promotion,1,Quality Loyalists
R001093,quality_first,33,7647.17,new_tier_1,jd,healthy_snack,4.49,8.63,6.53,7.56,31.14,0,1,1,1,2,8.7,8,promotion,livestream promotion helps me discover new products,1,Quality Loyalists
R001094,quality_first,46,23414.74,tier_3_plus,tmall,healthy_snack,4.9,8.78,7.48,5.56,33.13,0,0,0,0,3,9.2,9,promotion,membership coupons can increase repeat purchase,1,Quality Loyalists
R001095,value_seekers,33,9845.16,new_tier_1,jd,healthy_snack,8.4,5.8,5.63,5.52,23.64,0,1,0,1,2,6.86,6,price,discount bundles make me more willing to buy,2,Value Seekers
R001096,quality_first,21,6670.01,tier_1,douyin,home_cleaning,5.37,9.52,5.73,8.11,24.88,0,1,1,1,5,10.0,10,quality,the product quality is stable and trustworthy,1,Quality Loyalists
R001097,eco_advocates,47,9236.66,tier_1,offline_supermarket,healthy_snack,5.6,7.32,6.14,9.22,26.93,1,1,1,1,5,8.04,8,quality,the product quality is stable and trustworthy,4,Eco Advocates
R001098,value_seekers,32,16171.46,new_tier_1,douyin,ready_to_drink,8.93,7.32,6.1,7.05,26.62,1,1,1,1,5,8.87,9,packaging,the package design should show product benefits more clearly,0,High Value Fans
R001099,eco_advocates,36,10707.55,new_tier_1,offline_supermarket,healthy_snack,5.64,7.17,7.35,9.48,38.44,1,1,1,1,4,8.82,9,price,the price feels high without promotion,4,Eco Advocates
R001100,value_seekers,31,8330.3,new_tier_1,tmall,ready_to_drink,9.59,6.98,5.94,4.13,19.01,1,0,0,0,0,8.26,8,price,discount bundles make me more willing to buy,0,High Value Fans
R001101,convenience_first,18,6749.91,tier_2,douyin,personal_care,5.2,6.75,8.41,4.18,24.53,1,1,1,0,2,7.82,7,delivery,stockouts make me switch to other brands,3,Convenience Driven
R001102,eco_advocates,33,10328.8,new_tier_1,douyin,home_cleaning,6.22,6.67,6.18,9.33,37.48,0,0,0,0,0,8.51,10,price,discount bundles make me more willing to buy,4,Eco Advocates
R001103,quality_first,35,6251.17,tier_1,tmall,healthy_snack,3.99,9.07,7.58,5.45,30.88,1,1,1,1,5,9.44,9,promotion,KOL reviews are useful but need to be authentic,1,Quality Loyalists
R001104,new_explorers,46,9389.32,new_tier_1,offline_supermarket,ready_to_drink,7.02,6.11,6.45,6.43,20.48,0,0,1,1,3,6.68,6,promotion,KOL reviews are useful but need to be authentic,2,Value Seekers
R001105,eco_advocates,41,21060.5,tier_2,jd,home_cleaning,6.5,6.71,5.83,9.09,27.18,0,1,0,0,0,8.0,8,sustainability,I prefer brands with recyclable packaging,4,Eco Advocates
R001106,convenience_first,39,7990.07,new_tier_1,tmall,ready_to_drink,5.18,6.37,7.65,7.12,19.61,1,0,1,1,4,10.0,10,delivery,offline availability is not always convenient,3,Convenience Driven
R001107,quality_first,25,10078.53,new_tier_1,offline_supermarket,ready_to_drink,5.04,9.71,6.39,6.31,30.55,0,1,1,1,3,10.0,10,quality,quality improvement would make me repurchase more often,1,Quality Loyalists
R001108,value_seekers,31,18932.33,tier_1,douyin,home_cleaning,8.58,6.85,5.38,4.83,20.41,0,1,0,0,1,6.07,7,packaging,the package design should show product benefits more clearly,2,Value Seekers
R001109,convenience_first,25,11443.02,tier_2,xiaohongshu,home_cleaning,5.46,7.33,9.3,5.42,32.44,1,0,0,1,6,8.01,7,packaging,the package design should show product benefits more clearly,3,Convenience Driven
R001110,value_seekers,26,7374.58,tier_1,douyin,personal_care,9.06,6.5,6.16,4.33,17.47,1,0,0,1,5,6.16,5,price,the price feels high without promotion,2,Value Seekers
R001111,new_explorers,37,5268.73,new_tier_1,offline_supermarket,personal_care,6.47,7.85,6.73,6.96,20.97,0,0,0,0,0,6.8,6,price,I compare price across platforms before purchase,2,Value Seekers
R001112,new_explorers,39,5603.82,tier_1,offline_supermarket,healthy_snack,7.44,6.93,5.79,4.14,21.17,0,0,0,1,2,7.26,5,price,I compare price across platforms before purchase,2,Value Seekers
R001113,quality_first,31,11159.45,tier_3_plus,tmall,personal_care,5.74,7.76,6.13,7.84,36.4,1,1,1,0,1,6.05,7,promotion,KOL reviews are useful but need to be authentic,4,Eco Advocates
R001114,convenience_first,21,19224.36,tier_1,offline_supermarket,ready_to_drink,4.29,5.89,8.32,5.2,24.54,1,1,1,1,8,7.31,8,promotion,KOL reviews are useful but need to be authentic,3,Convenience Driven
R001115,eco_advocates,34,7686.98,tier_3_plus,jd,personal_care,6.56,6.91,6.76,8.69,31.83,1,1,1,1,2,8.2,10,packaging,the packaging is convenient but could look more premium,4,Eco Advocates
R001116,quality_first,39,13552.62,new_tier_1,xiaohongshu,healthy_snack,3.5,7.17,6.66,5.71,36.87,1,1,1,1,6,10.0,9,sustainability,sustainability claims need to be more credible,1,Quality Loyalists
R001117,value_seekers,33,11321.86,new_tier_1,jd,home_cleaning,8.95,5.46,4.89,5.67,15.87,1,0,1,1,3,8.06,6,quality,I care about ingredients and product safety,2,Value Seekers
R001118,quality_first,30,8366.28,tier_3_plus,jd,personal_care,3.79,9.85,7.77,6.96,38.38,1,1,1,0,0,10.0,7,price,discount bundles make me more willing to buy,1,Quality Loyalists
R001119,convenience_first,35,12653.61,tier_2,offline_supermarket,ready_to_drink,6.1,6.37,10.0,6.32,31.58,1,1,1,1,7,10.0,10,packaging,the packaging is convenient but could look more premium,3,Convenience Driven
R001120,convenience_first,34,15268.66,tier_1,douyin,healthy_snack,6.22,5.29,9.09,7.47,28.26,1,1,1,0,0,6.37,6,sustainability,I prefer brands with recyclable packaging,3,Convenience Driven
R001121,convenience_first,38,10847.53,tier_1,douyin,personal_care,6.12,6.06,9.18,5.74,26.6,1,1,1,1,0,9.91,9,quality,the product quality is stable and trustworthy,3,Convenience Driven
R001122,value_seekers,32,9698.68,tier_1,douyin,healthy_snack,8.13,5.25,5.43,4.5,20.33,0,0,1,1,1,6.33,7,packaging,the packaging is convenient but could look more premium,2,Value Seekers
R001123,new_explorers,41,6596.69,tier_2,offline_supermarket,healthy_snack,6.05,8.15,6.77,7.18,24.03,1,1,1,1,2,10.0,8,promotion,KOL reviews are useful but need to be authentic,1,Quality Loyalists
R001124,value_seekers,44,7260.61,new_tier_1,xiaohongshu,healthy_snack,8.47,6.89,5.49,4.73,20.57,0,0,0,0,0,8.27,10,delivery,offline availability is not always convenient,0,High Value Fans
R001125,value_seekers,27,16562.92,tier_2,tmall,healthy_snack,9.37,7.99,6.84,4.6,16.49,1,0,0,0,0,7.79,8,promotion,membership coupons can increase repeat purchase,0,High Value Fans
R001126,value_seekers,33,9327.19,tier_2,offline_supermarket,personal_care,8.11,6.43,5.07,4.15,16.63,0,0,0,0,1,6.9,6,quality,the product quality is stable and trustworthy,2,Value Seekers
R001127,quality_first,31,14899.55,new_tier_1,tmall,home_cleaning,4.4,9.69,5.72,6.43,31.69,0,0,0,0,0,9.01,7,packaging,portable packaging is useful for work and travel,1,Quality Loyalists
R001128,new_explorers,41,26416.37,new_tier_1,jd,personal_care,6.55,7.0,5.95,6.08,21.45,0,1,1,1,3,8.23,9,promotion,livestream promotion helps me discover new products,0,High Value Fans
R001129,convenience_first,26,13205.52,tier_3_plus,xiaohongshu,healthy_snack,6.22,7.69,8.88,6.13,25.5,1,1,1,1,9,9.37,10,delivery,offline availability is not always convenient,3,Convenience Driven
R001130,quality_first,29,3835.81,new_tier_1,offline_supermarket,healthy_snack,4.52,7.56,5.76,5.88,28.93,1,1,0,1,4,8.5,9,quality,I care about ingredients and product safety,1,Quality Loyalists
R001131,eco_advocates,23,12904.58,new_tier_1,xiaohongshu,personal_care,5.06,7.66,7.13,9.82,35.99,1,1,1,1,2,9.71,8,price,I compare price across platforms before purchase,4,Eco Advocates
R001132,new_explorers,32,9608.32,new_tier_1,douyin,healthy_snack,6.6,6.32,6.25,6.68,15.61,0,1,0,0,0,6.12,5,promotion,livestream promotion helps me discover new products,2,Value Seekers
R001133,convenience_first,32,13131.61,tier_3_plus,tmall,ready_to_drink,4.01,7.9,9.88,5.53,27.13,1,1,1,1,3,10.0,10,packaging,the package design should show product benefits more clearly,3,Convenience Driven
R001134,eco_advocates,34,8794.38,tier_1,xiaohongshu,ready_to_drink,7.19,6.46,6.93,9.49,30.87,0,1,1,1,3,10.0,10,sustainability,low carbon packaging would improve brand impression,4,Eco Advocates
R001135,new_explorers,31,12519.51,tier_1,tmall,ready_to_drink,5.65,5.4,7.03,7.13,20.28,0,0,1,1,1,8.35,9,price,discount bundles make me more willing to buy,0,High Value Fans
R001136,value_seekers,28,5084.67,new_tier_1,xiaohongshu,home_cleaning,7.79,5.98,6.03,4.94,17.5,1,1,1,0,1,7.15,8,delivery,stockouts make me switch to other brands,0,High Value Fans
R001137,convenience_first,42,8220.88,tier_2,tmall,ready_to_drink,7.05,6.25,7.8,6.33,21.74,1,1,0,0,0,7.49,7,price,discount bundles make me more willing to buy,0,High Value Fans
R001138,convenience_first,27,8819.14,tier_2,jd,personal_care,6.21,6.29,8.99,4.48,25.23,1,1,1,1,1,8.4,9,packaging,the packaging is convenient but could look more premium,3,Convenience Driven
R001139,convenience_first,27,12388.04,tier_1,jd,ready_to_drink,6.94,7.63,7.44,4.8,26.31,0,1,1,0,1,8.24,7,packaging,portable packaging is useful for work and travel,0,High Value Fans
R001140,quality_first,20,17821.65,tier_1,tmall,home_cleaning,3.55,8.55,6.12,6.16,33.74,1,1,1,1,3,10.0,10,packaging,portable packaging is useful for work and travel,1,Quality Loyalists
R001141,value_seekers,32,22601.6,new_tier_1,offline_supermarket,home_cleaning,8.72,6.91,5.64,4.59,21.41,0,0,0,1,2,8.43,9,price,the price feels high without promotion,0,High Value Fans
R001142,new_explorers,21,14419.79,tier_1,douyin,personal_care,7.03,6.0,6.68,6.52,21.38,1,1,1,1,3,8.07,8,quality,the product quality is stable and trustworthy,0,High Value Fans
R001143,new_explorers,29,18310.53,tier_2,douyin,healthy_snack,6.6,7.33,7.11,5.6,25.01,0,0,0,1,3,7.61,8,packaging,the packaging is convenient but could look more premium,0,High Value Fans
R001144,value_seekers,26,13101.76,new_tier_1,offline_supermarket,healthy_snack,7.75,5.62,5.59,6.51,16.78,1,1,0,0,0,6.03,5,packaging,the package design should show product benefits more clearly,2,Value Seekers
R001145,eco_advocates,26,10921.09,tier_3_plus,douyin,ready_to_drink,4.87,7.28,5.24,9.17,34.13,0,1,0,1,2,9.19,7,sustainability,I prefer brands with recyclable packaging,4,Eco Advocates
R001146,convenience_first,43,8935.96,new_tier_1,jd,ready_to_drink,6.19,6.98,8.11,5.25,20.85,0,0,1,1,2,9.42,9,packaging,portable packaging is useful for work and travel,3,Convenience Driven
R001147,quality_first,33,8568.69,tier_2,offline_supermarket,healthy_snack,4.78,8.8,7.05,6.23,30.84,1,1,1,0,1,8.39,9,quality,the product quality is stable and trustworthy,1,Quality Loyalists
R001148,quality_first,36,9860.61,tier_2,xiaohongshu,home_cleaning,4.97,9.8,7.29,5.74,33.69,0,1,1,1,6,9.88,10,price,the price feels high without promotion,1,Quality Loyalists
R001149,quality_first,26,22415.96,tier_3_plus,offline_supermarket,home_cleaning,5.28,8.7,5.61,5.28,36.09,0,1,1,1,1,8.35,7,sustainability,low carbon packaging would improve brand impression,1,Quality Loyalists
R001150,eco_advocates,29,12340.0,new_tier_1,jd,personal_care,5.89,8.83,5.92,9.18,33.76,1,1,1,1,10,9.16,8,promotion,KOL reviews are useful but need to be authentic,4,Eco Advocates
R001151,quality_first,29,7060.25,tier_2,private_domain,personal_care,4.98,10.0,7.48,6.36,34.79,1,1,1,1,6,9.95,10,promotion,KOL reviews are useful but need to be authentic,1,Quality Loyalists
R001152,convenience_first,18,7236.45,tier_3_plus,tmall,personal_care,7.03,7.94,8.26,5.18,25.32,0,0,0,0,0,6.15,6,delivery,stockouts make me switch to other brands,2,Value Seekers
R001153,convenience_first,27,11173.69,tier_1,private_domain,ready_to_drink,5.94,6.8,9.19,5.65,27.39,1,1,1,1,1,10.0,9,quality,quality improvement would make me repurchase more often,3,Convenience Driven
R001154,new_explorers,23,11232.55,tier_2,tmall,personal_care,7.47,6.52,6.22,6.65,22.01,0,1,0,0,2,7.46,7,delivery,delivery speed affects whether I choose the brand,0,High Value Fans
R001155,convenience_first,45,12127.21,tier_2,jd,ready_to_drink,6.38,9.53,7.86,5.48,29.13,1,0,0,1,4,9.49,8,sustainability,sustainability claims need to be more credible,1,Quality Loyalists
R001156,value_seekers,28,9059.39,tier_3_plus,jd,home_cleaning,8.62,7.49,6.2,5.37,15.52,1,1,1,1,1,7.56,8,price,I compare price across platforms before purchase,0,High Value Fans
R001157,value_seekers,41,11365.76,tier_2,offline_supermarket,home_cleaning,7.96,5.44,5.13,4.59,18.92,1,1,1,1,6,7.73,8,quality,I care about ingredients and product safety,0,High Value Fans
R001158,convenience_first,41,15435.21,tier_2,offline_supermarket,healthy_snack,4.95,7.41,8.39,4.14,26.74,0,0,0,1,2,10.0,9,delivery,delivery speed affects whether I choose the brand,3,Convenience Driven
R001159,value_seekers,29,11934.41,tier_2,douyin,home_cleaning,10.0,5.96,5.11,5.14,17.32,0,1,1,1,3,6.38,7,price,discount bundles make me more willing to buy,2,Value Seekers
R001160,quality_first,29,18099.0,tier_1,douyin,home_cleaning,3.31,8.73,7.12,5.94,31.99,1,1,1,1,3,8.99,10,quality,I care about ingredients and product safety,1,Quality Loyalists
R001161,quality_first,25,6544.62,tier_1,offline_supermarket,personal_care,5.12,8.08,6.11,5.96,32.48,0,0,1,1,2,8.56,9,quality,the product quality is stable and trustworthy,1,Quality Loyalists
R001162,value_seekers,33,16992.85,tier_2,douyin,personal_care,8.63,6.72,5.77,4.93,18.14,1,0,0,0,0,7.21,8,price,I compare price across platforms before purchase,0,High Value Fans
R001163,value_seekers,41,14727.02,new_tier_1,douyin,home_cleaning,9.48,5.99,7.02,4.98,24.14,1,1,0,0,0,6.43,8,promotion,membership coupons can increase repeat purchase,2,Value Seekers
R001164,value_seekers,31,8312.35,tier_3_plus,tmall,ready_to_drink,10.0,6.72,5.22,5.48,20.11,0,0,0,0,2,6.23,7,packaging,portable packaging is useful for work and travel,2,Value Seekers
R001165,value_seekers,26,6895.51,tier_2,xiaohongshu,personal_care,8.88,5.92,6.41,3.88,22.25,1,0,0,0,1,5.12,5,quality,I care about ingredients and product safety,2,Value Seekers
R001166,new_explorers,45,8858.56,tier_1,tmall,home_cleaning,7.04,7.96,7.16,6.48,16.68,1,1,0,0,0,7.21,9,price,I compare price across platforms before purchase,0,High Value Fans
R001167,quality_first,18,13095.08,tier_1,tmall,home_cleaning,4.87,8.31,6.06,7.11,31.36,1,1,0,1,1,9.04,10,price,the price feels high without promotion,1,Quality Loyalists
R001168,new_explorers,41,8417.09,tier_2,offline_supermarket,healthy_snack,7.43,6.73,6.08,4.87,19.46,0,1,1,0,1,6.89,8,quality,the product quality is stable and trustworthy,0,High Value Fans
R001169,value_seekers,44,10082.87,tier_3_plus,xiaohongshu,home_cleaning,8.47,7.05,5.88,5.65,23.05,1,1,0,0,1,6.12,6,quality,the product quality is stable and trustworthy,2,Value Seekers
R001170,convenience_first,31,18805.52,tier_3_plus,xiaohongshu,personal_care,5.62,7.26,7.73,5.49,29.29,1,1,1,1,2,10.0,10,quality,I care about ingredients and product safety,3,Convenience Driven
R001171,convenience_first,18,9914.79,tier_1,offline_supermarket,ready_to_drink,5.07,6.87,9.91,4.71,27.7,1,1,1,1,7,9.77,10,delivery,delivery speed affects whether I choose the brand,3,Convenience Driven
R001172,convenience_first,29,5683.7,tier_3_plus,xiaohongshu,healthy_snack,5.82,7.16,9.45,6.97,24.9,1,1,1,1,7,7.79,7,price,I compare price across platforms before purchase,3,Convenience Driven
R001173,eco_advocates,40,5488.73,new_tier_1,douyin,healthy_snack,6.03,8.26,5.63,8.1,30.98,1,1,1,1,1,10.0,10,sustainability,I prefer brands with recyclable packaging,4,Eco Advocates
R001174,quality_first,45,17592.95,tier_2,tmall,ready_to_drink,4.98,10.0,6.71,6.82,37.07,0,1,0,1,5,9.88,10,quality,I care about ingredients and product safety,1,Quality Loyalists
R001175,convenience_first,39,7163.73,tier_3_plus,jd,personal_care,5.11,7.57,8.66,5.04,30.7,1,1,1,1,10,9.34,8,quality,quality improvement would make me repurchase more often,3,Convenience Driven
R001176,value_seekers,35,7038.75,tier_3_plus,douyin,personal_care,9.85,6.83,5.75,5.65,16.37,1,1,0,1,2,7.17,7,delivery,delivery speed affects whether I choose the brand,2,Value Seekers
R001177,eco_advocates,27,13196.8,tier_2,jd,ready_to_drink,5.99,7.24,6.96,8.78,33.5,0,0,0,0,0,9.52,9,packaging,portable packaging is useful for work and travel,4,Eco Advocates
R001178,convenience_first,26,7311.5,tier_3_plus,private_domain,ready_to_drink,4.71,7.47,9.07,5.83,30.1,0,0,1,1,2,9.64,10,price,discount bundles make me more willing to buy,3,Convenience Driven
R001179,value_seekers,36,5648.56,tier_2,jd,home_cleaning,8.4,6.45,6.79,4.55,16.18,1,1,1,1,6,7.49,7,promotion,livestream promotion helps me discover new products,0,High Value Fans
R001180,quality_first,43,7859.18,tier_3_plus,douyin,ready_to_drink,4.53,9.04,8.24,6.06,29.86,1,1,1,0,2,7.86,7,sustainability,low carbon packaging would improve brand impression,1,Quality Loyalists
R001181,value_seekers,26,10576.92,tier_1,offline_supermarket,ready_to_drink,8.28,6.52,6.34,5.12,17.23,1,0,0,0,1,4.08,3,quality,I care about ingredients and product safety,2,Value Seekers
R001182,eco_advocates,29,6145.01,tier_3_plus,jd,healthy_snack,5.41,7.95,5.58,9.3,28.03,1,1,1,1,1,10.0,9,packaging,the packaging is convenient but could look more premium,4,Eco Advocates
R001183,quality_first,37,15589.9,new_tier_1,jd,home_cleaning,4.86,8.54,5.64,6.51,40.06,0,0,0,0,0,7.93,7,packaging,the packaging is convenient but could look more premium,1,Quality Loyalists
R001184,convenience_first,29,7794.17,new_tier_1,offline_supermarket,personal_care,4.67,7.88,9.43,5.05,31.52,0,1,1,1,5,10.0,8,delivery,offline availability is not always convenient,3,Convenience Driven
R001185,convenience_first,44,23137.44,tier_3_plus,douyin,ready_to_drink,5.42,6.5,8.32,5.06,29.29,0,1,1,1,2,8.1,10,quality,quality improvement would make me repurchase more often,3,Convenience Driven
R001186,quality_first,39,14734.4,new_tier_1,douyin,ready_to_drink,6.43,8.34,6.52,7.08,33.79,1,1,0,0,1,9.12,10,quality,quality improvement would make me repurchase more often,1,Quality Loyalists
R001187,new_explorers,20,21881.88,tier_1,offline_supermarket,personal_care,6.83,7.14,5.31,5.98,25.5,0,1,0,0,2,6.06,8,sustainability,I prefer brands with recyclable packaging,0,High Value Fans
R001188,eco_advocates,35,10557.71,tier_2,tmall,healthy_snack,6.09,7.19,5.21,9.3,27.96,0,1,1,1,3,6.74,6,sustainability,sustainability claims need to be more credible,4,Eco Advocates
R001189,convenience_first,41,7744.95,tier_1,jd,healthy_snack,5.31,7.34,7.26,5.7,29.24,0,1,0,0,1,9.0,10,promotion,KOL reviews are useful but need to be authentic,3,Convenience Driven
R001190,value_seekers,41,12180.22,tier_3_plus,private_domain,home_cleaning,6.78,5.96,5.54,5.6,17.57,1,1,1,0,2,8.18,10,quality,I care about ingredients and product safety,0,High Value Fans
R001191,quality_first,38,3997.75,tier_3_plus,douyin,healthy_snack,4.15,9.18,6.71,4.93,33.04,1,1,1,1,4,9.63,9,price,discount bundles make me more willing to buy,1,Quality Loyalists
R001192,quality_first,22,11585.68,tier_2,offline_supermarket,ready_to_drink,4.39,9.4,6.52,4.72,34.68,1,1,1,1,3,8.82,9,price,discount bundles make me more willing to buy,1,Quality Loyalists
R001193,eco_advocates,18,9593.93,tier_3_plus,offline_supermarket,healthy_snack,6.72,7.02,7.31,9.2,31.6,0,0,0,0,0,9.95,10,sustainability,I prefer brands with recyclable packaging,4,Eco Advocates
R001194,value_seekers,39,18908.53,tier_3_plus,xiaohongshu,ready_to_drink,9.8,5.22,5.69,4.49,22.54,1,1,0,1,2,7.85,10,delivery,stockouts make me switch to other brands,0,High Value Fans
R001195,value_seekers,46,15325.59,new_tier_1,douyin,healthy_snack,9.14,5.53,5.04,4.36,23.15,0,0,0,0,2,6.57,4,delivery,stockouts make me switch to other brands,2,Value Seekers
R001196,eco_advocates,35,14885.43,tier_1,tmall,healthy_snack,5.41,5.79,4.51,7.71,32.63,0,0,0,0,0,6.33,5,price,discount bundles make me more willing to buy,2,Value Seekers
R001197,quality_first,25,16616.62,tier_3_plus,tmall,ready_to_drink,3.82,9.37,6.18,6.54,32.09,0,1,1,1,1,10.0,10,quality,quality improvement would make me repurchase more often,1,Quality Loyalists
R001198,quality_first,32,6514.76,tier_1,private_domain,ready_to_drink,6.47,7.26,6.93,7.32,33.78,0,0,0,0,0,8.9,8,sustainability,sustainability claims need to be more credible,4,Eco Advocates
R001199,value_seekers,21,6919.98,tier_3_plus,douyin,home_cleaning,9.44,6.6,5.63,6.04,22.53,1,1,0,0,1,6.82,7,promotion,membership coupons can increase repeat purchase,2,Value Seekers
R001200,value_seekers,22,5117.9,new_tier_1,douyin,ready_to_drink,9.41,6.74,5.72,4.92,18.21,1,1,0,0,0,7.45,8,packaging,portable packaging is useful for work and travel,0,High Value Fans
R001201,quality_first,41,14319.68,new_tier_1,douyin,personal_care,4.92,8.3,7.05,5.2,32.21,0,0,0,0,0,8.84,7,packaging,the packaging is convenient but could look more premium,1,Quality Loyalists
R001202,quality_first,18,11625.56,tier_2,tmall,home_cleaning,4.56,9.19,7.06,5.12,39.07,1,1,1,1,2,9.13,8,price,the price feels high without promotion,1,Quality Loyalists
R001203,new_explorers,34,12315.75,tier_2,tmall,home_cleaning,6.75,6.11,6.66,6.35,24.96,0,0,0,0,2,7.66,8,promotion,livestream promotion helps me discover new products,0,High Value Fans
R001204,convenience_first,43,6126.16,tier_1,offline_supermarket,personal_care,5.92,7.07,8.98,5.66,29.41,1,1,1,1,2,8.8,7,packaging,portable packaging is useful for work and travel,3,Convenience Driven
R001205,value_seekers,18,9268.6,tier_1,jd,ready_to_drink,10.0,6.62,5.39,5.46,15.59,1,1,1,1,2,5.99,3,promotion,membership coupons can increase repeat purchase,2,Value Seekers
R001206,convenience_first,43,7207.03,new_tier_1,tmall,ready_to_drink,6.94,6.49,7.92,3.14,25.01,1,1,1,1,5,6.24,5,price,I compare price across platforms before purchase,2,Value Seekers
R001207,value_seekers,26,5992.25,tier_2,douyin,healthy_snack,7.05,5.93,5.53,4.88,14.97,1,1,0,0,0,5.42,6,delivery,delivery speed affects whether I choose the brand,2,Value Seekers
R001208,eco_advocates,18,28877.72,tier_2,tmall,personal_care,4.3,6.88,6.9,10.0,32.75,0,0,0,0,1,10.0,10,price,the price feels high without promotion,4,Eco Advocates
R001209,quality_first,47,16658.23,tier_3_plus,jd,home_cleaning,4.97,7.9,6.22,7.35,27.68,1,1,1,1,5,9.27,8,quality,quality improvement would make me repurchase more often,1,Quality Loyalists
R001210,convenience_first,24,6974.87,tier_3_plus,douyin,ready_to_drink,5.3,6.68,9.89,6.0,25.51,0,0,0,1,1,10.0,10,delivery,offline availability is not always convenient,3,Convenience Driven
R001211,new_explorers,33,15210.45,new_tier_1,tmall,healthy_snack,7.53,6.35,7.15,5.49,21.44,0,1,1,1,5,7.36,8,delivery,delivery speed affects whether I choose the brand,0,High Value Fans
R001212,new_explorers,31,9057.92,new_tier_1,jd,healthy_snack,6.97,6.17,6.96,6.28,21.65,1,1,1,1,5,8.49,9,packaging,portable packaging is useful for work and travel,0,High Value Fans
R001213,convenience_first,27,10208.41,tier_3_plus,jd,healthy_snack,5.06,6.0,9.99,6.9,27.17,1,1,1,1,9,9.61,9,delivery,delivery speed affects whether I choose the brand,3,Convenience Driven
R001214,value_seekers,40,16739.19,tier_1,offline_supermarket,personal_care,8.21,6.81,5.9,4.88,18.02,1,1,1,1,3,9.7,10,packaging,the packaging is convenient but could look more premium,0,High Value Fans
R001215,value_seekers,33,15076.6,new_tier_1,jd,home_cleaning,8.04,6.13,5.26,5.33,18.99,0,0,0,0,1,5.95,7,promotion,membership coupons can increase repeat purchase,2,Value Seekers
R001216,quality_first,50,9647.06,tier_3_plus,offline_supermarket,ready_to_drink,4.45,8.23,6.55,5.27,26.08,1,1,1,1,3,9.83,8,quality,the product quality is stable and trustworthy,1,Quality Loyalists
R001217,value_seekers,24,7237.4,tier_2,offline_supermarket,personal_care,9.49,7.09,4.47,5.77,19.27,1,1,1,1,2,8.42,8,sustainability,sustainability claims need to be more credible,0,High Value Fans
R001218,quality_first,26,11675.55,tier_1,douyin,ready_to_drink,3.99,9.27,6.2,5.31,33.6,1,1,1,1,5,8.63,9,quality,the product quality is stable and trustworthy,1,Quality Loyalists
R001219,new_explorers,24,21962.55,tier_2,douyin,ready_to_drink,5.7,7.27,6.27,5.12,27.64,1,1,0,0,2,7.83,9,delivery,delivery speed affects whether I choose the brand,0,High Value Fans
R001220,quality_first,26,18263.62,tier_1,jd,personal_care,4.03,8.74,6.44,6.63,37.68,0,1,1,1,4,9.25,8,quality,I care about ingredients and product safety,1,Quality Loyalists
R001221,quality_first,22,16645.43,new_tier_1,douyin,healthy_snack,3.38,9.24,6.41,6.99,31.74,0,0,0,0,0,8.47,10,quality,the product quality is stable and trustworthy,1,Quality Loyalists
R001222,eco_advocates,34,17309.6,tier_1,douyin,ready_to_drink,4.19,7.52,6.56,10.0,31.02,1,1,0,1,5,8.43,9,promotion,livestream promotion helps me discover new products,4,Eco Advocates
R001223,eco_advocates,30,12293.93,new_tier_1,douyin,personal_care,3.05,6.35,7.44,8.15,26.85,1,1,1,1,1,10.0,10,sustainability,I prefer brands with recyclable packaging,4,Eco Advocates
R001224,quality_first,35,8440.27,tier_2,offline_supermarket,ready_to_drink,4.8,9.57,8.12,7.03,31.93,0,0,0,1,4,10.0,10,quality,the product quality is stable and trustworthy,1,Quality Loyalists
R001225,convenience_first,33,10260.02,tier_2,tmall,healthy_snack,6.58,7.8,9.42,7.36,32.63,1,1,0,0,0,10.0,8,packaging,the packaging is convenient but could look more premium,3,Convenience Driven
R001226,convenience_first,20,35867.2,tier_2,douyin,ready_to_drink,5.8,5.96,7.72,5.36,26.16,0,0,1,0,0,6.72,6,quality,I care about ingredients and product safety,2,Value Seekers
R001227,eco_advocates,30,8819.96,new_tier_1,jd,personal_care,5.23,8.11,5.31,9.1,36.21,1,1,1,1,2,10.0,9,promotion,membership coupons can increase repeat purchase,4,Eco Advocates
R001228,value_seekers,21,24366.43,new_tier_1,tmall,home_cleaning,10.0,5.78,6.68,6.07,19.56,1,1,1,1,7,7.23,8,quality,quality improvement would make me repurchase more often,0,High Value Fans
R001229,eco_advocates,22,13244.53,tier_2,tmall,ready_to_drink,4.13,8.94,6.74,7.62,34.69,1,1,1,1,4,9.91,9,price,discount bundles make me more willing to buy,1,Quality Loyalists
R001230,value_seekers,24,6431.4,tier_2,offline_supermarket,healthy_snack,9.52,7.9,5.4,4.21,19.51,1,0,0,1,1,6.87,7,price,I compare price across platforms before purchase,2,Value Seekers
R001231,convenience_first,26,12654.5,tier_2,jd,home_cleaning,5.89,6.26,8.24,5.09,27.34,0,0,0,1,3,9.17,8,promotion,livestream promotion helps me discover new products,3,Convenience Driven
R001232,new_explorers,30,7950.52,tier_3_plus,douyin,healthy_snack,6.97,7.5,6.92,4.65,16.25,0,0,0,1,3,8.03,7,price,I compare price across platforms before purchase,0,High Value Fans
R001233,value_seekers,28,6958.64,tier_2,tmall,home_cleaning,8.83,7.28,5.74,4.71,13.0,1,1,0,0,0,6.27,5,price,discount bundles make me more willing to buy,2,Value Seekers
R001234,eco_advocates,28,14344.18,new_tier_1,tmall,ready_to_drink,4.7,8.08,6.56,9.9,36.45,0,0,0,0,0,10.0,10,sustainability,I prefer brands with recyclable packaging,4,Eco Advocates
R001235,quality_first,33,8062.45,tier_2,xiaohongshu,ready_to_drink,4.47,8.79,5.69,6.35,38.78,1,1,1,1,2,9.72,10,price,discount bundles make me more willing to buy,1,Quality Loyalists
R001236,value_seekers,33,8583.98,tier_2,douyin,healthy_snack,9.56,6.17,5.34,4.27,13.58,1,1,1,1,3,5.9,5,price,discount bundles make me more willing to buy,2,Value Seekers
R001237,convenience_first,34,10443.74,tier_2,jd,personal_care,5.51,7.22,9.42,5.28,26.51,0,0,0,1,2,7.85,8,delivery,offline availability is not always convenient,3,Convenience Driven
R001238,value_seekers,26,5617.95,tier_2,douyin,healthy_snack,9.04,4.47,6.5,4.65,15.95,0,1,1,1,4,6.16,6,price,the price feels high without promotion,2,Value Seekers
R001239,quality_first,18,13108.85,tier_2,xiaohongshu,home_cleaning,4.34,9.13,7.07,5.25,37.11,0,0,0,0,1,9.3,9,delivery,stockouts make me switch to other brands,1,Quality Loyalists
R001240,convenience_first,18,11825.34,tier_2,douyin,personal_care,4.32,7.96,9.11,6.15,27.4,0,0,0,0,0,10.0,9,delivery,delivery speed affects whether I choose the brand,3,Convenience Driven
R001241,eco_advocates,30,6512.49,tier_2,xiaohongshu,healthy_snack,6.11,6.28,6.38,8.11,31.92,0,0,0,1,2,9.97,10,promotion,KOL reviews are useful but need to be authentic,4,Eco Advocates
R001242,eco_advocates,22,12074.56,tier_2,offline_supermarket,healthy_snack,3.89,7.01,6.43,9.1,35.71,1,1,1,1,6,9.62,7,delivery,delivery speed affects whether I choose the brand,4,Eco Advocates
R001243,new_explorers,30,8496.62,tier_1,xiaohongshu,healthy_snack,7.39,6.75,6.64,6.73,16.78,1,1,1,0,0,8.85,9,price,the price feels high without promotion,0,High Value Fans
R001244,quality_first,40,5834.32,new_tier_1,tmall,personal_care,4.17,8.2,6.46,6.96,37.25,1,1,0,0,0,10.0,9,quality,quality improvement would make me repurchase more often,1,Quality Loyalists
R001245,new_explorers,31,20780.31,new_tier_1,jd,personal_care,6.17,5.14,7.33,4.47,18.75,1,1,1,1,7,10.0,9,packaging,portable packaging is useful for work and travel,3,Convenience Driven
R001246,new_explorers,20,5460.43,new_tier_1,xiaohongshu,healthy_snack,8.35,4.94,6.07,4.91,14.46,1,0,1,1,5,7.91,9,quality,the product quality is stable and trustworthy,0,High Value Fans
R001247,quality_first,26,12289.5,tier_3_plus,tmall,home_cleaning,3.14,8.44,8.02,5.22,33.78,1,1,1,1,5,8.47,8,quality,the product quality is stable and trustworthy,1,Quality Loyalists
R001248,value_seekers,26,8244.34,tier_1,douyin,home_cleaning,8.45,6.2,6.16,4.59,9.88,1,1,1,1,2,6.88,7,price,I compare price across platforms before purchase,2,Value Seekers
R001249,quality_first,29,10487.16,tier_3_plus,offline_supermarket,ready_to_drink,4.96,8.47,7.24,4.74,25.66,1,1,0,1,4,9.36,10,packaging,the package design should show product benefits more clearly,1,Quality Loyalists
R001250,eco_advocates,18,7369.64,tier_3_plus,tmall,home_cleaning,5.96,8.48,6.68,8.77,30.36,1,1,1,1,2,9.38,10,sustainability,sustainability claims need to be more credible,4,Eco Advocates
R001251,convenience_first,33,4134.17,tier_2,tmall,personal_care,5.22,7.47,8.32,5.18,28.97,1,1,1,1,7,10.0,10,packaging,the packaging is convenient but could look more premium,3,Convenience Driven
R001252,value_seekers,20,10544.41,tier_2,jd,personal_care,9.35,5.68,4.37,3.44,13.81,1,1,1,0,2,5.35,5,quality,I care about ingredients and product safety,2,Value Seekers
R001253,new_explorers,30,15792.91,new_tier_1,jd,ready_to_drink,4.59,5.91,7.47,6.64,21.78,1,1,0,1,3,8.19,9,quality,quality improvement would make me repurchase more often,3,Convenience Driven
R001254,convenience_first,29,7474.38,new_tier_1,offline_supermarket,healthy_snack,6.34,7.49,9.82,4.45,22.62,1,1,1,1,2,9.44,10,price,the price feels high without promotion,3,Convenience Driven
R001255,value_seekers,29,6411.68,tier_2,private_domain,ready_to_drink,8.95,5.34,5.85,4.85,13.72,0,0,1,1,1,5.46,4,packaging,portable packaging is useful for work and travel,2,Value Seekers
R001256,eco_advocates,47,8881.39,tier_2,xiaohongshu,ready_to_drink,4.11,8.26,5.16,9.48,32.14,1,1,0,0,0,8.76,8,sustainability,low carbon packaging would improve brand impression,4,Eco Advocates
R001257,convenience_first,24,17107.97,tier_3_plus,tmall,home_cleaning,5.5,6.92,7.17,4.29,28.12,1,1,0,0,0,7.72,9,delivery,offline availability is not always convenient,3,Convenience Driven
R001258,quality_first,34,8612.01,tier_2,offline_supermarket,personal_care,4.08,7.93,7.39,5.94,33.87,1,1,1,0,2,8.09,9,quality,I care about ingredients and product safety,1,Quality Loyalists
R001259,convenience_first,31,22140.74,new_tier_1,tmall,healthy_snack,6.1,7.3,9.58,5.02,25.14,1,1,1,1,3,9.06,7,price,I compare price across platforms before purchase,3,Convenience Driven
R001260,convenience_first,40,19582.23,tier_3_plus,jd,healthy_snack,4.66,7.6,8.25,3.77,29.04,0,1,1,1,5,9.88,10,promotion,KOL reviews are useful but need to be authentic,3,Convenience Driven
R001261,new_explorers,22,10724.63,tier_1,douyin,healthy_snack,6.34,6.5,7.36,5.85,22.09,1,1,0,0,0,7.8,8,price,discount bundles make me more willing to buy,0,High Value Fans
R001262,convenience_first,37,6607.92,tier_3_plus,xiaohongshu,healthy_snack,5.86,7.88,8.72,4.4,28.41,1,1,1,1,1,9.36,8,quality,the product quality is stable and trustworthy,3,Convenience Driven
R001263,quality_first,24,9221.28,new_tier_1,tmall,personal_care,4.8,8.74,6.6,5.96,34.36,1,1,1,1,1,10.0,10,delivery,offline availability is not always convenient,1,Quality Loyalists
R001264,quality_first,18,7077.17,new_tier_1,tmall,healthy_snack,4.25,8.84,6.16,5.7,33.06,0,0,0,1,2,8.82,8,quality,the product quality is stable and trustworthy,1,Quality Loyalists
R001265,value_seekers,18,5425.45,new_tier_1,xiaohongshu,personal_care,8.11,5.45,4.36,5.76,14.13,0,0,0,0,0,6.17,6,quality,I care about ingredients and product safety,2,Value Seekers
R001266,quality_first,35,7933.13,new_tier_1,jd,healthy_snack,4.44,9.2,6.4,5.2,31.07,0,0,0,1,7,10.0,9,promotion,KOL reviews are useful but need to be authentic,1,Quality Loyalists
R001267,eco_advocates,20,12141.49,new_tier_1,offline_supermarket,personal_care,3.36,7.38,5.92,10.0,32.77,1,1,1,1,2,10.0,9,price,I compare price across platforms before purchase,4,Eco Advocates
R001268,quality_first,35,12596.67,new_tier_1,xiaohongshu,personal_care,3.12,8.44,6.71,5.84,35.26,1,1,1,1,6,9.92,9,delivery,stockouts make me switch to other brands,1,Quality Loyalists
R001269,eco_advocates,38,28926.47,new_tier_1,douyin,personal_care,4.81,8.4,5.76,7.58,37.08,0,1,0,1,2,8.46,8,quality,the product quality is stable and trustworthy,4,Eco Advocates
R001270,quality_first,37,9753.93,tier_2,jd,personal_care,4.49,10.0,5.71,7.5,33.48,1,1,0,1,5,10.0,10,quality,quality improvement would make me repurchase more often,1,Quality Loyalists
R001271,convenience_first,51,12147.88,tier_3_plus,private_domain,personal_care,6.05,6.96,9.58,3.88,30.76,1,1,1,1,3,10.0,9,delivery,stockouts make me switch to other brands,3,Convenience Driven
R001272,value_seekers,27,25888.98,new_tier_1,douyin,personal_care,8.01,6.97,5.94,6.36,22.55,0,1,1,1,6,8.47,10,price,I compare price across platforms before purchase,0,High Value Fans
R001273,value_seekers,46,11337.72,tier_3_plus,jd,healthy_snack,9.32,7.04,6.0,6.19,16.84,0,0,0,0,1,7.47,7,promotion,KOL reviews are useful but need to be authentic,0,High Value Fans
R001274,quality_first,33,12973.64,tier_1,douyin,ready_to_drink,5.47,9.35,7.17,6.36,29.24,1,1,1,1,3,10.0,9,price,the price feels high without promotion,1,Quality Loyalists
R001275,new_explorers,25,12988.08,new_tier_1,jd,ready_to_drink,5.77,7.05,6.11,6.45,15.34,1,1,0,0,3,8.35,10,packaging,the packaging is convenient but could look more premium,0,High Value Fans
R001276,eco_advocates,26,4243.21,tier_3_plus,tmall,healthy_snack,4.69,7.06,6.86,9.46,24.99,0,0,0,1,5,8.76,9,sustainability,low carbon packaging would improve brand impression,4,Eco Advocates
R001277,value_seekers,28,16368.26,tier_2,tmall,home_cleaning,7.94,6.56,5.88,4.95,10.29,0,0,1,1,2,6.19,5,quality,quality improvement would make me repurchase more often,2,Value Seekers
R001278,quality_first,24,8137.91,tier_3_plus,tmall,personal_care,5.17,8.94,6.95,6.09,29.28,0,0,0,0,0,8.46,7,promotion,livestream promotion helps me discover new products,1,Quality Loyalists
R001279,value_seekers,32,7697.3,tier_2,jd,ready_to_drink,10.0,6.32,4.25,5.44,15.2,1,1,1,1,4,7.63,7,price,discount bundles make me more willing to buy,0,High Value Fans
R001280,convenience_first,31,7325.66,tier_2,tmall,ready_to_drink,5.44,7.27,8.64,5.09,25.42,0,0,1,1,2,9.08,10,promotion,membership coupons can increase repeat purchase,3,Convenience Driven
R001281,new_explorers,18,8484.83,new_tier_1,tmall,personal_care,6.61,7.56,6.39,6.54,19.81,0,0,0,0,1,9.84,9,promotion,membership coupons can increase repeat purchase,0,High Value Fans
R001282,convenience_first,27,14931.94,new_tier_1,douyin,home_cleaning,5.94,7.68,8.29,4.78,25.85,0,1,1,1,0,9.41,9,packaging,the package design should show product benefits more clearly,3,Convenience Driven
R001283,eco_advocates,20,10447.45,new_tier_1,douyin,home_cleaning,5.08,7.71,6.97,7.93,31.15,1,1,1,0,2,7.3,6,quality,I care about ingredients and product safety,4,Eco Advocates
R001284,quality_first,32,7666.88,tier_3_plus,offline_supermarket,home_cleaning,4.89,8.67,6.63,7.91,32.5,0,1,1,0,2,9.85,9,promotion,livestream promotion helps me discover new products,1,Quality Loyalists
R001285,eco_advocates,34,6158.24,tier_3_plus,private_domain,personal_care,6.55,6.03,5.25,9.63,35.97,0,1,0,0,0,6.08,3,promotion,membership coupons can increase repeat purchase,2,Value Seekers
R001286,quality_first,41,8664.91,tier_2,offline_supermarket,home_cleaning,4.76,7.71,6.74,5.89,29.02,1,1,0,0,0,8.39,9,promotion,livestream promotion helps me discover new products,1,Quality Loyalists
R001287,eco_advocates,35,13647.32,tier_2,xiaohongshu,personal_care,3.86,8.97,6.88,9.03,36.66,0,1,1,1,3,10.0,10,quality,I care about ingredients and product safety,4,Eco Advocates
R001288,value_seekers,42,10874.71,tier_1,douyin,healthy_snack,6.71,5.58,6.33,4.76,19.59,0,0,1,1,3,7.68,7,price,the price feels high without promotion,0,High Value Fans
R001289,eco_advocates,28,14655.76,tier_2,offline_supermarket,healthy_snack,4.41,7.84,6.53,9.38,34.97,1,1,1,1,6,8.87,9,promotion,livestream promotion helps me discover new products,4,Eco Advocates
R001290,value_seekers,20,10115.56,new_tier_1,private_domain,healthy_snack,9.55,6.22,5.68,4.92,20.49,0,1,0,0,0,6.81,4,promotion,livestream promotion helps me discover new products,2,Value Seekers
R001291,quality_first,37,7631.28,tier_2,private_domain,personal_care,4.2,7.92,6.26,6.21,31.61,0,1,0,0,1,9.99,10,promotion,membership coupons can increase repeat purchase,1,Quality Loyalists
R001292,quality_first,37,5306.19,tier_3_plus,douyin,personal_care,4.54,8.54,7.22,6.99,24.27,0,1,0,0,0,9.67,9,quality,I care about ingredients and product safety,1,Quality Loyalists
R001293,quality_first,30,14920.92,new_tier_1,douyin,healthy_snack,5.95,7.9,6.56,7.47,34.51,1,1,1,1,2,7.06,6,promotion,livestream promotion helps me discover new products,4,Eco Advocates
R001294,value_seekers,47,4105.36,tier_2,tmall,ready_to_drink,8.77,7.1,4.8,5.4,17.9,1,1,0,1,0,9.31,9,packaging,portable packaging is useful for work and travel,0,High Value Fans
R001295,convenience_first,23,9237.49,tier_2,douyin,personal_care,6.81,6.94,8.27,6.98,28.43,1,1,1,1,2,8.59,10,delivery,offline availability is not always convenient,3,Convenience Driven
R001296,convenience_first,32,5654.13,new_tier_1,private_domain,ready_to_drink,5.93,7.06,9.22,5.36,26.97,1,1,1,0,1,7.96,6,delivery,stockouts make me switch to other brands,3,Convenience Driven
R001297,value_seekers,24,8241.45,tier_1,douyin,ready_to_drink,8.03,6.18,7.41,3.62,17.49,1,1,1,1,4,8.55,6,price,I compare price across platforms before purchase,0,High Value Fans
R001298,eco_advocates,21,6012.14,tier_2,jd,ready_to_drink,4.25,8.15,7.74,8.25,31.75,1,1,1,1,6,9.47,10,quality,the product quality is stable and trustworthy,4,Eco Advocates
R001299,convenience_first,31,27077.68,new_tier_1,private_domain,healthy_snack,5.02,7.41,9.6,5.02,30.86,1,1,1,1,1,10.0,9,delivery,stockouts make me switch to other brands,3,Convenience Driven
R001300,new_explorers,25,21567.43,tier_2,private_domain,ready_to_drink,6.48,6.46,5.8,7.32,27.95,0,1,1,0,4,7.56,9,quality,the product quality is stable and trustworthy,0,High Value Fans
R001301,new_explorers,44,16741.25,tier_3_plus,jd,ready_to_drink,7.03,7.01,4.57,6.58,25.53,1,1,1,1,5,8.73,8,packaging,the packaging is convenient but could look more premium,0,High Value Fans
R001302,new_explorers,26,10010.32,new_tier_1,tmall,ready_to_drink,5.54,6.53,8.05,6.63,20.35,1,1,1,1,4,10.0,10,promotion,membership coupons can increase repeat purchase,3,Convenience Driven
R001303,new_explorers,33,7445.77,tier_1,jd,healthy_snack,7.86,6.69,7.24,6.65,20.99,0,0,0,0,0,6.11,6,price,the price feels high without promotion,2,Value Seekers
R001304,new_explorers,36,13640.33,tier_3_plus,tmall,healthy_snack,6.25,6.59,6.2,5.87,20.32,1,1,1,1,3,6.58,8,promotion,livestream promotion helps me discover new products,0,High Value Fans
R001305,new_explorers,30,7104.24,tier_1,douyin,ready_to_drink,7.38,5.82,8.04,5.76,17.53,0,1,1,1,2,9.19,9,promotion,membership coupons can increase repeat purchase,0,High Value Fans
R001306,new_explorers,44,4245.2,tier_3_plus,offline_supermarket,healthy_snack,5.81,8.13,6.48,6.57,23.71,1,1,1,0,3,6.35,8,sustainability,I prefer brands with recyclable packaging,0,High Value Fans
R001307,quality_first,34,10390.51,new_tier_1,douyin,personal_care,5.02,9.28,6.71,7.16,27.37,0,0,0,0,1,9.13,10,packaging,portable packaging is useful for work and travel,1,Quality Loyalists
R001308,value_seekers,22,5513.45,tier_3_plus,tmall,healthy_snack,9.09,6.31,5.93,4.88,12.94,1,1,1,1,0,8.39,8,quality,the product quality is stable and trustworthy,0,High Value Fans
R001309,new_explorers,37,22525.74,tier_1,private_domain,healthy_snack,6.1,7.94,6.85,6.32,19.47,1,1,1,1,3,8.08,9,quality,I care about ingredients and product safety,0,High Value Fans
R001310,quality_first,24,6928.1,tier_2,douyin,personal_care,5.03,9.1,7.69,6.67,31.3,0,0,0,0,0,10.0,10,quality,I care about ingredients and product safety,1,Quality Loyalists
R001311,new_explorers,22,7014.1,tier_3_plus,offline_supermarket,ready_to_drink,8.39,6.68,6.41,5.03,23.77,1,1,0,0,1,5.75,7,price,I compare price across platforms before purchase,2,Value Seekers
R001312,new_explorers,31,11053.29,tier_3_plus,tmall,personal_care,5.83,5.76,5.27,6.9,19.78,1,1,0,1,2,8.11,7,quality,the product quality is stable and trustworthy,0,High Value Fans
R001313,convenience_first,23,22899.98,tier_2,jd,personal_care,5.45,7.14,9.1,4.61,25.39,1,1,0,0,0,7.33,7,delivery,stockouts make me switch to other brands,3,Convenience Driven
R001314,quality_first,29,14293.88,tier_2,tmall,healthy_snack,3.98,9.11,6.68,7.37,35.91,1,1,1,1,2,9.87,9,sustainability,I prefer brands with recyclable packaging,1,Quality Loyalists
R001315,convenience_first,18,24871.25,tier_3_plus,jd,healthy_snack,5.64,5.87,7.18,7.7,29.57,0,0,0,0,0,5.54,4,delivery,stockouts make me switch to other brands,2,Value Seekers
R001316,eco_advocates,46,9652.54,tier_1,jd,healthy_snack,4.97,6.69,6.77,9.06,32.45,1,1,1,1,5,10.0,10,sustainability,low carbon packaging would improve brand impression,4,Eco Advocates
R001317,value_seekers,34,7320.4,tier_1,xiaohongshu,home_cleaning,6.05,6.99,5.29,5.04,14.48,0,1,1,1,3,7.94,8,price,the price feels high without promotion,0,High Value Fans
R001318,new_explorers,31,11567.66,tier_1,douyin,ready_to_drink,5.44,6.37,7.51,5.25,18.98,1,0,1,1,3,7.99,9,quality,quality improvement would make me repurchase more often,3,Convenience Driven
R001319,eco_advocates,36,8221.21,tier_3_plus,offline_supermarket,healthy_snack,4.9,8.36,6.59,8.87,28.97,0,0,0,0,1,8.16,8,packaging,the packaging is convenient but could look more premium,4,Eco Advocates
R001320,new_explorers,44,7648.51,tier_3_plus,offline_supermarket,healthy_snack,7.11,7.21,5.73,5.73,23.51,0,1,1,1,1,8.55,7,quality,I care about ingredients and product safety,0,High Value Fans
R001321,quality_first,24,20279.67,tier_1,offline_supermarket,ready_to_drink,6.21,9.29,6.56,6.7,35.23,1,1,1,1,2,9.47,9,packaging,portable packaging is useful for work and travel,1,Quality Loyalists
R001322,new_explorers,34,12949.41,new_tier_1,private_domain,ready_to_drink,6.74,9.02,6.15,6.72,26.03,0,1,0,1,1,8.0,9,packaging,portable packaging is useful for work and travel,1,Quality Loyalists
R001323,value_seekers,45,10321.79,new_tier_1,offline_supermarket,healthy_snack,8.21,7.03,5.51,5.04,18.2,1,1,1,1,3,9.37,10,delivery,offline availability is not always convenient,0,High Value Fans
R001324,eco_advocates,18,3822.07,tier_2,jd,ready_to_drink,4.24,8.17,5.48,8.91,31.13,1,0,1,1,5,10.0,10,price,I compare price across platforms before purchase,4,Eco Advocates
R001325,new_explorers,37,8546.83,new_tier_1,douyin,healthy_snack,7.46,6.22,6.35,6.16,19.6,1,1,1,1,2,7.89,8,price,the price feels high without promotion,0,High Value Fans
R001326,convenience_first,29,12828.36,tier_3_plus,jd,personal_care,4.92,5.65,8.41,5.89,34.63,1,1,0,0,0,6.54,6,packaging,the packaging is convenient but could look more premium,3,Convenience Driven
R001327,value_seekers,29,6438.65,tier_3_plus,private_domain,personal_care,8.0,8.1,6.63,5.94,20.09,0,0,0,1,1,7.42,7,price,discount bundles make me more willing to buy,0,High Value Fans
R001328,new_explorers,18,4173.55,new_tier_1,xiaohongshu,ready_to_drink,6.52,7.69,6.89,6.61,20.24,1,1,0,0,2,7.65,9,promotion,membership coupons can increase repeat purchase,0,High Value Fans
R001329,convenience_first,35,15679.35,new_tier_1,tmall,personal_care,6.47,6.68,8.51,6.03,25.63,1,0,1,1,3,8.74,9,sustainability,I prefer brands with recyclable packaging,3,Convenience Driven
R001330,quality_first,35,8152.14,new_tier_1,offline_supermarket,ready_to_drink,4.93,6.94,7.38,5.88,35.19,1,1,1,0,2,9.31,9,quality,I care about ingredients and product safety,3,Convenience Driven
R001331,new_explorers,41,12066.71,tier_2,xiaohongshu,ready_to_drink,8.08,6.72,7.26,6.26,21.48,1,0,0,0,0,8.06,8,delivery,stockouts make me switch to other brands,0,High Value Fans
R001332,eco_advocates,36,14752.0,new_tier_1,xiaohongshu,healthy_snack,6.28,6.89,6.06,8.28,31.42,1,1,0,0,0,7.66,7,promotion,livestream promotion helps me discover new products,4,Eco Advocates
R001333,new_explorers,28,5312.5,tier_3_plus,douyin,healthy_snack,7.14,6.68,6.02,7.1,22.83,1,1,0,0,1,6.68,4,price,the price feels high without promotion,2,Value Seekers
R001334,convenience_first,26,19947.62,new_tier_1,douyin,home_cleaning,6.15,7.45,8.59,5.32,32.42,1,1,1,1,3,10.0,9,delivery,stockouts make me switch to other brands,3,Convenience Driven
R001335,value_seekers,33,10910.54,new_tier_1,offline_supermarket,ready_to_drink,8.35,6.55,6.04,4.81,17.18,1,0,0,0,0,8.59,8,price,the price feels high without promotion,0,High Value Fans
R001336,convenience_first,19,15353.37,tier_2,private_domain,personal_care,5.89,8.58,9.35,6.3,31.22,1,1,1,1,7,10.0,10,promotion,membership coupons can increase repeat purchase,3,Convenience Driven
R001337,convenience_first,18,11370.78,tier_3_plus,douyin,personal_care,5.28,6.8,8.95,4.8,25.38,0,1,1,0,1,9.44,10,delivery,offline availability is not always convenient,3,Convenience Driven
R001338,convenience_first,38,12471.31,tier_1,jd,ready_to_drink,7.35,5.92,8.95,5.66,23.81,0,1,1,1,5,8.14,9,delivery,delivery speed affects whether I choose the brand,3,Convenience Driven
R001339,value_seekers,25,9479.2,tier_2,private_domain,healthy_snack,10.0,7.04,5.39,5.19,21.5,1,1,1,1,2,8.64,8,promotion,livestream promotion helps me discover new products,0,High Value Fans
R001340,value_seekers,21,14767.66,tier_3_plus,jd,healthy_snack,8.93,6.58,6.27,5.23,19.21,0,0,0,1,0,8.81,10,price,the price feels high without promotion,0,High Value Fans
R001341,value_seekers,35,4479.3,tier_1,douyin,healthy_snack,8.0,4.82,5.86,4.69,17.03,1,0,0,0,0,5.75,5,quality,I care about ingredients and product safety,2,Value Seekers
R001342,value_seekers,22,7612.91,tier_2,tmall,ready_to_drink,9.19,7.36,5.06,4.88,18.04,0,0,0,0,0,8.61,9,quality,the product quality is stable and trustworthy,0,High Value Fans
R001343,quality_first,32,11684.37,tier_2,douyin,healthy_snack,6.6,10.0,8.3,7.06,31.15,1,1,1,1,1,8.92,9,quality,I care about ingredients and product safety,1,Quality Loyalists
R001344,quality_first,24,11429.52,tier_1,xiaohongshu,home_cleaning,4.49,7.74,6.8,5.71,32.19,1,0,0,0,0,7.7,7,delivery,stockouts make me switch to other brands,1,Quality Loyalists
R001345,convenience_first,24,14994.51,new_tier_1,jd,personal_care,6.92,6.84,9.71,5.58,27.3,1,1,1,1,2,9.22,10,promotion,membership coupons can increase repeat purchase,3,Convenience Driven
R001346,convenience_first,26,9577.14,tier_3_plus,offline_supermarket,ready_to_drink,4.92,6.79,7.96,4.67,25.22,0,0,1,1,2,8.86,9,packaging,the package design should show product benefits more clearly,3,Convenience Driven
R001347,quality_first,23,12113.33,new_tier_1,tmall,ready_to_drink,4.13,8.84,5.54,7.06,32.05,1,1,1,1,4,10.0,10,price,discount bundles make me more willing to buy,1,Quality Loyalists
R001348,value_seekers,21,10828.06,tier_3_plus,offline_supermarket,personal_care,8.59,6.0,6.05,5.42,13.93,1,1,1,1,3,7.27,8,price,discount bundles make me more willing to buy,0,High Value Fans
R001349,value_seekers,34,6405.61,tier_3_plus,tmall,ready_to_drink,9.45,6.97,7.19,4.42,16.08,0,0,0,0,1,4.26,4,promotion,KOL reviews are useful but need to be authentic,2,Value Seekers
R001350,quality_first,41,7545.29,tier_2,offline_supermarket,healthy_snack,4.41,10.0,6.52,6.48,37.43,1,1,0,0,0,10.0,10,packaging,the package design should show product benefits more clearly,1,Quality Loyalists
R001351,value_seekers,26,13964.76,new_tier_1,tmall,healthy_snack,8.83,6.38,6.89,5.19,23.05,0,0,0,0,0,7.01,6,promotion,livestream promotion helps me discover new products,2,Value Seekers
R001352,value_seekers,28,6876.08,tier_2,xiaohongshu,home_cleaning,9.1,5.5,6.06,5.94,16.21,1,1,0,1,1,6.23,5,delivery,delivery speed affects whether I choose the brand,2,Value Seekers
R001353,quality_first,28,9782.85,tier_3_plus,offline_supermarket,personal_care,5.6,9.31,6.95,5.65,37.31,0,1,1,1,4,7.19,6,sustainability,I prefer brands with recyclable packaging,1,Quality Loyalists
R001354,value_seekers,19,11268.13,tier_3_plus,douyin,healthy_snack,8.5,5.63,4.7,5.04,18.84,1,1,1,1,3,6.27,7,price,I compare price across platforms before purchase,2,Value Seekers
R001355,value_seekers,45,11231.55,tier_2,offline_supermarket,ready_to_drink,8.76,5.59,6.79,3.83,14.6,1,1,1,1,3,7.35,7,price,discount bundles make me more willing to buy,2,Value Seekers
R001356,eco_advocates,26,7861.99,tier_2,tmall,home_cleaning,4.95,8.48,6.28,8.2,32.65,1,1,1,1,2,10.0,9,sustainability,sustainability claims need to be more credible,4,Eco Advocates
R001357,quality_first,18,3987.36,tier_2,douyin,personal_care,3.66,8.36,5.44,7.14,31.21,1,0,0,1,4,10.0,10,delivery,stockouts make me switch to other brands,1,Quality Loyalists
R001358,quality_first,23,10555.55,new_tier_1,jd,personal_care,3.43,9.35,7.55,7.37,33.87,0,0,0,1,5,10.0,10,quality,quality improvement would make me repurchase more often,1,Quality Loyalists
R001359,eco_advocates,31,8133.82,tier_2,jd,healthy_snack,7.04,8.09,8.2,9.35,32.21,1,1,1,1,4,9.87,10,packaging,the package design should show product benefits more clearly,4,Eco Advocates
R001360,eco_advocates,21,15119.7,tier_3_plus,tmall,ready_to_drink,3.66,7.56,7.34,9.59,34.5,1,1,1,1,3,10.0,10,sustainability,low carbon packaging would improve brand impression,4,Eco Advocates
R001361,eco_advocates,38,18543.99,new_tier_1,douyin,healthy_snack,4.77,8.62,5.71,9.48,33.31,1,1,1,1,8,7.86,6,promotion,livestream promotion helps me discover new products,4,Eco Advocates
R001362,convenience_first,21,13062.74,tier_1,xiaohongshu,ready_to_drink,5.2,7.49,9.38,6.78,23.42,1,1,1,1,1,10.0,8,quality,the product quality is stable and trustworthy,3,Convenience Driven
R001363,value_seekers,48,10896.93,tier_3_plus,douyin,ready_to_drink,9.16,7.37,5.65,4.91,22.95,1,1,0,0,1,6.48,8,delivery,offline availability is not always convenient,2,Value Seekers
R001364,new_explorers,32,11867.1,new_tier_1,douyin,home_cleaning,5.82,7.94,5.59,5.79,22.6,1,0,1,0,1,8.32,9,delivery,stockouts make me switch to other brands,0,High Value Fans
R001365,convenience_first,28,15661.36,tier_1,jd,healthy_snack,5.22,7.45,9.21,6.02,29.42,1,1,1,1,5,9.62,9,price,I compare price across platforms before purchase,3,Convenience Driven
R001366,new_explorers,36,8705.19,tier_2,douyin,healthy_snack,7.08,6.81,7.16,6.19,19.01,1,1,1,1,4,7.76,5,packaging,portable packaging is useful for work and travel,0,High Value Fans
R001367,value_seekers,29,12924.19,new_tier_1,offline_supermarket,healthy_snack,9.41,8.13,6.85,4.44,17.36,0,0,0,0,0,7.41,6,packaging,portable packaging is useful for work and travel,2,Value Seekers
R001368,value_seekers,33,9396.08,new_tier_1,tmall,home_cleaning,8.18,6.26,5.53,5.83,17.4,1,1,1,1,2,7.16,8,quality,the product quality is stable and trustworthy,0,High Value Fans
R001369,new_explorers,25,14008.52,tier_3_plus,tmall,ready_to_drink,6.52,6.9,5.72,7.33,25.19,1,1,1,1,2,7.39,9,price,I compare price across platforms before purchase,0,High Value Fans
R001370,quality_first,38,13234.24,tier_1,douyin,home_cleaning,4.64,8.41,6.02,5.44,33.52,1,0,0,1,4,9.7,9,packaging,portable packaging is useful for work and travel,1,Quality Loyalists
R001371,new_explorers,35,8649.96,tier_1,xiaohongshu,healthy_snack,7.57,7.1,7.19,6.14,17.46,0,0,1,1,4,6.94,7,delivery,offline availability is not always convenient,0,High Value Fans
R001372,eco_advocates,36,8323.71,tier_1,xiaohongshu,healthy_snack,5.91,8.08,5.25,8.05,34.04,1,1,1,0,3,8.47,9,promotion,membership coupons can increase repeat purchase,4,Eco Advocates
R001373,value_seekers,26,19782.07,new_tier_1,douyin,healthy_snack,7.31,6.2,5.47,4.83,24.23,0,0,0,0,0,4.4,3,price,the price feels high without promotion,2,Value Seekers
R001374,convenience_first,28,21828.11,tier_2,private_domain,ready_to_drink,5.24,7.85,8.37,4.3,29.78,0,0,0,1,1,9.27,9,packaging,portable packaging is useful for work and travel,3,Convenience Driven
R001375,quality_first,18,29838.77,tier_2,xiaohongshu,home_cleaning,6.98,8.49,4.97,6.19,33.89,1,1,1,1,5,8.49,7,promotion,KOL reviews are useful but need to be authentic,1,Quality Loyalists
R001376,eco_advocates,33,8742.62,tier_1,douyin,personal_care,6.61,6.56,6.92,9.24,37.67,0,1,1,1,5,7.77,7,packaging,portable packaging is useful for work and travel,4,Eco Advocates
R001377,convenience_first,25,6487.02,tier_2,xiaohongshu,ready_to_drink,6.02,7.45,9.82,5.56,27.6,0,0,0,0,0,8.73,8,delivery,offline availability is not always convenient,3,Convenience Driven
R001378,eco_advocates,38,5066.63,tier_3_plus,offline_supermarket,ready_to_drink,4.27,6.68,7.11,8.58,36.93,1,1,1,1,3,9.5,10,packaging,the package design should show product benefits more clearly,4,Eco Advocates
R001379,quality_first,32,12299.79,tier_3_plus,tmall,healthy_snack,5.16,8.67,5.06,6.13,28.35,1,1,0,0,0,6.89,4,promotion,membership coupons can increase repeat purchase,2,Value Seekers
R001380,value_seekers,26,4539.68,tier_1,jd,healthy_snack,7.63,5.05,5.53,4.77,15.66,1,1,1,1,1,4.99,4,packaging,portable packaging is useful for work and travel,2,Value Seekers
R001381,quality_first,32,7721.24,tier_3_plus,offline_supermarket,ready_to_drink,3.94,9.76,6.54,5.87,32.52,1,1,1,1,1,9.62,10,delivery,stockouts make me switch to other brands,1,Quality Loyalists
R001382,eco_advocates,40,11963.37,tier_2,douyin,home_cleaning,5.39,7.14,6.49,9.27,42.6,1,1,1,1,5,10.0,10,price,I compare price across platforms before purchase,4,Eco Advocates
R001383,new_explorers,45,14649.13,tier_1,tmall,personal_care,7.6,5.71,6.21,7.1,26.5,1,1,0,1,7,8.14,10,price,I compare price across platforms before purchase,0,High Value Fans
R001384,quality_first,26,8471.13,tier_2,jd,healthy_snack,5.04,7.6,6.73,6.08,32.99,1,1,1,1,3,10.0,10,packaging,the package design should show product benefits more clearly,1,Quality Loyalists
R001385,quality_first,37,4943.02,new_tier_1,douyin,healthy_snack,3.7,10.0,6.72,6.27,34.45,0,1,1,1,5,9.23,7,quality,quality improvement would make me repurchase more often,1,Quality Loyalists
R001386,new_explorers,31,9194.24,tier_2,xiaohongshu,home_cleaning,5.29,7.57,5.92,5.53,26.85,1,1,1,1,3,8.31,7,quality,quality improvement would make me repurchase more often,0,High Value Fans
R001387,value_seekers,29,15070.96,tier_2,douyin,home_cleaning,7.56,6.18,6.24,4.69,15.02,1,1,1,1,8,8.72,9,delivery,delivery speed affects whether I choose the brand,0,High Value Fans
R001388,convenience_first,34,6540.76,new_tier_1,douyin,home_cleaning,6.94,6.8,8.53,5.49,26.89,1,1,1,1,4,8.07,8,delivery,delivery speed affects whether I choose the brand,3,Convenience Driven
R001389,new_explorers,47,10709.87,tier_3_plus,xiaohongshu,ready_to_drink,5.6,5.68,7.91,5.62,22.81,1,1,1,1,4,7.98,8,quality,quality improvement would make me repurchase more often,3,Convenience Driven
R001390,convenience_first,21,23636.17,tier_2,douyin,healthy_snack,4.92,6.97,7.57,4.59,31.87,0,0,0,1,5,9.93,10,packaging,portable packaging is useful for work and travel,3,Convenience Driven
R001391,value_seekers,28,3882.97,tier_3_plus,xiaohongshu,healthy_snack,8.11,7.15,7.31,5.57,21.81,0,0,0,0,0,7.42,7,sustainability,sustainability claims need to be more credible,0,High Value Fans
R001392,convenience_first,32,13103.11,tier_3_plus,jd,healthy_snack,6.61,6.25,7.68,6.55,27.77,0,0,0,0,0,7.76,7,promotion,livestream promotion helps me discover new products,3,Convenience Driven
R001393,value_seekers,19,4944.02,tier_2,jd,personal_care,9.51,6.34,6.0,5.15,17.69,0,1,1,0,1,6.4,3,packaging,the package design should show product benefits more clearly,2,Value Seekers
R001394,quality_first,26,23846.85,tier_2,jd,healthy_snack,3.57,8.48,6.9,7.3,36.27,1,0,0,0,0,7.02,4,promotion,membership coupons can increase repeat purchase,4,Eco Advocates
R001395,new_explorers,19,6660.2,tier_2,xiaohongshu,ready_to_drink,6.8,7.58,6.54,6.48,16.99,0,0,0,0,0,7.05,8,packaging,the package design should show product benefits more clearly,0,High Value Fans
R001396,eco_advocates,32,16008.94,tier_1,xiaohongshu,ready_to_drink,6.85,6.9,5.47,8.61,31.6,0,0,1,1,2,8.31,7,sustainability,sustainability claims need to be more credible,4,Eco Advocates
R001397,value_seekers,28,7670.75,tier_3_plus,jd,ready_to_drink,7.97,7.03,6.16,5.31,18.23,0,1,1,1,2,8.47,10,delivery,offline availability is not always convenient,0,High Value Fans
R001398,convenience_first,40,10516.69,new_tier_1,xiaohongshu,healthy_snack,5.16,7.51,7.62,5.79,27.1,1,1,1,1,3,10.0,10,sustainability,sustainability claims need to be more credible,3,Convenience Driven
R001399,convenience_first,37,5572.93,tier_1,private_domain,healthy_snack,4.42,6.99,10.0,4.35,27.25,1,1,1,1,4,9.49,10,delivery,delivery speed affects whether I choose the brand,3,Convenience Driven
R001400,eco_advocates,26,4986.41,new_tier_1,xiaohongshu,home_cleaning,5.81,7.5,6.21,10.0,34.86,0,0,0,0,0,8.56,7,quality,I care about ingredients and product safety,4,Eco Advocates
R001401,convenience_first,27,9955.86,tier_1,jd,home_cleaning,6.06,8.0,8.29,4.77,29.58,1,1,1,1,5,9.68,10,packaging,the packaging is convenient but could look more premium,3,Convenience Driven
R001402,eco_advocates,27,11915.15,new_tier_1,douyin,healthy_snack,4.66,7.57,5.38,10.0,30.2,1,1,0,0,0,7.22,9,sustainability,low carbon packaging would improve brand impression,4,Eco Advocates
R001403,eco_advocates,29,10598.93,tier_2,tmall,ready_to_drink,6.14,8.19,6.05,8.43,30.19,1,1,1,1,5,9.59,10,sustainability,sustainability claims need to be more credible,4,Eco Advocates
R001404,value_seekers,28,7781.82,tier_1,tmall,personal_care,8.0,6.0,5.71,5.02,13.31,0,0,0,0,2,3.99,4,promotion,KOL reviews are useful but need to be authentic,2,Value Seekers
R001405,quality_first,32,16320.16,new_tier_1,douyin,home_cleaning,4.14,8.22,6.29,6.32,31.53,1,1,1,1,2,10.0,9,delivery,delivery speed affects whether I choose the brand,1,Quality Loyalists
R001406,value_seekers,38,11517.64,tier_2,jd,personal_care,9.11,6.57,5.23,4.19,18.07,1,1,0,0,0,5.9,3,price,discount bundles make me more willing to buy,2,Value Seekers
R001407,quality_first,32,7357.24,tier_1,tmall,home_cleaning,4.16,9.11,7.2,6.52,28.26,1,1,1,1,3,10.0,10,packaging,the package design should show product benefits more clearly,1,Quality Loyalists
R001408,quality_first,35,14663.75,tier_3_plus,tmall,healthy_snack,5.56,7.96,7.95,6.14,33.8,1,1,1,1,3,9.18,9,quality,quality improvement would make me repurchase more often,1,Quality Loyalists
R001409,quality_first,38,8942.73,new_tier_1,douyin,home_cleaning,4.83,8.29,5.9,5.77,26.62,1,1,1,1,3,9.48,9,quality,I care about ingredients and product safety,1,Quality Loyalists
R001410,quality_first,44,13759.39,new_tier_1,jd,ready_to_drink,4.38,7.56,5.92,6.29,35.5,1,1,0,0,0,10.0,10,delivery,offline availability is not always convenient,1,Quality Loyalists
R001411,value_seekers,48,9049.9,tier_3_plus,tmall,healthy_snack,9.39,5.13,5.25,7.1,13.68,0,0,0,0,1,6.81,9,price,I compare price across platforms before purchase,0,High Value Fans
R001412,eco_advocates,21,10536.15,tier_2,jd,ready_to_drink,6.73,8.09,7.13,10.0,34.17,0,1,1,1,4,10.0,10,quality,the product quality is stable and trustworthy,4,Eco Advocates
R001413,value_seekers,27,10265.76,tier_1,douyin,ready_to_drink,8.9,5.29,6.21,4.98,14.27,0,0,0,0,2,6.47,7,quality,the product quality is stable and trustworthy,2,Value Seekers
R001414,quality_first,36,10251.64,tier_1,private_domain,personal_care,4.31,10.0,7.68,7.1,32.68,0,0,1,1,2,10.0,9,delivery,delivery speed affects whether I choose the brand,1,Quality Loyalists
R001415,convenience_first,34,12331.15,tier_1,jd,personal_care,3.99,6.71,8.52,5.17,27.0,0,1,1,1,7,9.88,9,delivery,offline availability is not always convenient,3,Convenience Driven
R001416,value_seekers,37,17028.87,tier_1,douyin,personal_care,8.55,6.67,5.94,3.55,21.19,1,1,1,1,3,8.23,8,sustainability,I prefer brands with recyclable packaging,0,High Value Fans
R001417,quality_first,20,8909.09,new_tier_1,tmall,healthy_snack,5.32,8.98,6.73,6.97,29.96,1,1,0,1,3,8.94,8,quality,the product quality is stable and trustworthy,1,Quality Loyalists
R001418,quality_first,27,13571.27,tier_3_plus,douyin,home_cleaning,4.33,9.97,7.05,7.86,32.34,1,1,1,1,3,10.0,9,quality,I care about ingredients and product safety,1,Quality Loyalists
R001419,new_explorers,20,4308.14,new_tier_1,jd,ready_to_drink,7.55,7.0,7.37,6.98,10.78,1,1,1,0,0,8.57,9,price,the price feels high without promotion,0,High Value Fans
R001420,value_seekers,26,6798.5,new_tier_1,douyin,ready_to_drink,7.53,7.22,4.53,5.03,17.09,1,1,1,1,2,7.75,10,packaging,portable packaging is useful for work and travel,0,High Value Fans
R001421,value_seekers,32,43908.58,tier_2,xiaohongshu,ready_to_drink,7.56,6.98,6.24,4.0,23.38,0,1,1,1,1,7.29,6,price,the price feels high without promotion,2,Value Seekers
R001422,quality_first,18,9050.43,new_tier_1,douyin,home_cleaning,4.34,9.88,6.4,5.12,32.97,1,1,0,0,1,8.97,9,delivery,delivery speed affects whether I choose the brand,1,Quality Loyalists
R001423,eco_advocates,36,6790.1,tier_2,jd,personal_care,5.43,7.84,7.09,9.25,35.67,1,1,1,1,8,9.02,8,sustainability,sustainability claims need to be more credible,4,Eco Advocates
R001424,new_explorers,49,8675.41,new_tier_1,tmall,home_cleaning,5.75,7.71,6.12,6.02,24.13,1,1,1,1,3,8.1,7,price,discount bundles make me more willing to buy,0,High Value Fans
R001425,convenience_first,43,9875.55,tier_3_plus,tmall,healthy_snack,4.94,8.11,8.92,4.79,27.52,1,1,1,1,4,10.0,8,promotion,KOL reviews are useful but need to be authentic,3,Convenience Driven
R001426,new_explorers,38,9622.6,new_tier_1,private_domain,healthy_snack,7.95,7.04,6.85,7.0,22.66,1,1,1,1,4,7.82,9,price,the price feels high without promotion,0,High Value Fans
R001427,convenience_first,29,12031.41,tier_3_plus,douyin,healthy_snack,5.66,6.99,9.46,4.94,26.01,1,1,1,1,6,10.0,8,delivery,delivery speed affects whether I choose the brand,3,Convenience Driven
R001428,new_explorers,23,10258.43,new_tier_1,xiaohongshu,home_cleaning,7.36,7.78,6.58,4.15,20.0,1,1,1,1,3,7.25,6,price,I compare price across platforms before purchase,2,Value Seekers
R001429,eco_advocates,48,8532.76,new_tier_1,jd,ready_to_drink,6.55,8.74,6.46,7.34,31.42,1,1,1,1,3,8.42,9,sustainability,sustainability claims need to be more credible,1,Quality Loyalists
R001430,new_explorers,19,9597.21,new_tier_1,offline_supermarket,ready_to_drink,6.86,5.28,5.36,6.21,21.17,1,1,1,1,1,6.7,7,price,the price feels high without promotion,2,Value Seekers
R001431,value_seekers,45,15959.65,tier_3_plus,douyin,ready_to_drink,8.54,7.98,6.38,5.98,14.38,0,0,0,0,1,6.89,7,promotion,livestream promotion helps me discover new products,2,Value Seekers
R001432,new_explorers,31,8392.63,tier_2,offline_supermarket,personal_care,6.66,6.54,5.09,6.01,21.26,1,1,1,0,2,6.47,4,sustainability,sustainability claims need to be more credible,2,Value Seekers
R001433,convenience_first,19,13858.15,new_tier_1,offline_supermarket,ready_to_drink,7.11,8.25,8.52,6.52,31.28,1,1,1,1,7,8.14,10,delivery,delivery speed affects whether I choose the brand,3,Convenience Driven
R001434,value_seekers,34,9897.53,tier_3_plus,tmall,ready_to_drink,8.2,8.01,6.24,4.55,24.49,0,1,1,0,2,5.76,5,price,I compare price across platforms before purchase,2,Value Seekers
R001435,value_seekers,58,7088.35,tier_3_plus,private_domain,ready_to_drink,10.0,6.15,6.11,6.29,16.89,0,1,1,0,0,8.89,9,price,I compare price across platforms before purchase,0,High Value Fans
R001436,value_seekers,39,4133.33,new_tier_1,offline_supermarket,ready_to_drink,10.0,6.64,6.84,5.08,22.04,0,1,1,0,0,5.44,7,quality,the product quality is stable and trustworthy,2,Value Seekers
R001437,quality_first,31,12683.57,new_tier_1,xiaohongshu,personal_care,5.45,9.03,6.28,6.8,29.9,0,1,1,0,0,7.51,7,quality,I care about ingredients and product safety,1,Quality Loyalists
R001438,value_seekers,21,9272.77,tier_3_plus,douyin,home_cleaning,7.8,4.98,5.91,5.38,14.39,0,1,0,0,1,7.0,6,sustainability,low carbon packaging would improve brand impression,2,Value Seekers
R001439,quality_first,41,15375.16,new_tier_1,offline_supermarket,healthy_snack,5.87,10.0,7.0,6.69,31.84,0,1,1,1,7,10.0,9,quality,the product quality is stable and trustworthy,1,Quality Loyalists
R001440,value_seekers,33,11918.57,tier_3_plus,jd,home_cleaning,7.81,5.5,6.27,5.97,18.59,0,0,0,1,3,7.98,9,price,discount bundles make me more willing to buy,0,High Value Fans
R001441,value_seekers,45,15822.12,tier_1,tmall,healthy_snack,9.55,5.49,4.56,5.28,19.52,1,1,0,0,1,6.21,9,price,the price feels high without promotion,2,Value Seekers
R001442,value_seekers,33,15843.94,new_tier_1,douyin,healthy_snack,10.0,6.32,5.86,4.35,15.95,1,0,0,1,0,5.41,4,quality,I care about ingredients and product safety,2,Value Seekers
R001443,value_seekers,42,12268.04,tier_3_plus,tmall,personal_care,8.74,4.72,5.27,4.55,13.2,0,0,0,0,2,6.29,5,promotion,membership coupons can increase repeat purchase,2,Value Seekers
R001444,new_explorers,18,18565.06,tier_2,private_domain,personal_care,5.27,6.42,5.87,7.98,24.27,1,0,0,0,0,8.59,9,promotion,KOL reviews are useful but need to be authentic,4,Eco Advocates
R001445,convenience_first,18,9408.37,tier_3_plus,douyin,personal_care,6.73,7.27,8.73,4.69,23.88,1,1,1,1,4,10.0,10,promotion,membership coupons can increase repeat purchase,3,Convenience Driven
R001446,convenience_first,18,23513.02,new_tier_1,douyin,personal_care,5.13,6.97,9.54,5.22,30.79,0,0,0,1,1,10.0,10,delivery,delivery speed affects whether I choose the brand,3,Convenience Driven
R001447,new_explorers,37,9509.63,new_tier_1,douyin,ready_to_drink,5.6,6.54,5.26,6.58,22.54,1,0,0,0,0,7.37,8,delivery,delivery speed affects whether I choose the brand,0,High Value Fans
R001448,convenience_first,47,11020.12,tier_1,tmall,personal_care,5.52,7.27,8.98,4.77,21.7,1,1,1,1,3,9.72,10,delivery,delivery speed affects whether I choose the brand,3,Convenience Driven
R001449,new_explorers,18,20731.68,tier_3_plus,douyin,healthy_snack,5.4,6.43,6.15,6.67,27.57,1,1,1,1,2,7.57,5,promotion,KOL reviews are useful but need to be authentic,2,Value Seekers
R001450,convenience_first,47,18691.51,tier_3_plus,douyin,personal_care,5.46,6.98,9.38,5.8,22.08,1,1,1,1,5,9.93,10,packaging,the package design should show product benefits more clearly,3,Convenience Driven
R001451,quality_first,41,12581.95,new_tier_1,douyin,healthy_snack,3.14,8.41,5.89,4.56,30.11,1,1,1,1,5,8.43,10,delivery,offline availability is not always convenient,1,Quality Loyalists
R001452,convenience_first,26,14894.27,tier_3_plus,jd,ready_to_drink,5.49,7.21,9.09,7.09,27.31,1,1,1,1,3,9.83,10,packaging,the package design should show product benefits more clearly,3,Convenience Driven
R001453,quality_first,34,27372.03,new_tier_1,xiaohongshu,personal_care,4.78,8.01,7.92,7.31,33.63,0,0,0,0,0,8.98,10,quality,the product quality is stable and trustworthy,1,Quality Loyalists
R001454,value_seekers,49,5108.52,tier_1,private_domain,ready_to_drink,8.56,6.42,6.04,4.74,15.25,1,1,1,1,4,5.7,6,quality,I care about ingredients and product safety,2,Value Seekers
R001455,value_seekers,21,13110.24,new_tier_1,douyin,personal_care,9.11,7.42,5.21,5.83,21.15,1,1,0,0,0,8.17,8,price,discount bundles make me more willing to buy,0,High Value Fans
R001456,new_explorers,18,17613.23,tier_3_plus,jd,home_cleaning,6.18,7.31,6.77,5.15,23.01,1,1,1,1,0,6.36,3,packaging,the packaging is convenient but could look more premium,2,Value Seekers
R001457,quality_first,33,7871.44,new_tier_1,offline_supermarket,personal_care,5.03,8.43,7.49,5.69,28.55,1,1,0,0,0,8.82,8,packaging,portable packaging is useful for work and travel,1,Quality Loyalists
R001458,eco_advocates,32,14925.97,new_tier_1,douyin,ready_to_drink,6.37,8.26,5.9,8.75,34.35,1,1,0,1,5,8.27,10,sustainability,low carbon packaging would improve brand impression,4,Eco Advocates
R001459,quality_first,24,9383.11,tier_1,xiaohongshu,ready_to_drink,3.43,8.61,6.74,5.6,36.77,1,1,1,1,5,8.31,10,packaging,the package design should show product benefits more clearly,1,Quality Loyalists
R001460,value_seekers,43,11017.4,tier_2,private_domain,personal_care,8.7,7.37,5.4,5.6,17.19,0,0,1,1,6,9.29,8,price,the price feels high without promotion,0,High Value Fans
R001461,convenience_first,18,6642.11,tier_2,tmall,healthy_snack,5.2,7.61,7.76,5.39,23.43,1,1,1,1,0,8.8,7,promotion,KOL reviews are useful but need to be authentic,3,Convenience Driven
R001462,value_seekers,28,22780.55,tier_1,private_domain,personal_care,8.68,5.33,6.03,5.01,17.7,1,1,1,1,8,7.43,8,promotion,livestream promotion helps me discover new products,0,High Value Fans
R001463,eco_advocates,38,15338.8,new_tier_1,jd,ready_to_drink,6.81,5.88,5.79,8.59,34.91,1,1,1,0,1,8.94,10,price,I compare price across platforms before purchase,4,Eco Advocates
R001464,quality_first,27,6987.81,tier_3_plus,tmall,healthy_snack,5.66,9.64,6.15,6.39,28.87,0,1,1,1,6,10.0,10,quality,quality improvement would make me repurchase more often,1,Quality Loyalists
R001465,eco_advocates,38,4742.96,tier_3_plus,douyin,personal_care,4.38,9.46,7.09,9.17,33.53,1,1,1,1,5,9.33,9,sustainability,low carbon packaging would improve brand impression,4,Eco Advocates
R001466,value_seekers,31,10677.98,new_tier_1,offline_supermarket,ready_to_drink,7.63,5.13,4.82,6.16,12.8,1,1,0,0,0,7.23,8,price,I compare price across platforms before purchase,0,High Value Fans
R001467,value_seekers,32,11611.47,tier_3_plus,jd,ready_to_drink,9.07,5.91,5.42,4.55,19.53,1,1,0,0,0,5.92,6,price,I compare price across platforms before purchase,2,Value Seekers
R001468,value_seekers,41,6924.79,tier_1,tmall,healthy_snack,9.12,6.09,5.17,6.49,19.02,1,1,0,1,3,7.04,5,price,discount bundles make me more willing to buy,2,Value Seekers
R001469,new_explorers,24,10833.17,tier_1,offline_supermarket,ready_to_drink,4.98,8.25,7.28,6.56,24.95,1,1,1,1,3,8.2,6,price,I compare price across platforms before purchase,1,Quality Loyalists
R001470,quality_first,39,13445.37,new_tier_1,offline_supermarket,healthy_snack,2.3,9.37,6.71,6.56,32.59,0,0,0,0,0,9.11,10,quality,I care about ingredients and product safety,1,Quality Loyalists
R001471,convenience_first,29,15221.18,tier_2,xiaohongshu,healthy_snack,5.04,6.34,8.08,5.95,22.65,1,1,1,1,5,9.65,10,delivery,offline availability is not always convenient,3,Convenience Driven
R001472,quality_first,31,11194.48,tier_2,tmall,personal_care,5.4,7.8,6.5,6.57,36.38,0,1,1,1,4,8.0,8,delivery,offline availability is not always convenient,1,Quality Loyalists
R001473,value_seekers,37,12158.63,tier_1,tmall,healthy_snack,10.0,6.07,4.23,5.1,19.53,0,0,0,0,0,5.84,4,price,discount bundles make me more willing to buy,2,Value Seekers
R001474,value_seekers,34,17659.93,new_tier_1,douyin,ready_to_drink,7.94,6.4,5.16,5.3,16.11,1,1,1,1,5,8.4,7,price,I compare price across platforms before purchase,0,High Value Fans
R001475,convenience_first,23,14088.18,tier_2,xiaohongshu,home_cleaning,4.68,6.83,8.4,5.55,32.96,1,1,0,1,5,10.0,10,quality,quality improvement would make me repurchase more often,3,Convenience Driven
R001476,quality_first,26,6033.41,tier_2,offline_supermarket,ready_to_drink,3.71,9.39,5.51,4.96,31.92,1,1,1,1,4,9.91,10,quality,I care about ingredients and product safety,1,Quality Loyalists
R001477,new_explorers,38,5732.9,tier_3_plus,douyin,healthy_snack,6.3,5.49,7.18,6.38,23.45,1,0,0,0,1,8.16,7,promotion,livestream promotion helps me discover new products,0,High Value Fans
R001478,eco_advocates,34,6075.5,new_tier_1,douyin,ready_to_drink,5.95,9.57,7.48,8.85,29.1,1,1,1,1,2,10.0,9,sustainability,low carbon packaging would improve brand impression,1,Quality Loyalists
R001479,eco_advocates,44,9066.55,new_tier_1,tmall,home_cleaning,5.13,6.54,5.84,9.03,31.37,1,1,1,1,3,10.0,10,packaging,portable packaging is useful for work and travel,4,Eco Advocates
R001480,value_seekers,38,11059.36,tier_3_plus,douyin,healthy_snack,7.56,5.59,5.69,5.7,21.19,0,0,0,1,7,8.14,10,quality,I care about ingredients and product safety,0,High Value Fans
R001481,quality_first,34,10315.9,tier_3_plus,tmall,healthy_snack,4.82,9.01,5.5,6.57,35.95,0,0,0,0,0,7.6,9,quality,quality improvement would make me repurchase more often,1,Quality Loyalists
R001482,value_seekers,29,12079.1,tier_3_plus,jd,healthy_snack,7.5,6.75,6.22,4.25,13.92,1,1,1,1,2,7.25,9,promotion,membership coupons can increase repeat purchase,0,High Value Fans
R001483,eco_advocates,18,6819.24,new_tier_1,tmall,home_cleaning,6.89,8.65,5.46,7.85,36.41,1,1,1,1,1,10.0,10,promotion,livestream promotion helps me discover new products,4,Eco Advocates
R001484,value_seekers,39,17378.11,new_tier_1,tmall,personal_care,9.64,7.97,7.12,5.44,19.18,1,0,0,0,0,5.94,5,price,the price feels high without promotion,2,Value Seekers
R001485,quality_first,31,13723.53,tier_3_plus,jd,home_cleaning,6.25,9.11,7.59,6.27,31.59,1,1,1,1,2,9.81,10,delivery,stockouts make me switch to other brands,1,Quality Loyalists
R001486,value_seekers,42,11499.65,tier_2,offline_supermarket,personal_care,7.83,5.64,6.13,4.59,13.5,0,0,0,0,0,7.42,8,price,discount bundles make me more willing to buy,0,High Value Fans
R001487,value_seekers,40,8221.31,new_tier_1,offline_supermarket,personal_care,10.0,6.99,4.66,5.81,17.15,0,0,0,0,0,7.6,6,delivery,offline availability is not always convenient,2,Value Seekers
R001488,new_explorers,37,5464.4,tier_1,offline_supermarket,healthy_snack,6.35,6.35,6.99,6.89,22.87,0,0,0,0,0,9.13,9,sustainability,sustainability claims need to be more credible,0,High Value Fans
R001489,convenience_first,33,30196.68,tier_2,private_domain,ready_to_drink,6.57,6.79,7.57,5.08,29.54,0,1,0,1,4,8.57,7,delivery,stockouts make me switch to other brands,3,Convenience Driven
R001490,quality_first,36,10190.35,tier_1,offline_supermarket,ready_to_drink,4.81,8.74,8.14,5.97,33.02,1,1,1,1,6,10.0,10,packaging,the package design should show product benefits more clearly,1,Quality Loyalists
R001491,eco_advocates,39,9263.7,tier_3_plus,tmall,personal_care,4.47,8.09,6.86,9.63,32.97,1,1,1,1,1,8.64,8,promotion,membership coupons can increase repeat purchase,4,Eco Advocates
R001492,quality_first,18,5199.7,tier_1,private_domain,ready_to_drink,7.18,9.96,5.87,6.07,31.85,1,1,1,1,3,9.53,10,packaging,the package design should show product benefits more clearly,1,Quality Loyalists
R001493,eco_advocates,30,15832.09,tier_3_plus,offline_supermarket,personal_care,4.11,7.41,7.22,10.0,35.21,0,0,1,1,3,9.19,10,promotion,membership coupons can increase repeat purchase,4,Eco Advocates
R001494,eco_advocates,34,13436.78,new_tier_1,offline_supermarket,healthy_snack,4.39,7.41,6.38,8.64,36.84,1,1,1,1,5,9.34,10,sustainability,sustainability claims need to be more credible,4,Eco Advocates
R001495,value_seekers,30,22663.73,tier_3_plus,xiaohongshu,personal_care,9.39,7.3,6.02,4.61,17.95,0,0,1,1,4,8.72,9,price,discount bundles make me more willing to buy,0,High Value Fans
R001496,quality_first,42,7146.67,new_tier_1,private_domain,personal_care,5.2,8.56,6.5,7.34,26.75,0,0,1,1,1,10.0,9,sustainability,I prefer brands with recyclable packaging,1,Quality Loyalists
R001497,value_seekers,26,3335.34,tier_1,tmall,personal_care,10.0,6.92,6.97,4.1,16.42,0,0,0,0,0,8.07,7,delivery,stockouts make me switch to other brands,2,Value Seekers
R001498,quality_first,33,13057.21,tier_1,douyin,ready_to_drink,4.22,8.99,6.58,5.68,30.45,1,1,1,1,5,9.23,7,sustainability,low carbon packaging would improve brand impression,1,Quality Loyalists
R001499,quality_first,28,14920.21,tier_2,offline_supermarket,ready_to_drink,3.85,8.66,7.45,6.77,38.0,1,0,0,0,2,9.45,8,promotion,KOL reviews are useful but need to be authentic,1,Quality Loyalists
R001500,eco_advocates,35,12292.04,tier_1,xiaohongshu,healthy_snack,5.99,7.27,7.19,8.97,35.7,1,1,1,1,2,8.02,8,delivery,offline availability is not always convenient,4,Eco Advocates
R001501,value_seekers,30,6642.74,new_tier_1,tmall,home_cleaning,9.35,6.95,4.71,4.52,12.58,1,0,0,0,0,6.43,6,quality,quality improvement would make me repurchase more often,2,Value Seekers
R001502,convenience_first,26,16336.9,new_tier_1,tmall,healthy_snack,6.13,7.01,9.12,5.17,28.79,1,1,1,1,2,6.72,5,quality,the product quality is stable and trustworthy,3,Convenience Driven
R001503,quality_first,34,5461.58,new_tier_1,douyin,personal_care,5.15,10.0,6.77,6.38,25.65,1,0,0,0,0,9.41,9,promotion,membership coupons can increase repeat purchase,1,Quality Loyalists
R001504,eco_advocates,18,9033.74,new_tier_1,jd,ready_to_drink,4.47,6.93,6.91,8.78,33.31,1,1,1,1,1,9.02,9,quality,the product quality is stable and trustworthy,4,Eco Advocates
R001505,eco_advocates,27,10452.05,tier_1,private_domain,ready_to_drink,6.22,9.17,6.76,9.3,37.54,1,0,0,1,4,9.07,10,quality,the product quality is stable and trustworthy,4,Eco Advocates
R001506,value_seekers,37,13336.56,new_tier_1,douyin,healthy_snack,9.77,6.37,5.58,5.16,22.14,1,1,1,1,2,8.21,9,quality,the product quality is stable and trustworthy,0,High Value Fans
R001507,eco_advocates,22,20034.81,tier_2,xiaohongshu,home_cleaning,5.13,6.63,7.32,7.23,38.28,1,1,1,1,6,9.57,10,sustainability,I prefer brands with recyclable packaging,4,Eco Advocates
R001508,value_seekers,35,11587.93,tier_1,jd,healthy_snack,9.53,5.85,7.55,6.88,14.1,1,1,1,1,5,8.52,9,packaging,portable packaging is useful for work and travel,0,High Value Fans
R001509,convenience_first,27,11422.5,new_tier_1,tmall,healthy_snack,3.83,6.93,8.67,5.23,30.96,1,1,1,1,5,8.96,9,delivery,stockouts make me switch to other brands,3,Convenience Driven
R001510,value_seekers,31,7988.59,tier_2,xiaohongshu,home_cleaning,8.59,6.0,5.4,4.5,14.05,1,0,0,1,3,6.99,7,price,discount bundles make me more willing to buy,2,Value Seekers
R001511,value_seekers,32,23894.95,tier_2,private_domain,ready_to_drink,7.85,5.7,6.12,4.13,15.39,1,1,1,1,5,8.82,9,packaging,the packaging is convenient but could look more premium,0,High Value Fans
R001512,new_explorers,26,17383.32,tier_2,private_domain,ready_to_drink,5.7,6.4,6.45,6.9,24.69,1,0,0,0,0,7.89,7,packaging,the packaging is convenient but could look more premium,0,High Value Fans
R001513,new_explorers,19,9071.78,tier_3_plus,offline_supermarket,personal_care,6.99,7.93,6.07,7.1,24.61,1,1,1,1,4,6.37,7,quality,quality improvement would make me repurchase more often,0,High Value Fans
R001514,quality_first,43,8099.94,tier_1,tmall,ready_to_drink,4.97,8.42,5.25,6.75,31.86,1,1,0,1,3,10.0,10,promotion,membership coupons can increase repeat purchase,1,Quality Loyalists
R001515,value_seekers,40,11662.97,new_tier_1,private_domain,healthy_snack,7.84,7.15,5.39,5.88,22.89,1,1,1,1,5,8.6,10,price,I compare price across platforms before purchase,0,High Value Fans
R001516,value_seekers,37,13760.02,tier_2,offline_supermarket,ready_to_drink,10.0,5.89,8.47,4.47,17.2,1,1,1,1,3,7.41,7,price,discount bundles make me more willing to buy,0,High Value Fans
R001517,quality_first,33,15838.34,tier_2,private_domain,home_cleaning,4.63,8.4,6.62,6.29,32.44,0,0,1,1,5,10.0,10,delivery,stockouts make me switch to other brands,1,Quality Loyalists
R001518,quality_first,34,10224.34,new_tier_1,douyin,ready_to_drink,4.27,7.9,7.02,6.81,34.41,1,1,1,1,4,10.0,9,quality,quality improvement would make me repurchase more often,1,Quality Loyalists
R001519,value_seekers,29,5680.42,new_tier_1,offline_supermarket,ready_to_drink,8.57,6.66,6.14,3.76,16.77,1,0,0,0,2,9.14,9,quality,the product quality is stable and trustworthy,0,High Value Fans
R001520,quality_first,30,5388.84,tier_3_plus,private_domain,ready_to_drink,4.85,8.94,6.24,7.06,29.97,1,1,0,0,0,5.51,6,price,discount bundles make me more willing to buy,1,Quality Loyalists
R001521,value_seekers,43,14696.2,tier_2,douyin,personal_care,7.82,6.33,5.61,6.44,18.78,1,1,1,0,1,5.41,4,price,I compare price across platforms before purchase,2,Value Seekers
R001522,value_seekers,38,9443.7,tier_1,jd,home_cleaning,8.98,4.71,4.83,6.26,11.96,1,1,0,0,0,7.72,7,price,I compare price across platforms before purchase,2,Value Seekers
R001523,new_explorers,24,9127.14,tier_1,douyin,ready_to_drink,6.36,5.67,7.88,6.19,21.64,1,1,0,1,1,8.92,8,price,the price feels high without promotion,3,Convenience Driven
R001524,convenience_first,23,27816.69,tier_2,tmall,ready_to_drink,4.15,6.01,8.1,6.32,34.28,1,1,0,1,0,9.05,7,quality,the product quality is stable and trustworthy,3,Convenience Driven
R001525,eco_advocates,25,15757.28,tier_1,tmall,personal_care,5.25,6.86,6.18,9.78,35.79,0,0,0,0,0,9.34,9,sustainability,sustainability claims need to be more credible,4,Eco Advocates
R001526,convenience_first,41,9335.85,tier_2,offline_supermarket,healthy_snack,4.04,7.68,8.21,5.41,31.72,1,0,0,0,1,7.45,5,delivery,delivery speed affects whether I choose the brand,3,Convenience Driven
R001527,quality_first,47,10714.24,tier_1,jd,personal_care,5.07,8.84,6.64,7.7,33.32,1,1,1,1,5,10.0,10,quality,the product quality is stable and trustworthy,1,Quality Loyalists
R001528,convenience_first,23,19303.89,tier_2,offline_supermarket,healthy_snack,6.66,7.58,8.16,5.6,29.0,1,1,1,1,2,8.58,7,delivery,offline availability is not always convenient,3,Convenience Driven
R001529,new_explorers,37,10469.85,tier_2,tmall,ready_to_drink,5.99,7.32,6.45,5.65,22.9,1,1,1,1,5,9.16,7,delivery,offline availability is not always convenient,0,High Value Fans
R001530,new_explorers,22,8804.08,new_tier_1,jd,ready_to_drink,5.32,6.18,6.9,4.71,15.01,1,1,1,1,4,7.76,8,promotion,livestream promotion helps me discover new products,0,High Value Fans
R001531,quality_first,24,12291.12,tier_2,tmall,healthy_snack,5.35,10.0,6.1,6.67,30.65,1,1,1,1,0,9.07,8,quality,quality improvement would make me repurchase more often,1,Quality Loyalists
R001532,new_explorers,24,17548.68,tier_3_plus,jd,personal_care,5.44,6.12,7.16,5.36,22.17,0,1,0,1,6,8.6,9,promotion,KOL reviews are useful but need to be authentic,3,Convenience Driven
R001533,eco_advocates,50,7335.86,tier_3_plus,xiaohongshu,healthy_snack,5.55,8.34,5.97,9.68,31.46,1,1,1,1,3,7.44,8,promotion,membership coupons can increase repeat purchase,4,Eco Advocates
R001534,value_seekers,47,13466.06,tier_1,tmall,ready_to_drink,8.57,7.8,5.22,4.42,22.07,1,1,1,1,2,8.8,10,price,the price feels high without promotion,0,High Value Fans
R001535,convenience_first,30,14741.72,tier_1,private_domain,healthy_snack,5.2,5.91,10.0,4.31,29.4,1,1,0,0,0,9.38,10,promotion,membership coupons can increase repeat purchase,3,Convenience Driven
R001536,quality_first,27,5475.62,tier_2,offline_supermarket,ready_to_drink,5.24,8.91,6.63,5.97,32.29,1,1,1,1,4,8.21,9,quality,the product quality is stable and trustworthy,1,Quality Loyalists
R001537,value_seekers,25,8443.89,tier_2,xiaohongshu,home_cleaning,10.0,7.2,7.56,4.91,25.57,0,0,0,1,2,7.3,8,price,discount bundles make me more willing to buy,0,High Value Fans
R001538,quality_first,32,12697.03,tier_1,offline_supermarket,ready_to_drink,4.75,8.58,6.61,6.5,37.95,1,1,1,1,5,9.21,10,delivery,stockouts make me switch to other brands,1,Quality Loyalists
R001539,convenience_first,34,9480.26,tier_3_plus,xiaohongshu,personal_care,5.82,6.3,9.24,3.95,25.89,1,1,0,0,0,7.26,7,packaging,portable packaging is useful for work and travel,3,Convenience Driven
R001540,value_seekers,41,14198.28,tier_3_plus,jd,personal_care,7.53,7.24,5.64,4.71,18.71,1,1,0,1,6,6.11,6,packaging,the packaging is convenient but could look more premium,2,Value Seekers
R001541,quality_first,34,11139.03,tier_2,jd,home_cleaning,3.23,10.0,7.46,7.16,32.09,1,1,1,1,1,10.0,10,promotion,membership coupons can increase repeat purchase,1,Quality Loyalists
R001542,quality_first,29,20033.66,tier_3_plus,tmall,ready_to_drink,3.92,7.76,6.23,6.22,32.91,1,1,1,1,3,7.61,7,quality,quality improvement would make me repurchase more often,1,Quality Loyalists
R001543,value_seekers,38,11420.27,tier_3_plus,xiaohongshu,healthy_snack,9.1,6.03,5.48,4.48,17.74,0,0,0,0,0,5.72,4,price,I compare price across platforms before purchase,2,Value Seekers
R001544,eco_advocates,31,12964.35,tier_1,tmall,ready_to_drink,5.59,7.74,6.26,9.13,30.01,1,1,1,1,3,10.0,10,price,the price feels high without promotion,4,Eco Advocates
R001545,value_seekers,28,12622.26,tier_3_plus,xiaohongshu,healthy_snack,9.08,4.93,6.53,4.68,14.95,1,0,0,0,3,7.09,6,promotion,livestream promotion helps me discover new products,2,Value Seekers
R001546,convenience_first,28,6882.78,new_tier_1,xiaohongshu,ready_to_drink,6.39,7.55,9.62,4.97,23.58,1,1,1,1,4,7.44,6,delivery,stockouts make me switch to other brands,3,Convenience Driven
R001547,eco_advocates,48,12813.09,new_tier_1,xiaohongshu,personal_care,4.23,7.27,6.78,8.09,35.05,1,1,1,1,6,10.0,10,quality,the product quality is stable and trustworthy,4,Eco Advocates
R001548,new_explorers,33,6777.41,tier_2,tmall,healthy_snack,6.98,7.48,6.55,5.5,18.48,1,1,0,1,2,7.95,9,delivery,offline availability is not always convenient,0,High Value Fans
R001549,value_seekers,33,6956.74,tier_1,private_domain,personal_care,9.31,5.5,5.59,4.77,13.88,0,1,0,0,0,7.04,8,promotion,membership coupons can increase repeat purchase,2,Value Seekers
R001550,value_seekers,19,4973.12,tier_3_plus,jd,healthy_snack,8.36,7.01,6.63,6.54,18.3,1,1,1,0,2,7.96,6,price,discount bundles make me more willing to buy,0,High Value Fans
R001551,quality_first,37,24432.88,tier_3_plus,jd,ready_to_drink,4.88,8.9,4.63,5.81,28.82,1,1,1,1,5,9.19,10,delivery,delivery speed affects whether I choose the brand,1,Quality Loyalists
R001552,quality_first,36,23056.89,tier_3_plus,xiaohongshu,ready_to_drink,6.04,8.45,6.26,7.08,30.83,1,1,1,1,2,7.43,7,price,the price feels high without promotion,1,Quality Loyalists
R001553,quality_first,26,11208.79,tier_3_plus,douyin,healthy_snack,5.52,8.63,6.93,6.54,33.64,1,1,1,1,2,9.08,8,sustainability,sustainability claims need to be more credible,1,Quality Loyalists
R001554,eco_advocates,49,6970.15,new_tier_1,jd,personal_care,5.59,7.13,6.42,7.03,33.89,1,1,1,1,6,9.95,10,quality,quality improvement would make me repurchase more often,1,Quality Loyalists
R001555,quality_first,40,14571.99,new_tier_1,jd,personal_care,4.76,8.59,7.19,7.16,36.06,1,1,1,1,6,10.0,8,packaging,the package design should show product benefits more clearly,1,Quality Loyalists
R001556,value_seekers,18,9183.09,new_tier_1,douyin,personal_care,9.58,6.52,6.45,4.91,18.74,1,1,1,1,3,6.34,6,quality,the product quality is stable and trustworthy,2,Value Seekers
R001557,value_seekers,19,7755.27,tier_1,xiaohongshu,healthy_snack,9.95,5.91,6.3,4.65,24.21,0,0,0,0,2,6.65,3,price,I compare price across platforms before purchase,2,Value Seekers
R001558,value_seekers,24,19020.05,tier_2,tmall,ready_to_drink,7.75,5.9,6.07,3.01,21.09,1,0,0,0,2,7.92,7,promotion,membership coupons can increase repeat purchase,0,High Value Fans
R001559,eco_advocates,31,9822.63,tier_1,douyin,ready_to_drink,4.57,8.11,6.98,8.6,32.05,1,1,0,0,0,7.69,7,sustainability,I prefer brands with recyclable packaging,4,Eco Advocates
R001560,value_seekers,35,9496.76,new_tier_1,tmall,personal_care,9.15,6.64,6.17,4.53,14.45,1,1,1,1,0,8.67,10,packaging,portable packaging is useful for work and travel,0,High Value Fans
R001561,value_seekers,39,5720.19,new_tier_1,private_domain,ready_to_drink,8.07,7.1,6.01,5.58,19.64,0,0,0,0,0,7.53,7,price,I compare price across platforms before purchase,0,High Value Fans
R001562,convenience_first,33,14343.21,tier_1,tmall,ready_to_drink,5.18,7.17,8.89,5.83,25.55,1,1,0,0,0,9.64,10,promotion,KOL reviews are useful but need to be authentic,3,Convenience Driven
R001563,value_seekers,34,12553.16,tier_2,jd,ready_to_drink,9.45,6.4,6.81,5.48,18.47,1,1,1,1,4,7.17,6,price,discount bundles make me more willing to buy,2,Value Seekers
R001564,eco_advocates,38,16075.47,tier_2,douyin,healthy_snack,5.91,10.0,8.07,9.57,34.45,0,1,1,1,5,10.0,10,sustainability,sustainability claims need to be more credible,4,Eco Advocates
R001565,value_seekers,39,10385.36,tier_2,douyin,home_cleaning,8.48,6.34,6.07,3.8,18.51,1,1,0,0,0,5.27,5,promotion,KOL reviews are useful but need to be authentic,2,Value Seekers
R001566,convenience_first,33,8062.84,tier_2,xiaohongshu,healthy_snack,6.23,6.82,9.71,4.7,20.2,1,1,1,0,1,6.94,6,quality,quality improvement would make me repurchase more often,3,Convenience Driven
R001567,quality_first,42,4301.05,new_tier_1,offline_supermarket,healthy_snack,5.33,8.36,8.36,6.52,28.76,1,1,1,1,1,9.63,10,packaging,portable packaging is useful for work and travel,1,Quality Loyalists
R001568,value_seekers,37,10647.74,tier_2,offline_supermarket,healthy_snack,9.7,6.3,5.92,4.27,13.96,1,1,1,1,2,7.99,9,price,discount bundles make me more willing to buy,0,High Value Fans
R001569,convenience_first,30,28371.95,tier_2,private_domain,healthy_snack,5.17,7.34,8.95,5.44,30.82,1,1,1,1,8,10.0,8,delivery,offline availability is not always convenient,3,Convenience Driven
R001570,value_seekers,28,9539.92,tier_1,offline_supermarket,ready_to_drink,8.49,6.57,5.55,5.78,21.93,1,1,1,1,3,7.27,6,price,the price feels high without promotion,2,Value Seekers
R001571,eco_advocates,38,5030.17,tier_1,douyin,ready_to_drink,5.3,7.73,5.75,8.57,30.7,0,0,0,1,4,9.99,9,sustainability,low carbon packaging would improve brand impression,4,Eco Advocates
R001572,new_explorers,25,10531.26,new_tier_1,jd,personal_care,7.28,6.04,8.56,6.11,19.68,0,0,0,0,2,7.08,7,sustainability,low carbon packaging would improve brand impression,0,High Value Fans
R001573,value_seekers,34,9279.82,tier_3_plus,offline_supermarket,ready_to_drink,8.57,6.3,5.39,4.61,16.44,0,0,0,1,1,8.39,8,delivery,stockouts make me switch to other brands,0,High Value Fans
R001574,quality_first,30,13729.33,tier_3_plus,jd,home_cleaning,5.78,9.5,7.25,5.57,36.6,0,1,1,1,2,10.0,10,quality,I care about ingredients and product safety,1,Quality Loyalists
R001575,eco_advocates,41,18675.9,tier_3_plus,private_domain,ready_to_drink,4.69,6.34,6.5,10.0,34.19,1,1,1,1,1,8.36,8,sustainability,I prefer brands with recyclable packaging,4,Eco Advocates
R001576,quality_first,34,18164.38,tier_3_plus,private_domain,home_cleaning,4.15,9.38,6.78,6.72,37.82,1,0,1,1,8,9.14,9,quality,I care about ingredients and product safety,1,Quality Loyalists
R001577,convenience_first,31,7945.2,tier_1,jd,ready_to_drink,5.0,6.81,10.0,6.12,26.83,0,0,1,1,0,8.46,7,delivery,stockouts make me switch to other brands,3,Convenience Driven
R001578,value_seekers,24,10800.78,tier_1,tmall,healthy_snack,7.28,7.21,6.13,3.6,22.53,1,0,0,0,0,7.68,6,promotion,KOL reviews are useful but need to be authentic,2,Value Seekers
R001579,quality_first,28,23955.39,new_tier_1,offline_supermarket,ready_to_drink,3.51,8.56,7.67,6.24,34.61,0,1,1,0,3,8.27,8,sustainability,sustainability claims need to be more credible,1,Quality Loyalists
R001580,quality_first,44,21537.84,tier_2,jd,ready_to_drink,4.73,9.71,6.9,7.02,40.89,0,0,0,1,5,9.01,10,sustainability,sustainability claims need to be more credible,1,Quality Loyalists
R001581,convenience_first,26,11156.37,tier_1,tmall,ready_to_drink,5.74,7.97,8.43,5.24,27.25,0,1,1,1,5,8.37,7,delivery,delivery speed affects whether I choose the brand,3,Convenience Driven
R001582,convenience_first,32,20980.3,tier_2,jd,healthy_snack,4.0,8.59,8.64,5.04,31.9,1,1,1,1,3,7.89,9,quality,I care about ingredients and product safety,3,Convenience Driven
R001583,convenience_first,27,5814.95,new_tier_1,xiaohongshu,home_cleaning,6.54,6.87,8.63,5.56,28.22,0,0,1,1,6,10.0,8,delivery,delivery speed affects whether I choose the brand,3,Convenience Driven
R001584,new_explorers,31,9727.26,tier_1,offline_supermarket,personal_care,5.82,6.42,5.3,6.79,22.55,1,1,1,0,1,8.43,9,sustainability,low carbon packaging would improve brand impression,0,High Value Fans
R001585,new_explorers,46,7340.51,tier_3_plus,jd,personal_care,6.74,7.09,5.15,6.15,18.51,1,1,1,1,6,7.48,6,delivery,stockouts make me switch to other brands,0,High Value Fans
R001586,value_seekers,21,13187.87,tier_2,tmall,healthy_snack,9.61,8.53,5.32,5.88,17.15,0,0,0,0,0,7.97,7,price,the price feels high without promotion,0,High Value Fans
R001587,convenience_first,26,10354.81,tier_3_plus,xiaohongshu,healthy_snack,7.1,8.23,8.26,6.28,22.21,0,1,0,1,2,7.6,8,quality,quality improvement would make me repurchase more often,3,Convenience Driven
R001588,quality_first,22,9293.86,tier_1,tmall,healthy_snack,4.33,8.4,7.64,7.09,31.8,1,1,1,1,4,9.37,9,quality,quality improvement would make me repurchase more often,1,Quality Loyalists
R001589,quality_first,32,15633.39,new_tier_1,tmall,home_cleaning,3.68,9.13,6.08,6.68,33.48,1,1,1,1,4,10.0,10,quality,quality improvement would make me repurchase more often,1,Quality Loyalists
R001590,eco_advocates,35,6382.32,tier_3_plus,offline_supermarket,personal_care,5.33,7.35,6.41,7.69,34.39,1,1,1,1,2,9.69,8,sustainability,I prefer brands with recyclable packaging,4,Eco Advocates
R001591,convenience_first,22,6201.47,new_tier_1,offline_supermarket,ready_to_drink,6.13,8.36,8.42,5.67,25.3,1,1,0,0,0,8.87,9,delivery,delivery speed affects whether I choose the brand,3,Convenience Driven
R001592,quality_first,23,11519.43,tier_3_plus,douyin,home_cleaning,4.06,9.53,5.93,8.19,32.11,0,0,0,1,4,10.0,9,delivery,offline availability is not always convenient,1,Quality Loyalists
R001593,value_seekers,30,6662.4,tier_2,xiaohongshu,home_cleaning,8.27,6.55,5.86,6.87,12.48,1,1,0,0,0,8.26,9,price,I compare price across platforms before purchase,0,High Value Fans
R001594,eco_advocates,35,8496.1,tier_2,offline_supermarket,healthy_snack,5.86,6.73,5.49,10.0,32.87,1,1,1,1,5,9.04,10,price,I compare price across platforms before purchase,4,Eco Advocates
R001595,new_explorers,23,7708.19,tier_2,tmall,healthy_snack,7.91,8.47,5.6,6.01,26.66,0,0,0,0,0,7.8,7,delivery,offline availability is not always convenient,0,High Value Fans
R001596,convenience_first,27,22003.15,tier_3_plus,douyin,healthy_snack,4.67,7.33,8.58,3.31,35.44,0,0,0,1,3,8.6,9,price,the price feels high without promotion,3,Convenience Driven
R001597,eco_advocates,23,21469.57,new_tier_1,douyin,home_cleaning,5.26,7.5,7.24,9.41,34.78,1,1,1,1,2,9.49,10,quality,quality improvement would make me repurchase more often,4,Eco Advocates
R001598,value_seekers,18,17999.48,tier_1,jd,home_cleaning,9.53,8.24,5.48,4.1,22.23,1,1,1,1,8,9.08,9,promotion,membership coupons can increase repeat purchase,0,High Value Fans
R001599,quality_first,28,17125.54,tier_2,tmall,personal_care,3.33,9.11,6.45,6.06,33.91,0,1,1,1,2,8.84,9,price,I compare price across platforms before purchase,1,Quality Loyalists
R001600,quality_first,18,7974.66,new_tier_1,douyin,personal_care,3.85,7.37,7.07,5.88,33.27,1,1,1,1,2,10.0,9,delivery,delivery speed affects whether I choose the brand,1,Quality Loyalists
R001601,eco_advocates,30,10371.76,tier_2,jd,ready_to_drink,6.67,8.89,8.33,8.93,32.9,1,1,1,1,4,10.0,10,sustainability,low carbon packaging would improve brand impression,4,Eco Advocates
R001602,value_seekers,29,5754.28,tier_3_plus,tmall,ready_to_drink,8.65,5.2,5.49,5.07,17.97,1,1,1,1,3,7.37,9,promotion,membership coupons can increase repeat purchase,0,High Value Fans
R001603,value_seekers,35,9763.14,tier_2,xiaohongshu,personal_care,8.16,5.19,5.34,4.76,11.9,0,0,0,0,0,5.89,4,price,the price feels high without promotion,2,Value Seekers
R001604,new_explorers,32,11153.39,tier_2,xiaohongshu,healthy_snack,6.85,6.26,7.02,5.94,18.4,0,1,1,1,4,7.41,8,delivery,delivery speed affects whether I choose the brand,0,High Value Fans
R001605,value_seekers,23,6037.96,tier_1,xiaohongshu,healthy_snack,8.96,5.03,5.31,5.3,12.75,1,1,1,1,2,8.22,7,promotion,livestream promotion helps me discover new products,0,High Value Fans
R001606,eco_advocates,29,6597.24,tier_3_plus,douyin,ready_to_drink,6.86,6.56,6.94,10.0,33.18,0,1,1,1,2,8.34,6,packaging,the package design should show product benefits more clearly,4,Eco Advocates
R001607,quality_first,25,8193.04,new_tier_1,douyin,personal_care,5.25,8.33,5.38,5.74,30.06,0,0,0,0,0,7.34,7,promotion,livestream promotion helps me discover new products,1,Quality Loyalists
R001608,new_explorers,28,10254.09,tier_2,jd,ready_to_drink,6.83,5.03,6.05,6.38,29.47,0,1,0,1,0,6.14,4,promotion,livestream promotion helps me discover new products,2,Value Seekers
R001609,value_seekers,24,8149.11,tier_1,tmall,home_cleaning,9.96,6.3,4.89,5.49,20.51,0,0,0,0,1,5.76,6,price,discount bundles make me more willing to buy,2,Value Seekers
R001610,eco_advocates,30,17498.29,tier_2,offline_supermarket,home_cleaning,5.19,8.65,6.2,7.13,36.37,1,1,1,1,2,8.59,9,price,I compare price across platforms before purchase,1,Quality Loyalists
R001611,new_explorers,35,8358.6,new_tier_1,jd,healthy_snack,5.83,8.08,6.19,6.12,24.72,0,0,1,1,3,8.86,9,price,I compare price across platforms before purchase,1,Quality Loyalists
R001612,eco_advocates,31,9154.64,tier_2,jd,healthy_snack,5.88,7.9,4.66,9.39,35.2,0,1,0,0,0,6.41,7,promotion,KOL reviews are useful but need to be authentic,4,Eco Advocates
R001613,quality_first,26,11136.16,new_tier_1,tmall,home_cleaning,4.45,8.72,5.94,5.77,30.75,1,1,1,1,4,8.27,7,quality,I care about ingredients and product safety,1,Quality Loyalists
R001614,new_explorers,33,7302.05,tier_1,douyin,ready_to_drink,6.07,6.21,7.76,6.87,22.4,0,1,0,0,0,7.41,8,price,discount bundles make me more willing to buy,0,High Value Fans
R001615,eco_advocates,22,8749.73,tier_2,tmall,ready_to_drink,5.19,7.66,6.73,10.0,33.45,1,0,0,0,1,9.03,7,sustainability,sustainability claims need to be more credible,4,Eco Advocates
R001616,convenience_first,38,28381.48,tier_3_plus,douyin,home_cleaning,4.63,7.16,9.44,4.98,32.3,1,1,1,1,2,9.65,9,promotion,KOL reviews are useful but need to be authentic,3,Convenience Driven
R001617,value_seekers,36,8685.87,new_tier_1,offline_supermarket,ready_to_drink,9.79,5.54,5.39,4.99,12.79,1,1,1,0,1,4.95,6,price,the price feels high without promotion,2,Value Seekers
R001618,eco_advocates,39,6402.5,tier_3_plus,douyin,home_cleaning,5.5,6.67,6.35,8.77,28.07,1,1,1,1,1,9.26,9,sustainability,I prefer brands with recyclable packaging,4,Eco Advocates
R001619,new_explorers,26,8804.56,tier_1,tmall,ready_to_drink,7.16,6.42,6.6,5.3,16.02,0,0,0,0,0,6.24,5,packaging,the packaging is convenient but could look more premium,2,Value Seekers
R001620,convenience_first,28,15078.52,tier_2,tmall,healthy_snack,6.15,7.47,8.07,5.01,27.52,1,1,1,1,4,9.92,10,delivery,stockouts make me switch to other brands,3,Convenience Driven
R001621,quality_first,23,4047.74,tier_3_plus,douyin,ready_to_drink,5.63,10.0,6.7,6.57,32.58,0,1,1,1,3,9.77,8,promotion,livestream promotion helps me discover new products,1,Quality Loyalists
R001622,new_explorers,34,11148.73,tier_2,tmall,healthy_snack,6.41,7.04,4.35,5.18,17.27,1,1,0,0,0,6.66,7,delivery,stockouts make me switch to other brands,2,Value Seekers
R001623,value_seekers,32,6562.06,tier_3_plus,offline_supermarket,healthy_snack,10.0,6.18,6.71,4.48,11.42,0,0,1,1,4,6.38,8,sustainability,sustainability claims need to be more credible,0,High Value Fans
R001624,quality_first,31,8687.97,tier_2,jd,personal_care,5.36,8.31,6.64,5.59,31.15,0,0,0,1,2,10.0,10,packaging,portable packaging is useful for work and travel,1,Quality Loyalists
R001625,new_explorers,31,5783.42,tier_3_plus,tmall,home_cleaning,6.83,6.8,6.08,7.51,19.72,1,1,1,1,8,7.66,6,price,the price feels high without promotion,0,High Value Fans
R001626,convenience_first,28,17572.34,tier_2,xiaohongshu,healthy_snack,5.61,6.19,9.04,5.63,28.3,0,0,1,1,2,10.0,10,delivery,delivery speed affects whether I choose the brand,3,Convenience Driven
R001627,value_seekers,26,6788.45,tier_2,jd,personal_care,8.74,7.32,6.41,7.25,13.08,1,0,0,0,0,8.19,8,quality,the product quality is stable and trustworthy,0,High Value Fans
R001628,convenience_first,18,11004.88,new_tier_1,douyin,healthy_snack,6.05,7.12,8.01,6.24,24.65,0,0,1,0,2,8.94,9,delivery,offline availability is not always convenient,3,Convenience Driven
R001629,new_explorers,32,16786.58,tier_3_plus,jd,healthy_snack,7.16,6.49,5.81,6.44,27.63,1,0,0,1,0,8.36,8,quality,quality improvement would make me repurchase more often,0,High Value Fans
R001630,new_explorers,35,4374.87,tier_1,private_domain,ready_to_drink,5.21,6.52,7.31,5.54,24.26,1,1,1,1,7,10.0,9,promotion,livestream promotion helps me discover new products,3,Convenience Driven
R001631,quality_first,21,9407.89,new_tier_1,jd,home_cleaning,3.81,6.76,5.93,6.57,30.29,1,1,0,0,0,7.19,6,quality,the product quality is stable and trustworthy,4,Eco Advocates
R001632,value_seekers,39,10614.6,tier_1,douyin,healthy_snack,8.33,5.95,7.12,5.96,16.61,1,0,0,0,1,5.1,6,delivery,delivery speed affects whether I choose the brand,2,Value Seekers
R001633,value_seekers,23,4690.84,tier_2,offline_supermarket,home_cleaning,9.22,6.49,5.5,4.16,13.37,1,0,0,0,0,6.5,7,price,the price feels high without promotion,2,Value Seekers
R001634,value_seekers,26,8404.74,tier_3_plus,jd,ready_to_drink,7.99,6.47,7.89,4.71,19.48,1,1,1,1,1,6.12,6,price,I compare price across platforms before purchase,2,Value Seekers
R001635,value_seekers,18,13222.12,tier_2,douyin,personal_care,7.31,6.39,5.42,5.06,19.81,1,1,1,1,5,8.52,10,packaging,portable packaging is useful for work and travel,0,High Value Fans
R001636,quality_first,28,16548.43,tier_1,offline_supermarket,home_cleaning,5.24,8.23,5.75,7.31,28.13,1,1,1,1,4,10.0,9,quality,quality improvement would make me repurchase more often,1,Quality Loyalists
R001637,eco_advocates,24,6420.6,tier_3_plus,offline_supermarket,ready_to_drink,5.32,5.43,7.46,9.84,32.25,0,1,0,0,0,9.5,9,delivery,delivery speed affects whether I choose the brand,4,Eco Advocates
R001638,convenience_first,36,9855.96,tier_2,xiaohongshu,home_cleaning,5.03,8.21,8.49,5.99,31.03,1,1,1,1,2,8.4,6,packaging,the packaging is convenient but could look more premium,3,Convenience Driven
R001639,value_seekers,35,10186.31,tier_2,tmall,healthy_snack,8.42,7.89,5.55,5.65,17.41,0,1,1,1,1,8.24,9,price,I compare price across platforms before purchase,0,High Value Fans
R001640,eco_advocates,33,9749.86,tier_2,xiaohongshu,healthy_snack,6.04,6.86,7.16,9.46,34.82,0,0,0,0,0,8.13,10,sustainability,sustainability claims need to be more credible,4,Eco Advocates
R001641,quality_first,29,15585.03,tier_2,jd,ready_to_drink,3.44,8.49,7.67,6.58,33.85,1,1,1,1,3,10.0,10,packaging,the packaging is convenient but could look more premium,1,Quality Loyalists
R001642,value_seekers,31,8933.55,tier_2,offline_supermarket,healthy_snack,8.5,7.37,5.24,4.36,22.9,1,1,1,1,2,7.24,7,delivery,delivery speed affects whether I choose the brand,0,High Value Fans
R001643,convenience_first,36,11400.93,tier_1,xiaohongshu,home_cleaning,6.09,6.06,8.07,5.4,22.56,0,1,1,1,4,8.44,8,packaging,the package design should show product benefits more clearly,3,Convenience Driven
R001644,value_seekers,24,11117.45,tier_3_plus,private_domain,home_cleaning,7.73,5.59,3.98,5.37,23.24,1,1,1,0,2,5.3,4,sustainability,sustainability claims need to be more credible,2,Value Seekers
R001645,value_seekers,35,10442.39,tier_1,offline_supermarket,personal_care,8.42,8.21,5.07,6.02,17.6,1,0,0,0,1,8.3,9,price,the price feels high without promotion,0,High Value Fans
R001646,eco_advocates,29,16884.51,new_tier_1,private_domain,personal_care,4.22,7.52,7.95,8.51,30.3,1,1,1,1,3,9.05,9,sustainability,I prefer brands with recyclable packaging,4,Eco Advocates
R001647,quality_first,22,12396.42,new_tier_1,douyin,ready_to_drink,3.51,10.0,6.91,5.91,38.81,1,0,0,0,1,8.04,7,price,discount bundles make me more willing to buy,1,Quality Loyalists
R001648,convenience_first,29,18134.92,tier_2,tmall,home_cleaning,6.1,6.7,7.64,6.14,30.89,1,1,1,1,5,8.88,10,sustainability,sustainability claims need to be more credible,3,Convenience Driven
R001649,quality_first,30,18064.42,tier_1,jd,ready_to_drink,3.34,8.94,8.26,6.69,39.66,0,0,0,1,7,10.0,10,promotion,KOL reviews are useful but need to be authentic,1,Quality Loyalists
R001650,new_explorers,44,11008.21,tier_2,offline_supermarket,home_cleaning,6.89,7.79,6.14,6.82,18.71,1,1,1,1,5,9.5,10,packaging,portable packaging is useful for work and travel,0,High Value Fans
R001651,value_seekers,29,6971.42,tier_2,tmall,healthy_snack,8.76,7.15,7.17,6.12,16.4,1,1,0,0,0,8.77,8,sustainability,sustainability claims need to be more credible,0,High Value Fans
R001652,new_explorers,39,10949.58,tier_1,offline_supermarket,ready_to_drink,8.07,6.19,6.49,6.41,22.9,0,0,0,0,0,7.54,7,price,discount bundles make me more willing to buy,0,High Value Fans
R001653,convenience_first,44,13958.06,tier_1,douyin,healthy_snack,5.13,7.53,8.71,4.99,27.43,0,0,0,1,3,8.44,8,delivery,stockouts make me switch to other brands,3,Convenience Driven
R001654,new_explorers,34,15178.33,tier_1,offline_supermarket,personal_care,7.02,6.55,5.34,6.55,26.17,0,0,0,1,4,8.35,9,packaging,the package design should show product benefits more clearly,0,High Value Fans
R001655,value_seekers,35,14164.14,tier_2,douyin,home_cleaning,9.55,5.75,5.66,5.19,24.94,0,1,1,0,1,5.42,5,quality,quality improvement would make me repurchase more often,2,Value Seekers
R001656,quality_first,32,11263.71,tier_3_plus,jd,ready_to_drink,3.24,8.11,7.69,6.32,37.11,1,1,0,1,1,8.96,9,promotion,membership coupons can increase repeat purchase,1,Quality Loyalists
R001657,value_seekers,24,8271.59,tier_2,private_domain,healthy_snack,9.05,6.77,4.55,4.43,21.52,0,0,0,0,2,5.72,3,delivery,stockouts make me switch to other brands,2,Value Seekers
R001658,new_explorers,37,8370.9,tier_3_plus,tmall,healthy_snack,6.57,6.55,5.23,5.17,20.41,0,1,1,1,4,6.56,5,quality,quality improvement would make me repurchase more often,2,Value Seekers
R001659,quality_first,41,8493.5,tier_2,jd,healthy_snack,5.25,8.07,6.7,6.56,34.17,0,0,0,1,7,10.0,10,packaging,the packaging is convenient but could look more premium,1,Quality Loyalists
R001660,value_seekers,20,2500.0,new_tier_1,private_domain,ready_to_drink,8.27,6.21,6.38,5.63,21.4,1,1,1,1,6,7.21,4,packaging,portable packaging is useful for work and travel,2,Value Seekers
R001661,convenience_first,18,14532.23,new_tier_1,offline_supermarket,ready_to_drink,6.9,6.74,9.42,5.33,21.69,0,0,0,1,5,8.21,6,delivery,stockouts make me switch to other brands,3,Convenience Driven
R001662,new_explorers,39,11428.06,tier_3_plus,douyin,personal_care,6.25,7.15,6.03,6.62,24.88,1,1,0,0,0,8.46,6,promotion,livestream promotion helps me discover new products,0,High Value Fans
R001663,convenience_first,25,21503.93,tier_3_plus,tmall,ready_to_drink,4.31,6.42,9.01,5.16,31.03,1,1,1,0,2,7.01,5,delivery,delivery speed affects whether I choose the brand,3,Convenience Driven
R001664,value_seekers,33,6627.95,tier_2,xiaohongshu,healthy_snack,8.3,5.07,5.7,4.7,15.68,0,0,0,0,0,6.35,6,promotion,membership coupons can increase repeat purchase,2,Value Seekers
R001665,quality_first,34,9583.14,tier_2,douyin,personal_care,5.06,8.57,6.97,7.68,29.1,0,0,0,0,0,8.11,9,sustainability,low carbon packaging would improve brand impression,1,Quality Loyalists
R001666,convenience_first,19,17712.0,tier_2,douyin,home_cleaning,6.01,6.33,9.06,6.36,30.15,1,0,1,1,4,8.42,9,delivery,stockouts make me switch to other brands,3,Convenience Driven
R001667,quality_first,22,17026.29,tier_1,xiaohongshu,healthy_snack,6.24,8.31,6.58,6.18,29.41,1,1,1,1,3,7.43,7,promotion,KOL reviews are useful but need to be authentic,1,Quality Loyalists
R001668,value_seekers,32,11189.45,tier_1,private_domain,personal_care,8.06,6.6,5.43,4.75,18.2,0,1,1,1,3,9.65,9,promotion,KOL reviews are useful but need to be authentic,0,High Value Fans
R001669,quality_first,33,10645.23,new_tier_1,tmall,healthy_snack,6.78,9.61,6.78,5.94,30.52,1,1,1,0,1,8.17,9,promotion,livestream promotion helps me discover new products,1,Quality Loyalists
R001670,quality_first,35,14919.24,tier_1,douyin,home_cleaning,6.25,10.0,7.39,7.67,33.47,0,0,0,1,4,10.0,8,quality,the product quality is stable and trustworthy,1,Quality Loyalists
R001671,value_seekers,18,9246.57,tier_2,douyin,ready_to_drink,7.77,5.11,6.71,4.2,17.18,0,0,0,0,0,4.64,4,packaging,the packaging is convenient but could look more premium,2,Value Seekers
R001672,convenience_first,32,8293.97,tier_2,offline_supermarket,healthy_snack,6.25,7.28,7.43,4.37,27.75,1,1,1,1,4,9.15,7,delivery,stockouts make me switch to other brands,3,Convenience Driven
R001673,eco_advocates,31,10147.2,tier_2,tmall,healthy_snack,6.54,8.49,5.52,8.56,31.7,1,1,1,1,6,9.84,8,delivery,stockouts make me switch to other brands,4,Eco Advocates
R001674,value_seekers,34,12849.34,new_tier_1,douyin,home_cleaning,8.18,5.82,5.15,4.82,16.65,1,1,1,1,2,6.59,7,price,discount bundles make me more willing to buy,2,Value Seekers
R001675,eco_advocates,34,12852.84,new_tier_1,tmall,healthy_snack,5.41,5.94,6.07,10.0,32.7,1,1,1,1,5,9.15,8,sustainability,low carbon packaging would improve brand impression,4,Eco Advocates
R001676,quality_first,31,28551.05,new_tier_1,tmall,healthy_snack,4.56,8.79,7.3,5.73,39.4,1,1,1,0,1,8.51,8,price,the price feels high without promotion,1,Quality Loyalists
R001677,value_seekers,40,6167.76,tier_3_plus,private_domain,ready_to_drink,9.1,6.66,5.35,5.42,18.73,1,1,1,0,1,6.77,6,delivery,stockouts make me switch to other brands,2,Value Seekers
R001678,convenience_first,36,10116.91,tier_2,xiaohongshu,ready_to_drink,4.09,7.04,9.3,5.29,24.31,0,0,0,0,0,9.52,10,packaging,the packaging is convenient but could look more premium,3,Convenience Driven
R001679,value_seekers,49,12577.21,tier_2,jd,healthy_snack,7.4,7.35,5.57,5.63,12.55,0,1,1,0,0,7.42,9,packaging,the package design should show product benefits more clearly,0,High Value Fans
R001680,quality_first,31,14490.43,tier_1,offline_supermarket,healthy_snack,3.69,9.92,4.92,6.08,37.5,1,1,1,1,1,8.6,8,price,the price feels high without promotion,1,Quality Loyalists
R001681,eco_advocates,23,15790.65,tier_2,private_domain,ready_to_drink,4.96,8.32,5.37,8.5,32.52,1,1,0,1,1,4.75,3,sustainability,I prefer brands with recyclable packaging,2,Value Seekers
R001682,quality_first,37,19171.82,tier_2,jd,ready_to_drink,4.97,9.77,7.4,7.48,35.96,0,1,0,0,0,9.17,9,promotion,KOL reviews are useful but need to be authentic,1,Quality Loyalists
R001683,new_explorers,31,25135.4,tier_1,jd,ready_to_drink,6.63,6.44,6.21,4.54,20.69,1,1,0,1,1,8.52,8,price,discount bundles make me more willing to buy,0,High Value Fans
R001684,quality_first,31,5360.92,tier_3_plus,tmall,home_cleaning,3.44,9.27,7.39,7.62,26.61,1,1,0,0,0,10.0,10,price,I compare price across platforms before purchase,1,Quality Loyalists
R001685,value_seekers,47,4392.62,new_tier_1,douyin,healthy_snack,8.82,7.74,6.27,3.51,11.34,0,0,0,0,0,7.04,7,price,the price feels high without promotion,2,Value Seekers
R001686,convenience_first,34,18653.63,tier_2,douyin,healthy_snack,7.07,6.42,10.0,4.48,29.92,1,1,1,1,5,7.93,9,price,discount bundles make me more willing to buy,3,Convenience Driven
R001687,eco_advocates,28,17630.03,tier_2,jd,ready_to_drink,3.71,8.32,6.97,10.0,30.85,1,1,1,1,5,9.49,10,promotion,KOL reviews are useful but need to be authentic,4,Eco Advocates
R001688,eco_advocates,29,10346.56,tier_3_plus,offline_supermarket,ready_to_drink,6.51,6.94,7.13,8.65,32.24,1,1,1,1,4,8.21,9,quality,quality improvement would make me repurchase more often,4,Eco Advocates
R001689,value_seekers,32,11357.81,tier_3_plus,jd,ready_to_drink,8.61,5.24,7.05,4.18,21.32,1,1,1,1,1,8.64,8,price,I compare price across platforms before purchase,0,High Value Fans
R001690,value_seekers,32,17494.76,tier_3_plus,offline_supermarket,ready_to_drink,8.21,6.08,7.11,3.83,16.52,1,0,0,0,0,7.4,6,sustainability,low carbon packaging would improve brand impression,2,Value Seekers
R001691,quality_first,23,12204.42,tier_1,xiaohongshu,ready_to_drink,5.83,8.63,6.56,6.22,26.22,1,1,1,1,7,10.0,8,quality,I care about ingredients and product safety,1,Quality Loyalists
R001692,quality_first,22,8244.57,tier_2,offline_supermarket,home_cleaning,5.38,7.93,6.84,6.16,28.9,1,1,0,1,6,8.48,8,price,I compare price across platforms before purchase,1,Quality Loyalists
R001693,value_seekers,29,16951.16,tier_3_plus,private_domain,personal_care,8.46,6.6,6.05,5.7,18.46,1,0,0,0,1,6.05,7,delivery,offline availability is not always convenient,2,Value Seekers
R001694,value_seekers,31,13197.23,tier_3_plus,jd,healthy_snack,8.86,5.85,4.47,5.34,14.6,0,1,0,1,4,6.18,7,price,discount bundles make me more willing to buy,2,Value Seekers
R001695,eco_advocates,31,16592.62,tier_2,jd,personal_care,4.59,8.15,6.27,9.8,41.97,0,0,1,1,2,8.19,8,price,I compare price across platforms before purchase,4,Eco Advocates
R001696,quality_first,26,9454.94,tier_1,douyin,home_cleaning,5.19,9.24,6.06,7.88,26.62,1,1,1,1,3,10.0,9,quality,quality improvement would make me repurchase more often,1,Quality Loyalists
R001697,new_explorers,20,6556.8,tier_2,offline_supermarket,healthy_snack,7.38,5.93,6.15,5.32,22.35,1,1,0,0,2,5.82,5,packaging,portable packaging is useful for work and travel,2,Value Seekers
R001698,convenience_first,32,7844.45,tier_1,private_domain,healthy_snack,6.12,6.8,8.14,5.81,24.88,1,1,1,1,5,9.0,8,delivery,offline availability is not always convenient,3,Convenience Driven
R001699,value_seekers,37,19241.95,tier_2,douyin,ready_to_drink,8.01,6.15,7.61,4.16,19.94,1,1,1,1,1,9.74,8,sustainability,low carbon packaging would improve brand impression,0,High Value Fans
R001700,eco_advocates,34,7557.89,tier_1,douyin,home_cleaning,4.54,9.23,6.94,9.27,35.24,0,1,1,1,4,10.0,10,delivery,offline availability is not always convenient,4,Eco Advocates
R001701,value_seekers,30,11517.37,new_tier_1,jd,ready_to_drink,6.12,7.4,5.42,4.81,20.56,1,1,1,1,4,10.0,10,sustainability,sustainability claims need to be more credible,0,High Value Fans
R001702,quality_first,31,30978.64,tier_2,xiaohongshu,ready_to_drink,5.77,9.81,6.96,7.18,38.02,1,0,0,0,1,9.92,10,packaging,portable packaging is useful for work and travel,1,Quality Loyalists
R001703,quality_first,34,18682.97,tier_2,private_domain,healthy_snack,3.87,8.28,7.83,6.09,36.92,1,1,1,1,3,10.0,10,quality,the product quality is stable and trustworthy,1,Quality Loyalists
R001704,value_seekers,21,15604.84,tier_1,xiaohongshu,home_cleaning,8.32,6.16,5.76,4.36,24.74,1,1,1,1,1,5.68,5,promotion,livestream promotion helps me discover new products,2,Value Seekers
R001705,new_explorers,30,11389.73,tier_1,douyin,home_cleaning,5.23,6.83,4.85,6.16,26.51,1,1,1,1,0,9.02,9,quality,I care about ingredients and product safety,0,High Value Fans
R001706,quality_first,51,13215.42,tier_1,jd,personal_care,3.31,8.83,7.88,6.27,29.22,1,1,1,1,5,10.0,9,quality,quality improvement would make me repurchase more often,1,Quality Loyalists
R001707,convenience_first,18,7213.93,tier_1,tmall,healthy_snack,5.85,7.8,7.96,5.63,32.48,1,1,1,1,1,10.0,10,promotion,livestream promotion helps me discover new products,3,Convenience Driven
R001708,value_seekers,40,14117.11,tier_1,private_domain,home_cleaning,7.88,6.89,5.07,5.54,15.82,1,1,0,1,7,6.55,8,price,I compare price across platforms before purchase,0,High Value Fans
R001709,convenience_first,29,12786.33,new_tier_1,jd,home_cleaning,4.41,7.05,8.79,6.63,22.89,1,1,1,1,2,8.8,8,price,I compare price across platforms before purchase,3,Convenience Driven
R001710,eco_advocates,41,14785.82,new_tier_1,douyin,personal_care,5.18,7.99,6.51,9.9,33.56,0,1,1,1,7,8.85,10,promotion,membership coupons can increase repeat purchase,4,Eco Advocates
R001711,value_seekers,38,6236.05,tier_1,xiaohongshu,home_cleaning,8.04,6.31,5.64,4.32,14.38,1,1,0,1,4,6.6,8,delivery,delivery speed affects whether I choose the brand,0,High Value Fans
R001712,quality_first,42,14358.98,tier_2,jd,healthy_snack,3.84,10.0,7.0,5.44,34.06,0,0,1,1,4,9.89,10,promotion,membership coupons can increase repeat purchase,1,Quality Loyalists
R001713,convenience_first,27,11527.63,tier_2,xiaohongshu,personal_care,5.62,6.38,8.36,5.05,28.53,0,0,1,1,4,8.88,10,packaging,portable packaging is useful for work and travel,3,Convenience Driven
R001714,value_seekers,20,4884.95,tier_2,offline_supermarket,ready_to_drink,8.42,6.01,5.45,4.98,18.23,0,0,0,0,1,5.91,4,price,I compare price across platforms before purchase,2,Value Seekers
R001715,convenience_first,24,11171.77,tier_1,douyin,home_cleaning,5.9,6.56,8.19,5.89,23.81,0,0,1,1,6,8.95,9,delivery,delivery speed affects whether I choose the brand,3,Convenience Driven
R001716,new_explorers,31,4788.22,tier_3_plus,jd,ready_to_drink,6.38,5.61,5.66,5.7,18.74,1,1,1,1,6,6.73,8,price,I compare price across platforms before purchase,0,High Value Fans
R001717,eco_advocates,28,10224.03,new_tier_1,tmall,personal_care,5.69,8.83,6.83,8.5,27.34,1,1,0,1,1,9.44,8,quality,I care about ingredients and product safety,4,Eco Advocates
R001718,convenience_first,38,11943.07,new_tier_1,douyin,healthy_snack,6.79,7.35,9.01,4.69,24.82,1,0,0,0,0,5.31,6,promotion,membership coupons can increase repeat purchase,2,Value Seekers
R001719,value_seekers,35,5326.47,tier_2,tmall,personal_care,7.94,5.66,3.71,6.88,17.94,1,1,1,0,2,6.31,5,packaging,the package design should show product benefits more clearly,2,Value Seekers
R001720,value_seekers,25,7866.34,new_tier_1,offline_supermarket,healthy_snack,9.65,6.08,6.06,5.23,15.5,0,0,0,0,0,7.96,6,promotion,KOL reviews are useful but need to be authentic,2,Value Seekers
R001721,new_explorers,28,19175.23,new_tier_1,private_domain,personal_care,5.42,5.82,7.19,7.45,25.14,0,1,1,1,4,6.38,7,quality,quality improvement would make me repurchase more often,0,High Value Fans
R001722,eco_advocates,18,12547.96,tier_2,private_domain,healthy_snack,4.5,6.5,5.61,10.0,39.86,1,1,1,1,4,9.12,10,sustainability,sustainability claims need to be more credible,4,Eco Advocates
R001723,eco_advocates,33,14296.44,tier_1,offline_supermarket,healthy_snack,5.84,8.5,6.35,7.69,41.6,1,1,0,0,0,9.6,9,packaging,the packaging is convenient but could look more premium,4,Eco Advocates
R001724,quality_first,32,17001.81,new_tier_1,offline_supermarket,ready_to_drink,3.82,8.28,6.7,7.11,34.48,1,0,0,0,2,9.45,9,quality,the product quality is stable and trustworthy,1,Quality Loyalists
R001725,value_seekers,33,12442.91,new_tier_1,douyin,healthy_snack,10.0,6.53,4.77,6.09,14.15,0,1,1,1,3,6.61,6,price,I compare price across platforms before purchase,2,Value Seekers
R001726,convenience_first,19,9665.94,new_tier_1,jd,ready_to_drink,4.86,7.08,9.27,4.43,25.61,1,1,1,1,7,8.59,9,packaging,the packaging is convenient but could look more premium,3,Convenience Driven
R001727,convenience_first,21,9149.68,tier_1,tmall,home_cleaning,5.47,7.94,8.31,5.71,27.66,0,1,1,1,3,9.58,9,price,discount bundles make me more willing to buy,3,Convenience Driven
R001728,value_seekers,42,10789.76,new_tier_1,offline_supermarket,personal_care,7.74,5.56,5.44,5.53,17.93,1,1,1,0,0,5.52,4,sustainability,I prefer brands with recyclable packaging,2,Value Seekers
R001729,quality_first,30,6592.45,tier_2,jd,healthy_snack,4.61,9.04,6.18,5.75,30.06,1,1,0,1,3,8.3,7,promotion,livestream promotion helps me discover new products,1,Quality Loyalists
R001730,convenience_first,34,12045.42,tier_2,douyin,ready_to_drink,6.06,6.84,9.01,5.95,31.52,1,1,1,1,5,10.0,10,delivery,delivery speed affects whether I choose the brand,3,Convenience Driven
R001731,value_seekers,43,11235.45,new_tier_1,jd,healthy_snack,8.58,6.97,6.82,4.89,21.61,0,0,0,0,1,6.67,5,quality,the product quality is stable and trustworthy,2,Value Seekers
R001732,quality_first,35,5867.56,tier_1,douyin,ready_to_drink,6.13,10.0,5.04,5.3,26.24,1,1,1,1,4,10.0,10,promotion,livestream promotion helps me discover new products,1,Quality Loyalists
R001733,value_seekers,25,14389.51,tier_2,douyin,personal_care,8.16,6.41,6.21,5.96,21.38,1,1,1,1,4,7.85,9,packaging,the package design should show product benefits more clearly,0,High Value Fans
R001734,eco_advocates,26,7361.06,tier_1,tmall,ready_to_drink,4.69,6.0,6.29,8.41,34.8,1,1,1,1,5,8.21,7,packaging,the packaging is convenient but could look more premium,4,Eco Advocates
R001735,quality_first,23,6490.22,tier_2,private_domain,home_cleaning,5.7,8.09,7.06,6.46,31.13,1,0,1,1,1,7.69,8,price,I compare price across platforms before purchase,1,Quality Loyalists
R001736,convenience_first,30,6149.07,new_tier_1,douyin,ready_to_drink,4.78,6.51,9.2,5.18,30.36,1,1,1,1,3,10.0,10,delivery,delivery speed affects whether I choose the brand,3,Convenience Driven
R001737,quality_first,33,12158.16,new_tier_1,private_domain,home_cleaning,7.3,8.99,7.6,6.25,33.7,1,1,0,0,1,7.84,7,delivery,delivery speed affects whether I choose the brand,1,Quality Loyalists
R001738,quality_first,55,14047.36,tier_3_plus,xiaohongshu,ready_to_drink,3.73,8.6,7.14,7.82,29.23,0,1,0,0,0,9.26,10,quality,the product quality is stable and trustworthy,1,Quality Loyalists
R001739,value_seekers,27,11797.48,tier_3_plus,private_domain,personal_care,8.48,5.65,4.98,4.71,18.78,1,1,1,1,1,7.14,9,price,I compare price across platforms before purchase,0,High Value Fans
R001740,quality_first,26,6866.22,tier_1,offline_supermarket,healthy_snack,5.57,8.86,7.1,6.09,37.11,1,1,1,1,4,10.0,10,quality,the product quality is stable and trustworthy,1,Quality Loyalists
R001741,new_explorers,20,3770.91,tier_3_plus,jd,personal_care,7.15,6.63,7.26,5.88,15.06,0,0,0,0,0,6.79,6,quality,the product quality is stable and trustworthy,2,Value Seekers
R001742,eco_advocates,28,10251.26,new_tier_1,xiaohongshu,ready_to_drink,4.53,6.32,6.54,9.29,37.86,1,1,1,1,1,9.82,10,promotion,membership coupons can increase repeat purchase,4,Eco Advocates
R001743,convenience_first,25,8352.67,tier_3_plus,private_domain,healthy_snack,5.66,5.85,10.0,6.22,24.29,1,1,1,1,2,10.0,10,packaging,portable packaging is useful for work and travel,3,Convenience Driven
R001744,eco_advocates,35,19018.82,tier_2,offline_supermarket,ready_to_drink,5.25,6.5,8.27,7.05,38.64,1,1,1,1,4,8.3,8,quality,quality improvement would make me repurchase more often,3,Convenience Driven
R001745,value_seekers,34,31567.19,new_tier_1,douyin,ready_to_drink,7.42,6.06,4.1,5.17,25.82,0,1,0,0,0,5.89,6,quality,the product quality is stable and trustworthy,2,Value Seekers
R001746,eco_advocates,22,9622.54,new_tier_1,jd,personal_care,5.01,6.66,6.68,9.75,35.07,1,1,0,0,0,7.95,6,sustainability,low carbon packaging would improve brand impression,4,Eco Advocates
R001747,eco_advocates,24,13677.77,tier_2,private_domain,home_cleaning,4.0,8.14,7.29,8.98,37.93,1,1,1,1,7,8.83,8,delivery,offline availability is not always convenient,4,Eco Advocates
R001748,convenience_first,31,9563.6,tier_1,tmall,ready_to_drink,6.71,6.46,8.02,6.17,26.77,1,1,1,1,3,7.98,6,price,I compare price across platforms before purchase,3,Convenience Driven
R001749,new_explorers,39,16918.67,tier_1,douyin,ready_to_drink,5.95,6.76,6.07,5.57,20.73,1,1,1,0,3,9.27,9,delivery,stockouts make me switch to other brands,0,High Value Fans
R001750,value_seekers,18,11320.32,tier_3_plus,jd,personal_care,8.83,4.85,5.94,4.47,15.6,0,0,0,0,0,6.17,4,promotion,KOL reviews are useful but need to be authentic,2,Value Seekers
R001751,value_seekers,37,16830.9,tier_2,douyin,ready_to_drink,7.22,5.47,6.33,5.14,20.51,1,1,1,1,6,10.0,10,quality,quality improvement would make me repurchase more often,0,High Value Fans
R001752,new_explorers,20,9171.25,tier_2,jd,ready_to_drink,5.67,6.85,5.93,6.95,22.75,1,0,0,0,1,9.41,7,quality,quality improvement would make me repurchase more often,0,High Value Fans
R001753,quality_first,27,15400.6,tier_2,tmall,healthy_snack,4.99,8.09,5.04,5.63,29.34,1,1,1,1,2,7.76,7,quality,quality improvement would make me repurchase more often,1,Quality Loyalists
R001754,new_explorers,18,19833.46,tier_3_plus,jd,ready_to_drink,6.51,5.79,5.99,5.81,28.32,1,1,1,0,0,7.17,7,promotion,membership coupons can increase repeat purchase,0,High Value Fans
R001755,quality_first,39,15016.37,tier_3_plus,tmall,healthy_snack,4.93,9.89,6.98,6.47,30.66,0,0,1,1,3,10.0,10,quality,quality improvement would make me repurchase more often,1,Quality Loyalists
R001756,quality_first,42,13384.86,new_tier_1,jd,home_cleaning,4.67,8.73,6.68,5.58,27.22,0,1,1,1,0,10.0,10,price,discount bundles make me more willing to buy,1,Quality Loyalists
R001757,eco_advocates,30,11527.81,new_tier_1,offline_supermarket,personal_care,6.01,7.53,5.51,8.5,34.2,0,0,0,0,0,6.04,5,sustainability,sustainability claims need to be more credible,4,Eco Advocates
R001758,quality_first,46,11315.23,tier_3_plus,douyin,home_cleaning,4.8,7.96,7.8,8.42,32.9,1,1,1,1,1,9.67,9,quality,I care about ingredients and product safety,4,Eco Advocates
R001759,value_seekers,33,12075.38,new_tier_1,tmall,personal_care,8.52,6.1,5.94,4.5,12.37,1,1,1,0,3,4.1,4,quality,quality improvement would make me repurchase more often,2,Value Seekers
R001760,quality_first,33,10266.76,tier_3_plus,douyin,ready_to_drink,2.61,7.31,6.05,6.34,32.62,0,0,0,1,2,10.0,10,promotion,membership coupons can increase repeat purchase,1,Quality Loyalists
R001761,value_seekers,25,8725.67,new_tier_1,private_domain,ready_to_drink,9.23,6.46,5.35,4.86,16.41,0,1,1,1,8,6.63,5,promotion,membership coupons can increase repeat purchase,2,Value Seekers
R001762,new_explorers,27,12224.24,tier_1,douyin,healthy_snack,5.87,6.55,5.62,6.51,20.58,1,1,1,1,6,9.49,10,delivery,stockouts make me switch to other brands,0,High Value Fans
R001763,eco_advocates,26,11308.98,tier_2,private_domain,personal_care,4.39,7.76,6.38,8.17,37.63,1,1,0,1,2,10.0,10,quality,the product quality is stable and trustworthy,4,Eco Advocates
R001764,value_seekers,31,8419.65,new_tier_1,douyin,personal_care,7.91,6.37,5.7,5.75,13.8,1,1,1,1,5,8.13,7,price,discount bundles make me more willing to buy,0,High Value Fans
R001765,quality_first,39,23837.67,tier_2,jd,home_cleaning,4.49,9.18,6.92,4.75,32.82,1,1,1,0,0,8.72,6,delivery,offline availability is not always convenient,1,Quality Loyalists
R001766,eco_advocates,32,7491.8,tier_2,offline_supermarket,ready_to_drink,5.84,5.49,7.07,8.47,26.46,1,1,1,1,4,9.87,8,sustainability,sustainability claims need to be more credible,4,Eco Advocates
R001767,value_seekers,24,5643.69,tier_1,douyin,ready_to_drink,10.0,7.03,6.77,5.7,22.29,0,0,0,0,0,6.5,5,delivery,stockouts make me switch to other brands,2,Value Seekers
R001768,value_seekers,40,14044.29,tier_1,douyin,ready_to_drink,8.75,5.29,6.51,5.19,13.76,1,1,0,1,1,8.49,8,price,I compare price across platforms before purchase,0,High Value Fans
R001769,value_seekers,36,7016.89,tier_2,offline_supermarket,personal_care,7.53,4.99,6.69,5.22,17.2,1,1,1,1,6,5.98,4,price,discount bundles make me more willing to buy,2,Value Seekers
R001770,new_explorers,48,6935.25,new_tier_1,tmall,healthy_snack,7.25,7.49,6.06,5.7,24.23,1,1,1,1,4,7.99,8,promotion,membership coupons can increase repeat purchase,0,High Value Fans
R001771,quality_first,26,15854.09,new_tier_1,douyin,healthy_snack,4.2,10.0,6.88,5.76,37.25,1,1,1,1,4,10.0,10,packaging,the packaging is convenient but could look more premium,1,Quality Loyalists
R001772,value_seekers,38,12882.01,tier_3_plus,offline_supermarket,personal_care,8.99,6.61,5.04,3.37,15.87,1,1,1,1,3,6.44,7,price,discount bundles make me more willing to buy,2,Value Seekers
R001773,value_seekers,43,9087.65,tier_1,douyin,ready_to_drink,8.27,4.71,6.05,4.64,24.85,0,0,0,0,0,4.77,6,delivery,delivery speed affects whether I choose the brand,2,Value Seekers
R001774,value_seekers,30,4727.99,tier_2,tmall,personal_care,9.46,5.59,5.01,5.81,15.04,1,1,0,0,2,5.76,6,delivery,offline availability is not always convenient,2,Value Seekers
R001775,convenience_first,29,7338.85,tier_2,douyin,healthy_snack,6.0,6.67,9.4,4.53,28.06,1,1,1,1,2,7.35,6,promotion,livestream promotion helps me discover new products,3,Convenience Driven
R001776,value_seekers,34,6593.12,tier_3_plus,jd,ready_to_drink,9.56,6.77,6.31,5.73,19.73,0,1,0,0,0,7.8,7,quality,the product quality is stable and trustworthy,2,Value Seekers
R001777,convenience_first,30,4742.49,new_tier_1,xiaohongshu,healthy_snack,6.09,6.57,8.35,6.45,22.81,0,0,0,0,0,8.01,8,delivery,delivery speed affects whether I choose the brand,3,Convenience Driven
R001778,new_explorers,38,20001.19,tier_2,tmall,healthy_snack,6.45,6.92,5.35,5.59,19.62,1,1,0,0,0,6.47,6,price,discount bundles make me more willing to buy,2,Value Seekers
R001779,convenience_first,39,10959.66,tier_3_plus,tmall,personal_care,5.45,5.47,8.37,5.05,22.78,1,0,0,1,1,7.05,6,delivery,delivery speed affects whether I choose the brand,3,Convenience Driven
R001780,value_seekers,37,8327.11,tier_1,tmall,personal_care,9.49,5.56,6.51,5.13,17.4,1,1,1,1,3,7.86,7,promotion,livestream promotion helps me discover new products,0,High Value Fans
R001781,value_seekers,29,11758.65,new_tier_1,tmall,personal_care,8.1,6.37,4.83,4.52,18.94,1,1,0,0,1,6.74,7,price,I compare price across platforms before purchase,2,Value Seekers
R001782,quality_first,33,10196.27,new_tier_1,jd,healthy_snack,5.01,8.38,6.5,6.13,31.53,0,1,0,0,0,9.77,8,quality,I care about ingredients and product safety,1,Quality Loyalists
R001783,quality_first,34,10503.63,new_tier_1,private_domain,healthy_snack,4.61,7.82,7.03,5.86,33.62,0,0,0,1,5,10.0,10,quality,quality improvement would make me repurchase more often,1,Quality Loyalists
R001784,value_seekers,33,9468.26,tier_1,offline_supermarket,home_cleaning,7.58,7.37,5.08,4.88,17.99,0,0,1,0,2,6.45,6,promotion,membership coupons can increase repeat purchase,2,Value Seekers
R001785,value_seekers,36,6274.48,new_tier_1,xiaohongshu,ready_to_drink,7.12,7.8,5.45,6.76,21.85,1,1,0,0,0,5.71,5,price,I compare price across platforms before purchase,2,Value Seekers
R001786,eco_advocates,28,11370.8,tier_1,offline_supermarket,ready_to_drink,6.33,5.65,7.22,7.63,32.47,1,1,0,0,1,6.48,6,promotion,KOL reviews are useful but need to be authentic,2,Value Seekers
R001787,convenience_first,32,13613.93,tier_3_plus,tmall,healthy_snack,5.16,6.67,8.07,5.45,24.45,1,1,1,1,4,8.64,9,quality,quality improvement would make me repurchase more often,3,Convenience Driven
R001788,eco_advocates,31,15781.32,tier_1,xiaohongshu,home_cleaning,4.71,6.96,7.25,9.24,40.1,1,1,0,1,6,9.77,9,sustainability,low carbon packaging would improve brand impression,4,Eco Advocates
R001789,quality_first,29,9452.14,tier_2,tmall,healthy_snack,5.34,8.38,6.62,7.51,33.39,0,0,1,1,5,9.97,10,quality,the product quality is stable and trustworthy,1,Quality Loyalists
R001790,value_seekers,41,4942.45,tier_2,private_domain,home_cleaning,6.75,5.87,6.07,4.77,13.92,1,1,1,1,0,8.24,8,price,the price feels high without promotion,0,High Value Fans
R001791,convenience_first,45,11517.83,tier_1,douyin,healthy_snack,4.68,6.98,8.31,4.8,27.72,0,1,0,1,1,10.0,8,sustainability,sustainability claims need to be more credible,3,Convenience Driven
R001792,quality_first,45,12537.4,tier_1,private_domain,personal_care,5.02,9.92,6.71,6.57,33.65,1,1,0,0,1,9.75,10,packaging,the package design should show product benefits more clearly,1,Quality Loyalists
R001793,quality_first,33,8556.02,tier_2,douyin,ready_to_drink,4.74,8.92,4.88,7.57,39.54,0,1,1,1,3,10.0,9,quality,quality improvement would make me repurchase more often,1,Quality Loyalists
R001794,eco_advocates,22,10396.84,new_tier_1,xiaohongshu,healthy_snack,3.67,8.09,5.73,8.12,32.67,1,1,0,1,3,10.0,10,price,discount bundles make me more willing to buy,4,Eco Advocates
R001795,new_explorers,23,18775.19,tier_1,private_domain,ready_to_drink,4.99,7.0,6.12,5.96,25.38,0,1,0,0,0,9.48,9,packaging,the packaging is convenient but could look more premium,1,Quality Loyalists
R001796,eco_advocates,31,15732.27,new_tier_1,jd,healthy_snack,4.48,8.04,6.39,9.68,31.46,1,1,0,0,0,7.74,7,promotion,membership coupons can increase repeat purchase,4,Eco Advocates
R001797,new_explorers,29,11469.92,tier_1,offline_supermarket,personal_care,6.23,8.68,6.42,6.66,29.98,1,1,1,1,4,10.0,10,sustainability,low carbon packaging would improve brand impression,1,Quality Loyalists
R001798,convenience_first,25,6474.29,tier_1,douyin,healthy_snack,5.73,6.97,8.93,5.4,25.15,0,0,0,0,0,8.64,10,delivery,offline availability is not always convenient,3,Convenience Driven
R001799,value_seekers,45,14066.61,new_tier_1,tmall,ready_to_drink,8.71,6.7,7.11,3.17,21.03,1,1,1,1,7,7.18,8,delivery,delivery speed affects whether I choose the brand,0,High Value Fans
R001800,eco_advocates,24,6538.47,tier_3_plus,jd,ready_to_drink,5.06,8.17,6.99,7.44,31.13,0,1,1,1,3,8.84,10,sustainability,low carbon packaging would improve brand impression,1,Quality Loyalists
R001801,eco_advocates,19,6915.89,new_tier_1,private_domain,healthy_snack,6.52,6.9,7.54,8.75,26.24,0,1,1,1,1,9.2,10,promotion,membership coupons can increase repeat purchase,4,Eco Advocates
R001802,value_seekers,42,10532.23,tier_2,offline_supermarket,ready_to_drink,8.21,5.12,6.9,5.16,15.74,0,0,0,0,0,6.94,8,delivery,delivery speed affects whether I choose the brand,2,Value Seekers
R001803,new_explorers,28,4175.04,tier_2,douyin,healthy_snack,7.23,6.93,6.37,5.13,23.68,1,1,0,1,7,7.37,7,quality,I care about ingredients and product safety,0,High Value Fans
R001804,new_explorers,36,15196.18,tier_3_plus,jd,ready_to_drink,6.41,8.06,4.15,5.0,21.49,0,0,0,1,1,8.09,9,promotion,KOL reviews are useful but need to be authentic,0,High Value Fans
R001805,quality_first,30,16830.45,new_tier_1,douyin,ready_to_drink,6.21,10.0,6.97,7.35,28.65,1,1,0,1,5,10.0,10,promotion,membership coupons can increase repeat purchase,1,Quality Loyalists
R001806,quality_first,36,12092.86,new_tier_1,xiaohongshu,personal_care,4.64,7.49,7.2,5.32,28.47,1,1,1,1,5,8.16,7,price,I compare price across platforms before purchase,3,Convenience Driven
R001807,quality_first,18,12743.59,tier_3_plus,tmall,home_cleaning,3.89,7.81,5.32,6.66,26.97,1,1,0,1,2,8.63,8,quality,the product quality is stable and trustworthy,1,Quality Loyalists
R001808,convenience_first,29,4138.06,tier_2,xiaohongshu,home_cleaning,5.57,7.12,8.37,5.03,30.06,1,1,0,1,2,9.32,8,packaging,the packaging is convenient but could look more premium,3,Convenience Driven
R001809,value_seekers,32,19464.2,tier_2,jd,healthy_snack,8.87,6.61,4.84,5.63,19.95,1,1,0,1,2,8.01,7,promotion,KOL reviews are useful but need to be authentic,0,High Value Fans
R001810,value_seekers,35,6849.43,tier_2,offline_supermarket,ready_to_drink,8.71,7.53,5.14,4.8,17.24,1,1,1,1,2,8.27,8,packaging,portable packaging is useful for work and travel,0,High Value Fans
R001811,new_explorers,27,14865.61,tier_2,private_domain,healthy_snack,8.02,6.47,7.97,6.03,24.05,0,0,0,0,0,7.99,9,delivery,offline availability is not always convenient,0,High Value Fans
R001812,convenience_first,37,7006.02,tier_2,tmall,ready_to_drink,4.31,7.17,8.63,5.3,23.17,1,1,1,1,4,9.37,10,price,I compare price across platforms before purchase,3,Convenience Driven
R001813,new_explorers,40,6672.29,tier_2,douyin,ready_to_drink,8.0,7.13,7.62,5.92,25.45,0,1,1,1,6,8.41,10,price,discount bundles make me more willing to buy,3,Convenience Driven
R001814,convenience_first,35,13065.01,tier_3_plus,douyin,personal_care,5.37,7.54,9.64,5.0,31.08,1,1,1,1,3,8.1,8,delivery,offline availability is not always convenient,3,Convenience Driven
R001815,quality_first,38,15690.95,tier_3_plus,xiaohongshu,home_cleaning,5.33,9.34,6.13,6.87,37.98,1,1,1,1,2,8.58,8,quality,the product quality is stable and trustworthy,1,Quality Loyalists
R001816,eco_advocates,22,8476.23,new_tier_1,douyin,ready_to_drink,5.99,6.84,7.79,6.6,36.58,0,0,0,0,0,6.95,7,sustainability,sustainability claims need to be more credible,3,Convenience Driven
R001817,value_seekers,28,18245.24,tier_3_plus,douyin,personal_care,9.08,6.82,6.7,4.81,23.68,1,1,0,0,0,5.21,7,promotion,membership coupons can increase repeat purchase,2,Value Seekers
R001818,new_explorers,42,9736.21,new_tier_1,douyin,home_cleaning,7.09,6.62,5.61,7.91,20.67,0,0,0,0,0,6.83,5,packaging,the package design should show product benefits more clearly,2,Value Seekers
R001819,quality_first,38,11810.17,tier_1,xiaohongshu,healthy_snack,5.98,8.17,7.31,7.09,34.17,1,1,1,1,1,9.45,10,sustainability,sustainability claims need to be more credible,1,Quality Loyalists
R001820,quality_first,18,13755.5,tier_2,tmall,healthy_snack,5.11,9.2,7.42,6.45,35.79,0,1,1,1,1,10.0,10,quality,I care about ingredients and product safety,1,Quality Loyalists
R001821,convenience_first,26,18652.91,tier_3_plus,douyin,ready_to_drink,6.61,7.37,9.03,6.12,24.47,1,1,1,1,1,10.0,10,delivery,stockouts make me switch to other brands,3,Convenience Driven
R001822,quality_first,43,3169.14,tier_2,douyin,ready_to_drink,4.61,8.96,5.28,6.57,29.69,1,1,1,1,5,10.0,10,promotion,membership coupons can increase repeat purchase,1,Quality Loyalists
R001823,quality_first,23,5952.71,tier_2,xiaohongshu,healthy_snack,4.62,8.82,8.5,5.09,36.45,1,1,1,1,2,10.0,10,quality,quality improvement would make me repurchase more often,1,Quality Loyalists
R001824,quality_first,30,8719.1,new_tier_1,offline_supermarket,healthy_snack,4.46,9.26,6.43,4.52,36.13,1,1,1,0,1,8.49,7,quality,quality improvement would make me repurchase more often,1,Quality Loyalists
R001825,value_seekers,19,12349.09,tier_2,jd,personal_care,9.18,5.83,5.85,4.24,20.38,1,0,1,1,4,5.46,5,price,I compare price across platforms before purchase,2,Value Seekers
R001826,convenience_first,35,9726.55,tier_1,douyin,home_cleaning,3.25,6.68,8.49,4.82,31.36,1,1,1,0,1,8.14,8,sustainability,low carbon packaging would improve brand impression,3,Convenience Driven
R001827,convenience_first,36,7543.71,tier_3_plus,douyin,ready_to_drink,6.51,8.58,9.8,6.7,31.64,1,1,1,1,4,8.65,9,delivery,offline availability is not always convenient,3,Convenience Driven
R001828,quality_first,41,3573.85,tier_3_plus,tmall,personal_care,4.85,9.35,8.02,6.38,32.26,1,1,1,1,2,10.0,9,promotion,membership coupons can increase repeat purchase,1,Quality Loyalists
R001829,quality_first,37,10138.69,tier_3_plus,private_domain,personal_care,3.95,8.63,6.84,5.48,33.16,1,1,1,1,4,10.0,10,delivery,delivery speed affects whether I choose the brand,1,Quality Loyalists
R001830,value_seekers,20,16491.06,new_tier_1,douyin,home_cleaning,8.87,4.08,5.57,4.49,21.74,1,1,1,0,1,6.94,7,price,discount bundles make me more willing to buy,2,Value Seekers
R001831,quality_first,23,5857.3,new_tier_1,tmall,ready_to_drink,6.07,9.28,7.48,5.9,26.99,0,1,1,1,3,9.62,9,quality,I care about ingredients and product safety,1,Quality Loyalists
R001832,eco_advocates,31,8550.65,tier_1,jd,healthy_snack,4.64,6.79,7.22,9.7,32.98,1,1,1,1,5,10.0,9,sustainability,low carbon packaging would improve brand impression,4,Eco Advocates
R001833,quality_first,30,6740.45,tier_1,jd,ready_to_drink,5.99,10.0,6.92,6.98,36.93,1,1,0,0,1,10.0,10,quality,I care about ingredients and product safety,1,Quality Loyalists
R001834,value_seekers,30,10725.41,tier_2,tmall,personal_care,8.97,7.19,6.93,5.12,15.36,0,0,0,1,2,8.45,10,packaging,the packaging is convenient but could look more premium,0,High Value Fans
R001835,value_seekers,24,16189.05,tier_2,jd,ready_to_drink,8.03,6.14,4.45,5.57,23.86,1,1,1,1,1,5.99,6,packaging,the package design should show product benefits more clearly,2,Value Seekers
R001836,quality_first,37,13098.68,tier_1,xiaohongshu,healthy_snack,4.17,8.47,5.49,5.59,36.81,0,0,0,1,5,10.0,10,price,the price feels high without promotion,1,Quality Loyalists
R001837,quality_first,42,5683.1,tier_2,offline_supermarket,personal_care,4.72,9.75,8.51,5.01,34.69,0,1,1,1,1,10.0,9,quality,quality improvement would make me repurchase more often,1,Quality Loyalists
R001838,quality_first,21,22781.96,tier_2,offline_supermarket,healthy_snack,3.95,7.53,5.58,4.92,28.9,1,0,0,0,0,8.63,10,delivery,delivery speed affects whether I choose the brand,1,Quality Loyalists
R001839,convenience_first,27,11701.09,tier_2,private_domain,healthy_snack,5.6,5.94,9.57,6.52,24.72,1,0,0,0,0,7.45,8,price,the price feels high without promotion,3,Convenience Driven
R001840,quality_first,32,3385.25,new_tier_1,douyin,ready_to_drink,6.72,9.69,7.92,6.97,31.03,1,1,1,1,6,9.93,10,promotion,KOL reviews are useful but need to be authentic,1,Quality Loyalists
R001841,quality_first,37,9976.7,tier_1,douyin,healthy_snack,5.06,8.93,7.37,6.62,35.29,1,1,0,0,0,8.99,9,promotion,KOL reviews are useful but need to be authentic,1,Quality Loyalists
R001842,quality_first,33,9340.2,tier_2,douyin,home_cleaning,6.14,8.72,6.36,6.14,29.13,1,1,0,1,1,8.63,9,quality,quality improvement would make me repurchase more often,1,Quality Loyalists
R001843,convenience_first,34,5437.39,tier_2,tmall,ready_to_drink,7.21,7.65,9.37,5.07,30.76,1,1,1,1,8,8.4,6,quality,I care about ingredients and product safety,3,Convenience Driven
R001844,value_seekers,25,10826.01,new_tier_1,offline_supermarket,personal_care,9.4,6.48,6.09,6.98,24.29,1,1,1,1,6,8.29,7,quality,I care about ingredients and product safety,0,High Value Fans
R001845,eco_advocates,26,10137.02,tier_1,private_domain,healthy_snack,3.75,8.71,8.16,9.31,26.59,0,0,0,0,0,7.82,8,quality,I care about ingredients and product safety,4,Eco Advocates
R001846,eco_advocates,37,11378.84,tier_1,tmall,personal_care,5.1,6.07,6.2,8.72,36.89,1,1,1,0,0,7.0,7,promotion,KOL reviews are useful but need to be authentic,4,Eco Advocates
R001847,quality_first,41,9171.61,new_tier_1,private_domain,healthy_snack,4.42,8.59,6.94,6.6,28.04,1,1,1,1,4,9.77,7,quality,I care about ingredients and product safety,1,Quality Loyalists
R001848,value_seekers,52,8055.2,tier_1,offline_supermarket,home_cleaning,8.64,6.73,4.14,4.03,20.32,0,1,0,1,3,6.65,8,price,I compare price across platforms before purchase,0,High Value Fans
R001849,eco_advocates,41,4306.02,tier_3_plus,douyin,healthy_snack,6.72,7.69,6.15,9.27,28.69,0,0,0,1,3,9.14,9,sustainability,sustainability claims need to be more credible,4,Eco Advocates
R001850,convenience_first,34,11051.25,tier_3_plus,douyin,ready_to_drink,3.62,5.93,10.0,4.91,32.5,0,0,0,0,0,8.13,7,delivery,offline availability is not always convenient,3,Convenience Driven
R001851,eco_advocates,28,4345.56,tier_3_plus,douyin,ready_to_drink,5.48,8.56,7.15,8.43,34.34,0,0,0,1,2,10.0,9,sustainability,low carbon packaging would improve brand impression,4,Eco Advocates
R001852,value_seekers,32,6537.56,tier_2,xiaohongshu,personal_care,8.84,6.23,6.53,4.49,20.05,1,1,1,1,3,8.42,8,quality,I care about ingredients and product safety,0,High Value Fans
R001853,convenience_first,24,18122.27,tier_3_plus,tmall,ready_to_drink,5.55,7.25,8.06,5.91,28.48,0,0,0,0,0,8.72,9,delivery,offline availability is not always convenient,3,Convenience Driven
R001854,quality_first,29,15883.89,tier_1,tmall,ready_to_drink,4.09,9.36,7.0,6.5,31.44,0,1,1,1,0,8.71,9,quality,I care about ingredients and product safety,1,Quality Loyalists
R001855,value_seekers,40,9219.23,new_tier_1,tmall,healthy_snack,8.94,7.75,4.87,5.71,18.95,0,0,0,1,1,8.53,10,price,discount bundles make me more willing to buy,0,High Value Fans
R001856,convenience_first,33,9900.14,new_tier_1,tmall,healthy_snack,5.33,6.32,7.43,5.92,23.67,0,0,0,0,0,8.08,7,quality,the product quality is stable and trustworthy,3,Convenience Driven
R001857,convenience_first,37,29009.56,new_tier_1,tmall,personal_care,5.19,7.5,9.13,4.03,32.87,1,1,1,0,2,8.36,9,delivery,offline availability is not always convenient,3,Convenience Driven
R001858,eco_advocates,18,7106.9,tier_1,douyin,ready_to_drink,4.77,5.83,8.8,8.8,28.45,1,1,1,1,3,9.26,10,promotion,KOL reviews are useful but need to be authentic,4,Eco Advocates
R001859,quality_first,36,11889.55,tier_3_plus,jd,healthy_snack,5.75,8.86,5.23,6.38,30.96,0,0,0,1,3,9.72,9,quality,the product quality is stable and trustworthy,1,Quality Loyalists
R001860,quality_first,24,10744.19,tier_2,offline_supermarket,ready_to_drink,4.48,7.28,5.85,6.18,33.17,0,1,1,1,0,8.91,6,delivery,offline availability is not always convenient,1,Quality Loyalists
R001861,value_seekers,36,5263.86,new_tier_1,private_domain,home_cleaning,8.9,5.72,7.1,5.2,15.91,1,1,0,0,1,5.94,4,delivery,offline availability is not always convenient,2,Value Seekers
R001862,quality_first,29,6717.26,new_tier_1,douyin,healthy_snack,6.53,7.24,6.22,7.25,34.69,0,1,1,1,1,7.93,6,price,discount bundles make me more willing to buy,4,Eco Advocates
R001863,quality_first,33,12361.14,new_tier_1,tmall,personal_care,5.82,8.72,7.05,7.73,34.76,1,1,1,1,2,8.4,7,price,the price feels high without promotion,4,Eco Advocates
R001864,value_seekers,28,8032.23,tier_1,tmall,personal_care,8.2,7.12,5.61,4.0,19.67,1,1,1,0,0,5.46,4,promotion,KOL reviews are useful but need to be authentic,2,Value Seekers
R001865,new_explorers,34,7458.71,tier_1,xiaohongshu,healthy_snack,7.06,5.86,7.13,5.14,19.42,1,1,1,1,4,7.71,8,packaging,the packaging is convenient but could look more premium,0,High Value Fans
R001866,eco_advocates,25,12099.21,tier_2,tmall,home_cleaning,5.28,7.19,6.11,9.16,33.78,0,0,0,0,0,10.0,10,sustainability,sustainability claims need to be more credible,4,Eco Advocates
R001867,eco_advocates,18,11280.51,tier_1,tmall,personal_care,5.56,6.79,5.99,8.91,31.27,0,0,1,1,3,9.0,8,quality,quality improvement would make me repurchase more often,4,Eco Advocates
R001868,quality_first,22,7397.39,tier_2,jd,healthy_snack,5.27,9.81,8.68,6.72,23.86,0,0,1,1,6,10.0,10,price,the price feels high without promotion,1,Quality Loyalists
R001869,quality_first,45,8626.9,tier_1,douyin,home_cleaning,5.12,8.54,6.5,7.67,29.48,1,1,1,1,0,10.0,10,price,I compare price across platforms before purchase,1,Quality Loyalists
R001870,eco_advocates,18,8956.07,new_tier_1,private_domain,ready_to_drink,6.99,7.27,6.26,9.5,29.69,1,1,1,0,2,6.35,6,delivery,offline availability is not always convenient,4,Eco Advocates
R001871,new_explorers,36,7835.68,new_tier_1,tmall,healthy_snack,4.43,7.43,7.08,5.54,25.51,0,0,0,1,6,7.17,8,sustainability,I prefer brands with recyclable packaging,3,Convenience Driven
R001872,eco_advocates,43,9439.98,tier_1,jd,healthy_snack,7.34,7.92,7.63,9.33,30.58,1,1,1,1,3,10.0,9,sustainability,low carbon packaging would improve brand impression,4,Eco Advocates
R001873,value_seekers,30,5127.88,new_tier_1,tmall,ready_to_drink,8.82,6.16,6.02,6.57,22.46,1,1,0,0,0,6.7,7,packaging,the packaging is convenient but could look more premium,2,Value Seekers
R001874,eco_advocates,33,4516.34,tier_2,douyin,home_cleaning,7.16,7.61,6.51,9.67,33.75,1,1,1,1,1,6.77,7,packaging,the packaging is convenient but could look more premium,4,Eco Advocates
R001875,quality_first,20,6188.79,tier_2,offline_supermarket,ready_to_drink,4.59,10.0,5.85,5.5,29.84,1,1,1,0,2,9.93,8,delivery,delivery speed affects whether I choose the brand,1,Quality Loyalists
R001876,value_seekers,29,6819.65,tier_2,offline_supermarket,healthy_snack,6.56,8.09,5.39,5.41,20.05,0,1,1,1,5,6.93,8,price,discount bundles make me more willing to buy,0,High Value Fans
R001877,value_seekers,28,10862.02,tier_2,xiaohongshu,personal_care,7.56,7.47,6.69,4.41,20.59,1,1,0,0,1,6.9,7,promotion,membership coupons can increase repeat purchase,2,Value Seekers
R001878,new_explorers,38,11297.01,tier_2,tmall,home_cleaning,5.96,5.72,4.89,6.91,25.64,1,1,1,1,1,7.31,8,sustainability,sustainability claims need to be more credible,0,High Value Fans
R001879,quality_first,28,13206.51,tier_3_plus,offline_supermarket,healthy_snack,2.76,9.79,7.56,6.63,34.06,0,0,0,1,4,9.74,10,sustainability,I prefer brands with recyclable packaging,1,Quality Loyalists
R001880,eco_advocates,23,24607.31,tier_2,offline_supermarket,ready_to_drink,6.63,8.37,7.0,9.94,33.07,1,1,0,0,0,9.28,9,sustainability,low carbon packaging would improve brand impression,4,Eco Advocates
R001881,quality_first,33,10923.58,tier_1,offline_supermarket,healthy_snack,5.67,9.32,7.41,6.7,36.47,0,1,1,1,1,10.0,8,promotion,membership coupons can increase repeat purchase,1,Quality Loyalists
R001882,value_seekers,33,9001.73,tier_2,xiaohongshu,ready_to_drink,8.66,7.7,6.47,4.5,12.09,1,1,0,0,0,7.41,7,price,discount bundles make me more willing to buy,2,Value Seekers
R001883,convenience_first,38,12138.42,tier_3_plus,douyin,personal_care,6.17,7.07,8.35,3.8,29.18,0,0,0,1,5,10.0,10,quality,I care about ingredients and product safety,3,Convenience Driven
R001884,quality_first,36,9185.86,new_tier_1,offline_supermarket,ready_to_drink,6.01,10.0,6.09,5.95,33.09,0,1,1,1,4,10.0,9,price,discount bundles make me more willing to buy,1,Quality Loyalists
R001885,value_seekers,35,10439.64,new_tier_1,douyin,personal_care,9.61,6.12,6.82,5.07,16.75,1,1,1,1,4,6.56,6,packaging,portable packaging is useful for work and travel,2,Value Seekers
R001886,convenience_first,32,6188.29,new_tier_1,jd,ready_to_drink,5.61,8.53,9.75,5.18,26.13,1,1,1,1,4,9.02,9,delivery,stockouts make me switch to other brands,3,Convenience Driven
R001887,convenience_first,46,8743.36,tier_2,douyin,ready_to_drink,3.66,8.18,7.44,5.62,23.59,0,1,1,1,4,9.57,9,quality,I care about ingredients and product safety,1,Quality Loyalists
R001888,value_seekers,27,19368.56,new_tier_1,tmall,ready_to_drink,9.09,6.6,5.6,5.63,23.43,1,1,0,0,2,4.97,7,promotion,KOL reviews are useful but need to be authentic,2,Value Seekers
R001889,value_seekers,37,26429.68,new_tier_1,jd,personal_care,9.11,5.53,4.87,4.83,26.12,0,0,0,0,1,5.34,5,price,I compare price across platforms before purchase,2,Value Seekers
R001890,eco_advocates,34,9550.92,tier_1,jd,healthy_snack,4.61,8.42,7.79,8.96,36.92,0,0,0,1,9,8.94,9,promotion,membership coupons can increase repeat purchase,4,Eco Advocates
R001891,convenience_first,31,10405.08,tier_1,douyin,home_cleaning,5.07,6.28,8.31,5.92,21.24,1,1,1,1,1,7.68,8,promotion,KOL reviews are useful but need to be authentic,3,Convenience Driven
R001892,value_seekers,31,18677.35,tier_2,jd,healthy_snack,7.8,7.42,5.04,5.29,20.04,1,1,1,1,3,6.13,3,sustainability,I prefer brands with recyclable packaging,2,Value Seekers
R001893,eco_advocates,27,5451.78,tier_1,offline_supermarket,ready_to_drink,4.72,6.87,6.95,9.79,36.78,0,1,1,0,1,8.23,7,promotion,KOL reviews are useful but need to be authentic,4,Eco Advocates
R001894,quality_first,20,11899.58,tier_2,douyin,healthy_snack,3.35,8.8,5.42,7.25,35.68,1,1,1,0,3,8.39,10,quality,quality improvement would make me repurchase more often,1,Quality Loyalists
R001895,eco_advocates,31,15422.93,tier_3_plus,offline_supermarket,personal_care,6.54,7.84,7.21,9.48,36.54,1,1,0,1,5,8.45,7,sustainability,I prefer brands with recyclable packaging,4,Eco Advocates
R001896,eco_advocates,29,7219.11,tier_1,tmall,ready_to_drink,5.47,7.31,5.82,8.83,32.79,1,0,1,1,1,8.09,7,promotion,KOL reviews are useful but need to be authentic,4,Eco Advocates
R001897,value_seekers,27,8663.4,tier_1,douyin,ready_to_drink,7.28,6.51,5.08,5.09,21.81,1,1,1,1,3,8.53,10,packaging,the package design should show product benefits more clearly,0,High Value Fans
R001898,quality_first,35,13034.12,tier_1,jd,home_cleaning,4.69,7.93,7.37,5.08,41.04,0,0,0,0,1,9.36,10,quality,I care about ingredients and product safety,1,Quality Loyalists
R001899,eco_advocates,34,17685.28,tier_2,douyin,home_cleaning,5.42,6.86,5.92,8.59,41.17,1,1,0,0,0,10.0,9,promotion,KOL reviews are useful but need to be authentic,4,Eco Advocates
R001900,new_explorers,35,18425.65,tier_2,xiaohongshu,ready_to_drink,5.75,5.46,6.56,6.23,20.7,0,0,0,1,2,9.34,7,packaging,the packaging is convenient but could look more premium,0,High Value Fans
R001901,convenience_first,26,11915.06,new_tier_1,tmall,home_cleaning,5.44,6.69,8.66,5.19,23.65,0,0,0,1,1,8.81,10,promotion,livestream promotion helps me discover new products,3,Convenience Driven
R001902,convenience_first,22,7089.57,new_tier_1,jd,personal_care,6.82,6.38,9.45,5.42,26.37,1,1,1,0,3,6.24,6,packaging,portable packaging is useful for work and travel,3,Convenience Driven
R001903,new_explorers,18,10245.67,new_tier_1,tmall,ready_to_drink,6.65,6.38,4.97,6.15,23.9,1,1,0,0,2,6.44,6,delivery,delivery speed affects whether I choose the brand,2,Value Seekers
R001904,value_seekers,20,15800.35,new_tier_1,offline_supermarket,ready_to_drink,9.17,4.49,5.03,5.36,12.74,1,0,0,0,0,5.16,2,packaging,portable packaging is useful for work and travel,2,Value Seekers
R001905,convenience_first,35,26131.27,tier_1,douyin,home_cleaning,5.14,6.82,10.0,5.65,32.44,1,1,1,1,3,8.74,8,quality,I care about ingredients and product safety,3,Convenience Driven
R001906,eco_advocates,21,17676.52,tier_1,private_domain,personal_care,5.97,8.14,6.91,8.35,30.59,1,1,1,1,2,8.0,8,sustainability,I prefer brands with recyclable packaging,4,Eco Advocates
R001907,quality_first,40,6367.93,tier_2,douyin,home_cleaning,5.57,8.93,6.13,6.27,29.61,0,1,1,1,3,8.76,8,promotion,livestream promotion helps me discover new products,1,Quality Loyalists
R001908,convenience_first,37,17299.95,tier_1,offline_supermarket,ready_to_drink,5.88,6.29,9.47,4.02,25.35,1,1,1,1,1,9.34,8,delivery,delivery speed affects whether I choose the brand,3,Convenience Driven
R001909,quality_first,29,6456.55,tier_2,tmall,ready_to_drink,5.88,9.08,6.35,4.91,30.03,0,1,1,1,2,9.06,8,promotion,livestream promotion helps me discover new products,1,Quality Loyalists
R001910,value_seekers,27,10674.12,tier_2,jd,ready_to_drink,9.0,7.93,5.42,4.88,17.74,1,1,1,1,2,10.0,10,promotion,membership coupons can increase repeat purchase,0,High Value Fans
R001911,quality_first,27,4845.35,tier_1,xiaohongshu,healthy_snack,5.3,8.48,5.91,6.62,31.36,0,1,1,1,3,9.44,9,quality,I care about ingredients and product safety,1,Quality Loyalists
R001912,value_seekers,30,7204.8,tier_2,douyin,personal_care,8.5,4.59,5.28,5.41,18.07,1,0,0,0,1,7.7,6,promotion,KOL reviews are useful but need to be authentic,2,Value Seekers
R001913,eco_advocates,36,9068.27,tier_2,douyin,home_cleaning,5.6,8.05,6.3,9.45,35.5,0,1,1,1,1,9.61,10,sustainability,I prefer brands with recyclable packaging,4,Eco Advocates
R001914,new_explorers,44,21003.63,tier_1,private_domain,ready_to_drink,5.2,6.83,5.6,5.75,25.9,1,1,0,1,0,7.87,8,promotion,KOL reviews are useful but need to be authentic,0,High Value Fans
R001915,value_seekers,30,7535.77,tier_3_plus,douyin,personal_care,8.81,5.97,6.2,4.51,12.65,1,1,1,1,4,6.92,7,quality,I care about ingredients and product safety,2,Value Seekers
R001916,new_explorers,30,10296.99,new_tier_1,offline_supermarket,ready_to_drink,7.46,6.01,6.58,6.02,23.4,0,0,1,1,1,9.11,8,promotion,KOL reviews are useful but need to be authentic,0,High Value Fans
R001917,value_seekers,34,8635.45,tier_2,jd,ready_to_drink,9.01,6.87,6.76,5.18,18.83,0,0,0,0,0,5.15,5,price,I compare price across platforms before purchase,2,Value Seekers
R001918,value_seekers,39,5159.49,new_tier_1,offline_supermarket,personal_care,10.0,5.79,5.79,5.52,13.79,1,1,1,1,2,8.17,10,price,I compare price across platforms before purchase,0,High Value Fans
R001919,quality_first,41,7369.2,tier_2,douyin,ready_to_drink,5.94,6.75,6.51,5.97,23.72,1,1,1,0,0,6.87,8,delivery,delivery speed affects whether I choose the brand,0,High Value Fans
R001920,quality_first,26,12029.99,tier_1,xiaohongshu,ready_to_drink,6.18,8.43,8.58,5.9,27.15,0,1,0,1,2,10.0,9,quality,quality improvement would make me repurchase more often,3,Convenience Driven
R001921,eco_advocates,32,7028.64,tier_3_plus,xiaohongshu,ready_to_drink,4.31,7.32,5.92,8.04,34.58,1,1,1,1,5,8.93,10,sustainability,I prefer brands with recyclable packaging,4,Eco Advocates
R001922,convenience_first,29,6318.97,tier_1,tmall,healthy_snack,6.11,7.54,7.8,6.27,23.05,0,1,1,1,3,9.89,10,packaging,the package design should show product benefits more clearly,3,Convenience Driven
R001923,value_seekers,42,9253.54,tier_3_plus,douyin,ready_to_drink,7.44,5.79,5.67,6.24,16.84,1,1,0,0,1,6.32,5,price,the price feels high without promotion,2,Value Seekers
R001924,value_seekers,36,3844.22,tier_1,douyin,personal_care,7.78,6.92,5.85,5.29,17.62,1,1,1,1,1,7.3,7,delivery,offline availability is not always convenient,0,High Value Fans
R001925,eco_advocates,35,10478.86,tier_3_plus,douyin,healthy_snack,6.07,9.17,6.06,8.83,36.33,1,0,0,0,0,8.63,9,sustainability,I prefer brands with recyclable packaging,4,Eco Advocates
R001926,quality_first,25,16947.76,new_tier_1,douyin,home_cleaning,5.73,9.37,5.64,7.55,27.12,1,1,1,1,8,9.99,10,quality,the product quality is stable and trustworthy,1,Quality Loyalists
R001927,convenience_first,20,8508.55,new_tier_1,private_domain,personal_care,5.9,5.73,9.82,6.03,24.97,1,0,0,0,0,6.69,10,promotion,KOL reviews are useful but need to be authentic,3,Convenience Driven
R001928,value_seekers,26,4495.85,tier_2,offline_supermarket,home_cleaning,8.08,6.06,5.78,5.27,22.4,1,0,0,1,3,8.65,7,price,the price feels high without promotion,0,High Value Fans
R001929,convenience_first,25,12746.45,tier_3_plus,jd,home_cleaning,7.46,8.09,8.22,5.38,26.07,0,1,1,1,4,7.59,7,promotion,membership coupons can increase repeat purchase,3,Convenience Driven
R001930,quality_first,44,15818.9,tier_1,tmall,home_cleaning,5.26,8.66,7.15,6.08,29.96,1,1,1,1,0,8.9,9,delivery,offline availability is not always convenient,1,Quality Loyalists
R001931,value_seekers,28,5872.58,new_tier_1,douyin,healthy_snack,10.0,5.32,5.13,4.01,19.76,1,1,0,0,0,5.57,5,promotion,KOL reviews are useful but need to be authentic,2,Value Seekers
R001932,quality_first,34,24347.58,new_tier_1,offline_supermarket,home_cleaning,5.93,8.75,5.6,6.41,27.68,0,0,0,1,4,9.2,9,promotion,membership coupons can increase repeat purchase,1,Quality Loyalists
R001933,convenience_first,30,11940.89,tier_1,jd,ready_to_drink,6.52,5.91,9.17,5.2,20.11,1,1,1,1,2,8.19,8,delivery,offline availability is not always convenient,3,Convenience Driven
R001934,convenience_first,32,8349.08,new_tier_1,tmall,healthy_snack,7.14,7.37,8.55,6.3,25.53,1,1,1,1,2,8.12,8,price,I compare price across platforms before purchase,3,Convenience Driven
R001935,quality_first,35,10150.69,tier_2,tmall,healthy_snack,5.67,8.16,7.12,6.73,29.45,1,1,0,0,1,9.01,8,price,I compare price across platforms before purchase,1,Quality Loyalists
R001936,quality_first,33,4732.97,tier_2,offline_supermarket,ready_to_drink,4.86,9.22,6.76,5.85,31.82,1,1,0,0,0,7.86,8,promotion,livestream promotion helps me discover new products,1,Quality Loyalists
R001937,quality_first,19,6566.18,tier_2,tmall,healthy_snack,3.72,10.0,6.18,5.78,32.75,0,0,0,0,0,7.97,5,quality,I care about ingredients and product safety,1,Quality Loyalists
R001938,quality_first,43,13195.33,tier_1,tmall,home_cleaning,5.13,9.55,7.05,7.41,42.31,1,1,0,1,2,10.0,8,quality,I care about ingredients and product safety,1,Quality Loyalists
R001939,eco_advocates,34,8092.35,new_tier_1,tmall,healthy_snack,4.81,9.09,5.79,9.16,32.84,1,1,1,1,0,10.0,10,sustainability,low carbon packaging would improve brand impression,4,Eco Advocates
R001940,convenience_first,25,10628.74,new_tier_1,douyin,healthy_snack,7.48,8.61,8.41,4.87,27.79,1,1,1,1,3,8.66,10,quality,the product quality is stable and trustworthy,3,Convenience Driven
R001941,quality_first,23,10700.84,new_tier_1,private_domain,personal_care,6.02,9.43,7.09,5.5,37.44,0,1,1,1,2,9.11,7,quality,quality improvement would make me repurchase more often,1,Quality Loyalists
R001942,value_seekers,29,18795.72,tier_2,offline_supermarket,ready_to_drink,8.4,6.13,4.99,3.18,20.88,0,0,0,0,0,6.33,7,price,the price feels high without promotion,2,Value Seekers
R001943,value_seekers,30,3576.59,tier_2,xiaohongshu,home_cleaning,7.15,6.26,6.64,4.55,18.25,0,0,0,1,5,8.02,6,sustainability,I prefer brands with recyclable packaging,0,High Value Fans
R001944,eco_advocates,43,27732.88,tier_1,douyin,personal_care,4.63,7.49,5.87,8.75,35.93,0,0,0,0,0,7.38,9,packaging,the package design should show product benefits more clearly,4,Eco Advocates
R001945,quality_first,41,7459.44,tier_2,jd,personal_care,4.87,9.02,7.2,7.69,24.23,1,1,1,1,1,10.0,10,price,I compare price across platforms before purchase,1,Quality Loyalists
R001946,convenience_first,34,15339.42,tier_2,douyin,ready_to_drink,6.05,5.75,7.64,5.27,26.38,1,1,1,0,1,5.1,4,packaging,the package design should show product benefits more clearly,2,Value Seekers
R001947,value_seekers,40,13510.37,tier_2,douyin,home_cleaning,9.04,5.87,3.79,4.1,14.4,1,0,0,0,0,6.18,7,delivery,stockouts make me switch to other brands,2,Value Seekers
R001948,value_seekers,23,16136.46,new_tier_1,douyin,personal_care,7.34,6.19,6.23,4.95,18.42,0,1,1,1,4,8.6,10,promotion,KOL reviews are useful but need to be authentic,0,High Value Fans
R001949,eco_advocates,21,16483.67,tier_1,jd,home_cleaning,5.05,7.82,6.04,8.36,32.48,1,1,1,1,4,9.96,10,price,discount bundles make me more willing to buy,4,Eco Advocates
R001950,convenience_first,34,10888.98,tier_2,xiaohongshu,ready_to_drink,5.15,7.17,7.66,4.08,29.61,1,1,1,1,6,9.61,10,price,I compare price across platforms before purchase,3,Convenience Driven
R001951,value_seekers,33,5070.69,new_tier_1,offline_supermarket,ready_to_drink,7.77,7.47,5.18,4.18,23.29,1,1,1,1,2,9.1,9,packaging,the packaging is convenient but could look more premium,0,High Value Fans
R001952,new_explorers,18,4004.68,tier_3_plus,tmall,ready_to_drink,6.95,6.25,5.99,7.25,17.12,1,1,0,0,1,8.04,5,promotion,livestream promotion helps me discover new products,2,Value Seekers
R001953,eco_advocates,49,9190.89,tier_3_plus,jd,personal_care,4.03,8.39,5.0,8.18,33.71,1,1,1,1,7,9.02,8,sustainability,sustainability claims need to be more credible,4,Eco Advocates
R001954,convenience_first,38,12210.61,new_tier_1,xiaohongshu,personal_care,3.93,5.35,9.46,5.26,29.51,0,1,1,0,3,8.61,8,quality,I care about ingredients and product safety,3,Convenience Driven
R001955,quality_first,26,7826.27,tier_1,douyin,healthy_snack,3.86,8.12,6.6,6.66,32.71,1,1,1,1,2,9.22,9,promotion,KOL reviews are useful but need to be authentic,1,Quality Loyalists
R001956,value_seekers,43,9601.68,tier_1,tmall,ready_to_drink,9.86,5.4,5.2,5.46,8.05,1,1,1,0,1,5.16,6,promotion,membership coupons can increase repeat purchase,2,Value Seekers
R001957,quality_first,35,7343.42,new_tier_1,xiaohongshu,personal_care,3.8,8.68,6.32,6.26,31.85,1,1,0,0,0,7.68,7,quality,quality improvement would make me repurchase more often,1,Quality Loyalists
R001958,convenience_first,33,15272.88,tier_3_plus,tmall,personal_care,5.28,8.18,9.54,6.08,21.85,1,1,0,1,5,10.0,9,quality,quality improvement would make me repurchase more often,3,Convenience Driven
R001959,value_seekers,36,7064.99,tier_2,tmall,ready_to_drink,8.37,7.14,6.06,4.67,14.24,1,1,0,0,0,6.73,6,price,I compare price across platforms before purchase,2,Value Seekers
R001960,eco_advocates,19,7781.38,new_tier_1,tmall,healthy_snack,6.27,7.18,6.28,8.61,29.37,0,0,1,0,0,6.61,7,promotion,livestream promotion helps me discover new products,4,Eco Advocates
R001961,new_explorers,38,12284.31,tier_1,jd,personal_care,5.68,5.85,5.75,4.87,19.79,1,1,1,1,3,8.41,8,promotion,membership coupons can increase repeat purchase,0,High Value Fans
R001962,eco_advocates,30,18855.46,tier_3_plus,offline_supermarket,ready_to_drink,5.59,7.37,6.45,9.57,37.25,0,0,0,0,0,9.26,8,sustainability,sustainability claims need to be more credible,4,Eco Advocates
R001963,value_seekers,29,18068.82,tier_2,douyin,ready_to_drink,9.28,6.69,5.72,4.86,12.76,0,0,0,1,1,5.8,5,promotion,membership coupons can increase repeat purchase,2,Value Seekers
R001964,value_seekers,29,8267.72,tier_2,douyin,personal_care,8.31,7.35,5.09,3.89,17.24,0,0,1,1,1,6.43,8,quality,quality improvement would make me repurchase more often,2,Value Seekers
R001965,value_seekers,38,9310.35,tier_2,xiaohongshu,healthy_snack,6.95,7.46,6.7,4.64,17.6,1,1,1,1,4,8.48,8,price,the price feels high without promotion,0,High Value Fans
R001966,convenience_first,18,11216.23,tier_1,offline_supermarket,home_cleaning,4.32,5.96,8.68,6.31,28.2,1,1,1,1,2,8.4,9,promotion,membership coupons can increase repeat purchase,3,Convenience Driven
R001967,value_seekers,25,15726.61,tier_2,douyin,home_cleaning,9.48,7.19,5.02,6.34,16.72,1,1,0,0,1,6.16,4,quality,I care about ingredients and product safety,2,Value Seekers
R001968,quality_first,43,7836.24,new_tier_1,private_domain,ready_to_drink,3.75,7.97,5.97,7.9,26.17,1,1,0,0,0,8.15,8,price,discount bundles make me more willing to buy,4,Eco Advocates
R001969,value_seekers,30,10490.83,tier_3_plus,tmall,healthy_snack,8.45,5.39,4.51,4.96,18.04,1,1,1,1,2,6.34,7,price,I compare price across platforms before purchase,2,Value Seekers
R001970,convenience_first,33,9374.22,tier_3_plus,tmall,healthy_snack,4.42,7.16,8.98,5.64,22.88,0,1,1,0,3,9.66,6,quality,I care about ingredients and product safety,3,Convenience Driven
R001971,convenience_first,45,6847.81,tier_2,offline_supermarket,ready_to_drink,6.22,7.8,7.77,5.0,25.19,0,0,1,1,4,9.56,10,delivery,offline availability is not always convenient,3,Convenience Driven
R001972,convenience_first,38,14249.4,tier_1,private_domain,home_cleaning,6.22,6.61,7.98,4.13,29.68,0,1,0,0,1,8.58,10,delivery,stockouts make me switch to other brands,3,Convenience Driven
R001973,value_seekers,30,9246.04,tier_1,jd,ready_to_drink,8.22,6.79,5.81,4.12,12.57,1,1,1,1,1,6.84,4,packaging,the packaging is convenient but could look more premium,2,Value Seekers
R001974,eco_advocates,32,10343.87,tier_2,offline_supermarket,healthy_snack,5.29,6.86,5.53,8.56,30.32,0,0,0,0,0,7.05,6,sustainability,I prefer brands with recyclable packaging,4,Eco Advocates
R001975,new_explorers,32,11966.8,tier_2,jd,home_cleaning,6.28,7.12,6.4,5.61,25.72,1,1,0,0,0,7.97,10,price,I compare price across platforms before purchase,0,High Value Fans
R001976,new_explorers,33,26420.06,tier_3_plus,jd,ready_to_drink,5.52,6.48,6.76,6.43,25.53,0,0,0,1,1,9.34,9,sustainability,low carbon packaging would improve brand impression,3,Convenience Driven
R001977,new_explorers,33,6187.82,tier_2,private_domain,healthy_snack,5.38,6.61,6.21,5.63,21.32,1,1,1,1,4,8.92,10,promotion,membership coupons can increase repeat purchase,0,High Value Fans
R001978,new_explorers,34,5440.28,tier_2,tmall,healthy_snack,6.84,6.86,4.31,5.7,23.38,1,1,0,1,2,7.55,7,promotion,KOL reviews are useful but need to be authentic,0,High Value Fans
R001979,eco_advocates,22,8176.14,tier_1,private_domain,ready_to_drink,7.51,7.26,5.61,8.77,30.82,1,1,0,1,5,8.81,10,sustainability,sustainability claims need to be more credible,4,Eco Advocates
R001980,value_seekers,39,25539.82,new_tier_1,tmall,home_cleaning,8.36,4.67,5.65,5.28,17.69,1,1,1,1,0,8.62,8,packaging,the package design should show product benefits more clearly,0,High Value Fans
R001981,new_explorers,43,16683.02,tier_2,xiaohongshu,personal_care,5.92,6.35,7.05,4.78,25.84,1,0,1,1,7,7.88,5,promotion,membership coupons can increase repeat purchase,3,Convenience Driven
R001982,value_seekers,33,10020.54,tier_3_plus,xiaohongshu,healthy_snack,8.76,5.39,6.67,4.2,14.81,0,0,0,0,0,7.82,6,quality,quality improvement would make me repurchase more often,2,Value Seekers
R001983,quality_first,26,7176.32,tier_3_plus,offline_supermarket,home_cleaning,6.58,8.9,6.56,6.19,28.6,1,1,1,1,3,7.86,10,quality,I care about ingredients and product safety,1,Quality Loyalists
R001984,new_explorers,35,11259.92,tier_1,douyin,ready_to_drink,7.27,6.47,5.59,6.1,20.78,1,1,1,1,5,9.28,8,sustainability,low carbon packaging would improve brand impression,0,High Value Fans
R001985,new_explorers,25,6769.2,tier_3_plus,xiaohongshu,ready_to_drink,6.04,6.28,6.42,6.03,25.47,1,1,1,0,1,6.59,6,price,the price feels high without promotion,2,Value Seekers
R001986,quality_first,41,5662.05,new_tier_1,jd,healthy_snack,5.87,9.57,7.14,6.11,29.66,1,1,1,0,1,8.68,7,quality,the product quality is stable and trustworthy,1,Quality Loyalists
R001987,new_explorers,33,9799.24,tier_2,douyin,personal_care,7.03,6.86,6.39,5.93,20.01,0,0,0,0,0,7.23,8,delivery,delivery speed affects whether I choose the brand,0,High Value Fans
R001988,value_seekers,41,6828.21,tier_3_plus,douyin,ready_to_drink,7.25,6.54,5.64,5.2,23.02,0,1,0,0,1,8.12,6,price,discount bundles make me more willing to buy,0,High Value Fans
R001989,value_seekers,29,9519.48,tier_1,private_domain,personal_care,8.66,6.54,6.46,4.31,19.73,0,0,0,0,1,6.52,7,price,the price feels high without promotion,2,Value Seekers
R001990,value_seekers,46,8378.79,tier_1,private_domain,personal_care,8.76,6.16,4.92,5.15,25.55,0,0,0,0,0,6.23,5,delivery,offline availability is not always convenient,2,Value Seekers
R001991,convenience_first,27,4280.24,tier_2,douyin,healthy_snack,5.63,6.17,9.69,5.63,23.75,1,1,0,1,3,9.66,9,promotion,KOL reviews are useful but need to be authentic,3,Convenience Driven
R001992,value_seekers,35,13492.54,tier_3_plus,xiaohongshu,home_cleaning,8.42,6.42,6.25,4.97,23.77,1,1,0,0,0,6.87,8,delivery,offline availability is not always convenient,0,High Value Fans
R001993,convenience_first,42,7963.09,tier_3_plus,tmall,ready_to_drink,4.69,7.62,9.22,6.27,30.86,1,1,1,1,3,8.75,9,packaging,the package design should show product benefits more clearly,3,Convenience Driven
R001994,quality_first,36,6022.57,tier_2,private_domain,healthy_snack,4.51,9.44,6.05,5.71,31.74,0,0,1,0,3,8.38,7,quality,the product quality is stable and trustworthy,1,Quality Loyalists
R001995,quality_first,45,10586.22,tier_2,tmall,personal_care,4.59,8.43,6.8,7.16,32.65,1,1,0,0,2,10.0,10,packaging,the packaging is convenient but could look more premium,1,Quality Loyalists
R001996,eco_advocates,23,11420.55,new_tier_1,xiaohongshu,home_cleaning,4.72,8.21,6.37,7.93,33.0,1,1,1,1,9,10.0,9,price,discount bundles make me more willing to buy,1,Quality Loyalists
R001997,convenience_first,31,13703.43,new_tier_1,douyin,healthy_snack,5.65,6.68,9.3,5.88,24.78,1,1,0,0,0,7.13,6,quality,quality improvement would make me repurchase more often,3,Convenience Driven
R001998,quality_first,35,8487.59,tier_1,xiaohongshu,ready_to_drink,5.93,9.44,6.56,6.42,35.62,1,1,1,1,4,9.12,10,quality,the product quality is stable and trustworthy,1,Quality Loyalists
R001999,value_seekers,29,8168.04,new_tier_1,offline_supermarket,healthy_snack,9.88,5.13,5.35,5.58,14.49,0,0,1,0,3,3.35,4,delivery,offline availability is not always convenient,2,Value Seekers
R002000,eco_advocates,38,10318.64,new_tier_1,tmall,ready_to_drink,4.88,7.94,7.52,9.89,39.2,0,1,0,1,1,10.0,9,price,discount bundles make me more willing to buy,4,Eco Advocates
R002001,convenience_first,19,10173.18,tier_3_plus,jd,ready_to_drink,5.62,6.93,7.68,5.82,28.77,0,1,1,1,5,7.97,8,packaging,portable packaging is useful for work and travel,3,Convenience Driven
R002002,new_explorers,24,6885.39,tier_2,private_domain,healthy_snack,6.68,5.3,5.88,6.2,23.54,1,1,1,0,0,4.76,6,quality,quality improvement would make me repurchase more often,2,Value Seekers
R002003,value_seekers,38,6458.53,new_tier_1,tmall,ready_to_drink,9.39,7.24,4.96,3.97,16.12,1,1,1,1,5,7.59,8,promotion,membership coupons can increase repeat purchase,0,High Value Fans
R002004,new_explorers,29,23412.27,new_tier_1,xiaohongshu,home_cleaning,6.75,7.56,5.57,6.29,26.88,1,1,1,1,1,7.94,8,promotion,livestream promotion helps me discover new products,0,High Value Fans
R002005,new_explorers,18,10320.84,new_tier_1,offline_supermarket,healthy_snack,7.66,7.54,4.47,6.1,14.23,1,1,1,1,2,8.42,7,price,discount bundles make me more willing to buy,0,High Value Fans
R002006,new_explorers,34,6464.92,tier_1,douyin,personal_care,6.81,7.09,7.16,5.74,20.78,1,1,1,1,3,10.0,10,promotion,membership coupons can increase repeat purchase,0,High Value Fans
R002007,quality_first,18,7411.94,tier_3_plus,jd,home_cleaning,4.31,8.95,5.86,5.74,28.09,1,1,1,1,3,10.0,10,quality,the product quality is stable and trustworthy,1,Quality Loyalists
R002008,eco_advocates,18,7204.93,new_tier_1,offline_supermarket,home_cleaning,6.31,7.55,7.39,9.02,31.34,1,1,0,0,0,7.94,6,quality,quality improvement would make me repurchase more often,4,Eco Advocates
R002009,quality_first,31,7096.49,tier_3_plus,jd,healthy_snack,4.12,9.4,6.01,5.51,35.81,1,1,0,0,1,10.0,10,quality,I care about ingredients and product safety,1,Quality Loyalists
R002010,eco_advocates,33,5333.84,tier_2,xiaohongshu,personal_care,5.4,7.47,6.4,8.71,35.05,1,1,1,1,3,8.76,9,sustainability,low carbon packaging would improve brand impression,4,Eco Advocates
R002011,value_seekers,34,16645.0,tier_3_plus,tmall,healthy_snack,9.81,6.04,5.59,6.47,17.15,0,0,1,1,2,8.67,7,packaging,the package design should show product benefits more clearly,0,High Value Fans
R002012,eco_advocates,36,20485.55,new_tier_1,offline_supermarket,healthy_snack,5.36,7.44,7.35,7.61,34.4,1,1,1,1,2,10.0,10,delivery,stockouts make me switch to other brands,4,Eco Advocates
R002013,value_seekers,35,11299.13,new_tier_1,private_domain,ready_to_drink,8.83,5.9,5.65,3.49,19.6,1,1,0,0,1,6.46,10,promotion,KOL reviews are useful but need to be authentic,0,High Value Fans
R002014,quality_first,41,12031.73,tier_2,tmall,personal_care,4.97,8.75,3.77,4.66,28.91,1,1,0,1,6,8.36,6,delivery,stockouts make me switch to other brands,1,Quality Loyalists
R002015,quality_first,33,6941.96,tier_3_plus,douyin,ready_to_drink,4.76,8.56,8.72,5.84,36.76,1,1,1,1,6,7.57,9,sustainability,sustainability claims need to be more credible,3,Convenience Driven
R002016,value_seekers,26,11331.16,tier_2,jd,ready_to_drink,8.86,6.81,6.13,5.72,18.03,0,0,0,0,0,7.0,8,price,discount bundles make me more willing to buy,0,High Value Fans
R002017,quality_first,32,19302.16,tier_1,xiaohongshu,personal_care,3.85,8.49,6.64,5.76,28.11,1,1,1,1,0,9.8,9,packaging,portable packaging is useful for work and travel,1,Quality Loyalists
R002018,eco_advocates,23,11719.76,tier_2,tmall,ready_to_drink,6.74,7.73,5.85,8.84,32.8,1,1,1,1,3,9.65,8,sustainability,sustainability claims need to be more credible,4,Eco Advocates
R002019,eco_advocates,18,6927.7,tier_3_plus,private_domain,healthy_snack,5.81,7.67,6.03,8.81,28.99,0,1,1,1,4,8.46,8,quality,the product quality is stable and trustworthy,4,Eco Advocates
R002020,eco_advocates,26,14388.43,new_tier_1,offline_supermarket,personal_care,5.07,5.61,7.15,9.08,33.09,1,1,1,1,7,9.25,9,delivery,offline availability is not always convenient,4,Eco Advocates
R002021,new_explorers,43,3300.69,tier_1,offline_supermarket,personal_care,6.38,7.97,6.93,6.02,22.94,1,1,0,0,0,7.68,9,delivery,stockouts make me switch to other brands,0,High Value Fans
R002022,value_seekers,24,12036.22,new_tier_1,xiaohongshu,personal_care,8.93,5.28,5.5,4.15,17.07,1,1,1,0,3,6.67,7,price,discount bundles make me more willing to buy,2,Value Seekers
R002023,eco_advocates,26,10149.57,tier_2,private_domain,healthy_snack,5.73,7.64,6.47,9.54,33.29,0,1,1,1,5,9.12,10,delivery,delivery speed affects whether I choose the brand,4,Eco Advocates
R002024,value_seekers,30,19825.23,tier_3_plus,douyin,personal_care,7.95,7.22,5.96,4.89,15.58,0,0,1,1,6,6.62,6,delivery,offline availability is not always convenient,2,Value Seekers
R002025,convenience_first,35,14580.58,tier_3_plus,xiaohongshu,healthy_snack,6.03,7.17,8.73,5.48,31.78,1,1,1,1,2,9.95,9,sustainability,sustainability claims need to be more credible,3,Convenience Driven
R002026,value_seekers,39,27948.94,new_tier_1,jd,home_cleaning,7.58,7.11,5.56,5.09,15.8,1,1,1,1,2,6.66,4,promotion,KOL reviews are useful but need to be authentic,2,Value Seekers
R002027,value_seekers,43,10121.75,tier_3_plus,private_domain,home_cleaning,7.68,7.06,6.52,6.26,16.49,1,1,0,0,1,7.96,10,quality,the product quality is stable and trustworthy,0,High Value Fans
R002028,eco_advocates,38,16312.94,tier_3_plus,douyin,healthy_snack,4.71,6.78,8.24,8.04,34.91,1,1,1,1,1,10.0,10,quality,I care about ingredients and product safety,4,Eco Advocates
R002029,eco_advocates,23,5791.64,tier_3_plus,xiaohongshu,ready_to_drink,6.42,6.44,4.97,7.39,28.2,1,1,1,1,2,8.3,9,quality,the product quality is stable and trustworthy,0,High Value Fans
R002030,quality_first,34,6839.11,new_tier_1,tmall,home_cleaning,5.94,10.0,7.19,5.45,34.85,0,0,1,1,10,8.9,10,sustainability,I prefer brands with recyclable packaging,1,Quality Loyalists
R002031,eco_advocates,38,7796.61,new_tier_1,douyin,healthy_snack,5.0,7.36,6.37,9.24,32.41,1,1,1,1,3,10.0,9,packaging,portable packaging is useful for work and travel,4,Eco Advocates
R002032,quality_first,46,10197.08,tier_2,private_domain,personal_care,4.01,9.36,7.28,6.08,28.09,0,1,0,1,1,8.93,9,price,I compare price across platforms before purchase,1,Quality Loyalists
R002033,convenience_first,52,4628.29,tier_1,douyin,personal_care,6.67,6.59,9.14,5.68,22.02,0,1,1,1,5,10.0,10,delivery,offline availability is not always convenient,3,Convenience Driven
R002034,eco_advocates,31,11857.6,tier_2,jd,healthy_snack,6.7,8.99,7.27,8.92,33.29,1,1,1,1,4,10.0,9,sustainability,sustainability claims need to be more credible,4,Eco Advocates
R002035,value_seekers,38,10838.43,tier_1,xiaohongshu,home_cleaning,9.44,7.84,3.98,5.62,21.55,1,1,1,0,1,7.35,5,price,I compare price across platforms before purchase,2,Value Seekers
R002036,quality_first,32,9018.16,new_tier_1,tmall,ready_to_drink,6.24,8.23,6.55,6.04,31.29,1,1,0,1,2,10.0,10,promotion,membership coupons can increase repeat purchase,1,Quality Loyalists
R002037,quality_first,38,8073.3,new_tier_1,tmall,home_cleaning,4.43,7.93,5.0,5.05,29.44,0,0,1,1,4,8.63,8,delivery,stockouts make me switch to other brands,1,Quality Loyalists
R002038,convenience_first,33,9967.48,new_tier_1,tmall,home_cleaning,6.03,7.29,9.42,5.29,24.36,1,1,1,1,7,9.23,10,delivery,offline availability is not always convenient,3,Convenience Driven
R002039,value_seekers,33,11620.79,tier_2,jd,personal_care,7.89,5.68,5.78,4.87,15.79,1,1,1,1,3,6.63,7,price,I compare price across platforms before purchase,2,Value Seekers
R002040,convenience_first,20,7067.37,tier_2,offline_supermarket,personal_care,5.38,7.67,8.96,4.43,25.77,1,1,1,1,5,10.0,9,promotion,membership coupons can increase repeat purchase,3,Convenience Driven
R002041,eco_advocates,29,5933.1,tier_2,douyin,ready_to_drink,6.51,7.3,5.89,9.38,35.58,1,1,1,0,3,7.67,8,promotion,KOL reviews are useful but need to be authentic,4,Eco Advocates
R002042,value_seekers,34,24369.03,new_tier_1,tmall,ready_to_drink,8.88,6.16,5.36,6.01,16.2,1,1,1,1,3,6.54,6,price,the price feels high without promotion,2,Value Seekers
R002043,quality_first,21,11627.97,new_tier_1,tmall,healthy_snack,4.26,9.2,8.11,5.83,34.56,0,1,0,0,0,8.54,9,price,the price feels high without promotion,1,Quality Loyalists
R002044,value_seekers,18,10725.74,tier_2,xiaohongshu,personal_care,6.47,8.1,4.44,3.86,20.29,1,1,1,1,3,8.09,8,promotion,livestream promotion helps me discover new products,0,High Value Fans
R002045,convenience_first,30,7996.4,tier_1,private_domain,healthy_snack,4.81,6.9,8.81,6.11,20.81,1,1,1,1,4,8.07,7,quality,the product quality is stable and trustworthy,3,Convenience Driven
R002046,convenience_first,33,7486.18,new_tier_1,xiaohongshu,home_cleaning,4.89,5.9,7.79,5.9,24.87,0,1,1,1,4,8.89,9,price,I compare price across platforms before purchase,3,Convenience Driven
R002047,convenience_first,35,14258.44,tier_2,jd,home_cleaning,6.37,8.13,8.53,6.51,28.36,1,1,1,1,3,9.16,8,delivery,delivery speed affects whether I choose the brand,3,Convenience Driven
R002048,convenience_first,37,9049.37,tier_2,xiaohongshu,personal_care,5.05,7.71,9.92,6.19,27.71,0,0,0,0,0,8.45,7,delivery,stockouts make me switch to other brands,3,Convenience Driven
R002049,new_explorers,41,6386.57,tier_1,tmall,ready_to_drink,6.22,6.9,5.11,6.53,23.34,1,0,0,1,5,7.49,8,promotion,KOL reviews are useful but need to be authentic,0,High Value Fans
R002050,eco_advocates,18,4206.59,tier_2,xiaohongshu,ready_to_drink,6.17,7.4,7.35,10.0,32.99,0,0,1,1,4,9.83,10,delivery,delivery speed affects whether I choose the brand,4,Eco Advocates
R002051,value_seekers,35,9677.64,tier_2,jd,ready_to_drink,9.72,6.87,5.63,5.35,16.95,1,1,1,1,2,7.32,6,delivery,delivery speed affects whether I choose the brand,2,Value Seekers
R002052,convenience_first,29,20518.46,tier_3_plus,jd,home_cleaning,5.95,5.81,8.22,4.44,24.73,1,1,0,1,2,9.89,10,delivery,offline availability is not always convenient,3,Convenience Driven
R002053,convenience_first,28,9246.51,new_tier_1,douyin,healthy_snack,6.31,6.72,9.51,6.57,21.11,0,1,1,1,4,7.48,5,delivery,offline availability is not always convenient,3,Convenience Driven
R002054,quality_first,34,8356.04,tier_1,tmall,ready_to_drink,5.35,8.77,7.26,5.97,34.45,1,1,0,0,1,8.09,6,promotion,membership coupons can increase repeat purchase,1,Quality Loyalists
R002055,quality_first,22,16518.1,new_tier_1,offline_supermarket,healthy_snack,3.64,9.95,8.34,5.31,35.08,1,1,1,0,1,10.0,9,sustainability,low carbon packaging would improve brand impression,1,Quality Loyalists
R002056,value_seekers,36,12583.0,new_tier_1,jd,healthy_snack,8.19,7.07,5.91,5.56,20.55,1,1,1,1,2,6.53,4,promotion,KOL reviews are useful but need to be authentic,2,Value Seekers
R002057,eco_advocates,42,6911.53,tier_2,jd,ready_to_drink,5.05,8.34,6.1,9.43,35.46,0,0,0,1,2,9.31,7,price,the price feels high without promotion,4,Eco Advocates
R002058,value_seekers,29,15906.62,tier_3_plus,offline_supermarket,healthy_snack,7.73,7.64,5.53,5.39,18.42,0,0,1,0,1,7.33,6,promotion,livestream promotion helps me discover new products,2,Value Seekers
R002059,convenience_first,47,9390.48,new_tier_1,private_domain,healthy_snack,6.18,6.97,7.94,5.62,31.14,1,1,1,1,2,7.78,7,promotion,livestream promotion helps me discover new products,3,Convenience Driven
R002060,new_explorers,21,5296.63,tier_1,offline_supermarket,ready_to_drink,5.99,6.3,4.7,6.09,18.41,1,1,0,0,1,8.88,9,quality,the product quality is stable and trustworthy,0,High Value Fans
R002061,eco_advocates,27,9693.05,tier_2,tmall,personal_care,4.03,7.67,6.32,9.38,34.81,1,1,1,0,2,8.04,8,packaging,the packaging is convenient but could look more premium,4,Eco Advocates
R002062,value_seekers,37,5878.71,tier_2,jd,ready_to_drink,9.71,7.35,5.52,4.09,17.14,0,0,0,1,3,8.28,8,price,discount bundles make me more willing to buy,0,High Value Fans
R002063,eco_advocates,36,9500.3,new_tier_1,tmall,home_cleaning,5.6,8.03,5.76,9.66,32.11,1,1,0,0,0,7.49,8,sustainability,low carbon packaging would improve brand impression,4,Eco Advocates
R002064,convenience_first,25,11728.98,tier_2,xiaohongshu,personal_care,5.62,8.15,8.26,4.51,33.36,0,1,1,0,0,10.0,10,quality,I care about ingredients and product safety,3,Convenience Driven
R002065,eco_advocates,27,9983.34,tier_3_plus,douyin,ready_to_drink,6.53,6.57,5.01,10.0,29.59,1,1,0,0,1,5.98,5,quality,quality improvement would make me repurchase more often,4,Eco Advocates
R002066,value_seekers,39,12277.7,tier_2,jd,ready_to_drink,9.06,8.31,4.78,5.85,18.49,0,0,0,0,1,5.29,5,price,I compare price across platforms before purchase,2,Value Seekers
R002067,new_explorers,18,12234.94,tier_1,jd,ready_to_drink,6.13,7.15,7.29,5.92,21.14,1,1,0,1,4,7.89,7,price,the price feels high without promotion,0,High Value Fans
R002068,convenience_first,33,6867.93,tier_2,jd,ready_to_drink,5.12,7.0,8.95,4.25,24.35,1,1,1,1,6,10.0,7,delivery,offline availability is not always convenient,3,Convenience Driven
R002069,value_seekers,38,13471.01,tier_1,offline_supermarket,personal_care,8.96,6.62,6.08,4.77,22.99,1,1,1,1,0,6.0,9,price,I compare price across platforms before purchase,2,Value Seekers
R002070,quality_first,18,9578.36,new_tier_1,tmall,healthy_snack,5.85,8.5,6.93,5.35,34.66,1,1,0,1,7,10.0,8,delivery,offline availability is not always convenient,1,Quality Loyalists
R002071,value_seekers,33,8948.78,tier_2,offline_supermarket,home_cleaning,7.18,6.93,5.15,4.32,17.86,1,1,1,1,7,5.84,5,packaging,the package design should show product benefits more clearly,2,Value Seekers
R002072,value_seekers,39,19736.07,new_tier_1,tmall,healthy_snack,5.62,6.73,6.24,4.94,28.59,1,1,1,1,2,7.34,5,price,the price feels high without promotion,2,Value Seekers
R002073,value_seekers,22,9133.24,tier_2,xiaohongshu,ready_to_drink,9.27,6.19,7.15,5.11,14.01,0,1,1,1,4,6.8,5,price,discount bundles make me more willing to buy,2,Value Seekers
R002074,value_seekers,29,29572.21,tier_2,offline_supermarket,ready_to_drink,7.17,7.78,4.46,4.17,20.57,0,0,0,1,1,6.96,7,price,I compare price across platforms before purchase,2,Value Seekers
R002075,new_explorers,20,12499.13,tier_2,private_domain,personal_care,7.12,6.68,7.28,7.65,18.63,0,0,1,1,7,7.82,8,price,I compare price across platforms before purchase,0,High Value Fans
R002076,convenience_first,20,11927.29,new_tier_1,tmall,personal_care,5.72,7.41,9.57,4.9,28.11,1,1,1,1,5,8.44,8,packaging,the package design should show product benefits more clearly,3,Convenience Driven
R002077,quality_first,31,14389.48,new_tier_1,douyin,ready_to_drink,5.63,9.4,7.35,5.0,28.76,0,1,1,1,3,8.73,10,delivery,delivery speed affects whether I choose the brand,1,Quality Loyalists
R002078,convenience_first,33,15425.04,tier_2,offline_supermarket,ready_to_drink,5.77,7.3,8.78,5.79,27.63,1,1,1,1,2,8.31,9,price,the price feels high without promotion,3,Convenience Driven
R002079,new_explorers,22,7486.64,tier_3_plus,tmall,ready_to_drink,6.55,6.27,7.32,5.36,25.93,1,1,1,1,4,7.41,7,packaging,the packaging is convenient but could look more premium,0,High Value Fans
R002080,quality_first,21,13233.08,tier_1,tmall,ready_to_drink,5.86,8.49,7.04,6.84,33.34,1,0,0,0,0,7.52,6,quality,the product quality is stable and trustworthy,1,Quality Loyalists
R002081,quality_first,32,8516.15,tier_3_plus,private_domain,ready_to_drink,2.89,8.95,7.01,4.83,31.81,1,1,0,0,1,10.0,10,price,the price feels high without promotion,1,Quality Loyalists
R002082,value_seekers,38,4036.78,new_tier_1,douyin,healthy_snack,9.68,7.24,5.11,5.85,14.82,1,1,0,0,0,4.83,4,quality,the product quality is stable and trustworthy,2,Value Seekers
R002083,value_seekers,18,4961.07,tier_2,jd,ready_to_drink,9.9,6.64,5.06,6.99,23.1,1,1,0,0,1,5.98,7,price,discount bundles make me more willing to buy,2,Value Seekers
R002084,value_seekers,33,8902.75,tier_1,douyin,healthy_snack,9.87,7.34,5.43,6.47,17.67,1,1,1,0,1,7.37,7,price,I compare price across platforms before purchase,2,Value Seekers
R002085,convenience_first,31,10778.41,tier_1,jd,home_cleaning,5.79,5.41,7.93,4.85,31.91,1,1,1,1,6,10.0,7,quality,I care about ingredients and product safety,3,Convenience Driven
R002086,convenience_first,31,10612.8,tier_1,douyin,ready_to_drink,6.45,6.06,9.3,5.65,21.12,0,0,0,1,2,8.79,10,delivery,stockouts make me switch to other brands,3,Convenience Driven
R002087,convenience_first,32,13897.25,tier_1,xiaohongshu,personal_care,7.93,7.13,8.9,5.82,26.5,1,1,0,0,2,7.74,9,quality,the product quality is stable and trustworthy,3,Convenience Driven
R002088,eco_advocates,40,13218.54,tier_3_plus,offline_supermarket,healthy_snack,5.46,7.79,6.82,10.0,31.37,1,1,1,1,2,9.36,7,sustainability,low carbon packaging would improve brand impression,4,Eco Advocates
R002089,value_seekers,39,13620.26,new_tier_1,jd,ready_to_drink,7.09,6.2,4.06,4.66,21.63,1,1,1,0,0,6.27,6,price,I compare price across platforms before purchase,2,Value Seekers
R002090,convenience_first,40,22723.87,new_tier_1,offline_supermarket,ready_to_drink,5.15,5.18,8.11,6.53,28.33,0,0,0,0,1,8.21,10,price,I compare price across platforms before purchase,3,Convenience Driven
R002091,new_explorers,32,6150.58,tier_3_plus,private_domain,healthy_snack,5.69,7.54,5.64,6.42,26.19,1,1,1,1,3,8.74,9,delivery,stockouts make me switch to other brands,1,Quality Loyalists
R002092,convenience_first,23,11035.68,tier_2,douyin,home_cleaning,6.92,7.34,9.61,4.79,25.62,0,1,1,1,4,10.0,10,quality,I care about ingredients and product safety,3,Convenience Driven
R002093,eco_advocates,22,7602.17,new_tier_1,jd,personal_care,5.52,8.53,5.91,9.17,29.92,0,0,0,1,1,7.71,8,quality,I care about ingredients and product safety,4,Eco Advocates
R002094,convenience_first,37,8771.98,new_tier_1,douyin,personal_care,4.56,6.93,7.26,4.97,28.45,1,1,1,0,4,9.39,8,promotion,membership coupons can increase repeat purchase,3,Convenience Driven
R002095,value_seekers,37,7755.13,tier_2,douyin,ready_to_drink,8.1,6.36,5.74,7.14,16.13,1,1,0,0,0,7.45,9,quality,quality improvement would make me repurchase more often,0,High Value Fans
R002096,new_explorers,45,8812.51,tier_2,offline_supermarket,healthy_snack,6.17,7.46,7.14,4.49,22.99,0,0,0,1,1,10.0,8,quality,I care about ingredients and product safety,3,Convenience Driven
R002097,quality_first,28,17673.55,tier_1,douyin,ready_to_drink,4.71,9.16,5.82,6.44,34.92,1,1,0,1,2,7.93,9,promotion,membership coupons can increase repeat purchase,1,Quality Loyalists
R002098,value_seekers,35,25108.9,tier_3_plus,douyin,personal_care,9.42,5.48,6.18,5.7,19.23,0,0,1,1,3,8.21,8,price,discount bundles make me more willing to buy,0,High Value Fans
R002099,convenience_first,18,5355.03,tier_2,xiaohongshu,healthy_snack,6.7,5.22,8.91,3.91,22.33,1,1,1,0,0,4.48,2,delivery,delivery speed affects whether I choose the brand,2,Value Seekers
R002100,value_seekers,39,6268.1,new_tier_1,tmall,personal_care,8.17,5.89,7.48,5.98,15.83,0,0,0,1,4,8.62,6,price,the price feels high without promotion,0,High Value Fans
R002101,quality_first,36,8380.2,tier_3_plus,tmall,healthy_snack,6.31,8.91,6.58,5.98,33.72,1,1,1,1,4,10.0,8,sustainability,sustainability claims need to be more credible,1,Quality Loyalists
R002102,convenience_first,26,12268.47,tier_1,private_domain,healthy_snack,5.81,6.58,8.53,5.33,29.06,1,1,1,1,0,9.89,10,price,the price feels high without promotion,3,Convenience Driven
R002103,value_seekers,35,16644.26,tier_2,xiaohongshu,healthy_snack,8.9,6.54,5.22,5.6,15.45,1,1,0,0,1,5.38,4,price,the price feels high without promotion,2,Value Seekers
R002104,new_explorers,39,13157.26,new_tier_1,tmall,ready_to_drink,5.74,5.9,5.44,7.05,15.15,1,1,0,0,1,7.06,7,quality,quality improvement would make me repurchase more often,0,High Value Fans
R002105,value_seekers,44,9858.42,new_tier_1,jd,healthy_snack,9.61,5.75,5.1,4.81,7.0,1,1,1,1,4,7.5,8,promotion,livestream promotion helps me discover new products,0,High Value Fans
R002106,convenience_first,31,8950.26,tier_3_plus,jd,healthy_snack,6.79,7.64,9.14,4.37,29.27,1,1,1,1,5,9.04,10,promotion,livestream promotion helps me discover new products,3,Convenience Driven
R002107,convenience_first,26,8969.18,tier_2,private_domain,personal_care,6.14,7.2,9.31,6.16,30.15,0,0,0,0,0,7.12,6,price,the price feels high without promotion,3,Convenience Driven
R002108,quality_first,31,20213.79,tier_1,xiaohongshu,ready_to_drink,5.85,9.54,6.73,6.93,31.24,1,1,1,1,3,9.88,10,price,I compare price across platforms before purchase,1,Quality Loyalists
R002109,new_explorers,30,10950.41,tier_3_plus,jd,personal_care,7.28,6.69,6.69,5.26,22.13,1,1,1,0,5,5.36,6,delivery,offline availability is not always convenient,2,Value Seekers
R002110,eco_advocates,54,24849.01,tier_2,private_domain,healthy_snack,4.68,8.09,6.85,9.04,39.38,1,1,1,1,7,10.0,10,sustainability,I prefer brands with recyclable packaging,4,Eco Advocates
R002111,convenience_first,33,7404.4,tier_2,jd,personal_care,5.05,6.9,9.44,5.61,24.9,0,0,1,1,7,10.0,8,delivery,delivery speed affects whether I choose the brand,3,Convenience Driven
R002112,convenience_first,28,17165.56,new_tier_1,tmall,healthy_snack,3.73,6.29,9.81,5.61,29.05,1,1,1,1,4,7.35,6,promotion,KOL reviews are useful but need to be authentic,3,Convenience Driven
R002113,eco_advocates,36,15003.07,tier_3_plus,jd,home_cleaning,6.11,6.19,5.85,9.82,29.64,1,1,1,1,2,6.77,7,quality,quality improvement would make me repurchase more often,4,Eco Advocates
R002114,value_seekers,25,23162.57,tier_2,tmall,personal_care,9.06,6.48,6.19,7.31,23.85,0,0,1,0,1,5.46,3,price,I compare price across platforms before purchase,2,Value Seekers
R002115,new_explorers,41,11475.28,tier_2,jd,ready_to_drink,6.74,7.25,6.19,7.45,24.0,0,0,0,0,0,8.22,9,price,discount bundles make me more willing to buy,0,High Value Fans
R002116,quality_first,28,9049.35,tier_2,offline_supermarket,ready_to_drink,4.34,8.22,6.71,5.86,25.09,1,1,0,0,0,8.17,9,sustainability,I prefer brands with recyclable packaging,1,Quality Loyalists
R002117,value_seekers,33,14278.86,tier_2,douyin,ready_to_drink,8.95,6.35,5.74,3.64,16.9,1,1,0,1,5,7.46,9,price,I compare price across platforms before purchase,0,High Value Fans
R002118,quality_first,24,14536.41,new_tier_1,private_domain,personal_care,5.08,7.41,7.98,6.25,36.19,0,1,0,0,0,7.65,9,delivery,stockouts make me switch to other brands,3,Convenience Driven
R002119,quality_first,24,10926.45,new_tier_1,douyin,personal_care,5.47,8.71,5.8,6.26,33.09,1,1,1,1,6,10.0,10,promotion,membership coupons can increase repeat purchase,1,Quality Loyalists
R002120,new_explorers,41,10284.25,tier_3_plus,tmall,ready_to_drink,7.14,6.35,6.88,6.16,24.3,1,1,1,0,4,7.56,8,price,the price feels high without promotion,0,High Value Fans
R002121,quality_first,36,9795.08,tier_3_plus,douyin,personal_care,4.18,9.32,5.87,6.86,26.76,0,1,0,0,1,8.83,7,promotion,KOL reviews are useful but need to be authentic,1,Quality Loyalists
R002122,quality_first,38,13293.33,new_tier_1,private_domain,ready_to_drink,4.38,9.82,5.79,5.6,29.54,1,1,1,1,1,9.66,10,quality,quality improvement would make me repurchase more often,1,Quality Loyalists
R002123,eco_advocates,19,16000.56,tier_3_plus,offline_supermarket,personal_care,5.63,6.91,5.28,8.67,32.82,0,0,0,1,3,10.0,10,sustainability,I prefer brands with recyclable packaging,4,Eco Advocates
R002124,eco_advocates,19,7509.67,tier_3_plus,douyin,ready_to_drink,4.42,5.3,6.75,9.5,35.0,0,0,0,1,0,7.96,8,packaging,the packaging is convenient but could look more premium,4,Eco Advocates
R002125,quality_first,42,11810.11,tier_3_plus,jd,home_cleaning,5.51,9.23,7.37,7.3,32.81,1,1,1,1,3,9.94,10,price,the price feels high without promotion,1,Quality Loyalists
R002126,new_explorers,36,9352.4,new_tier_1,jd,personal_care,7.11,5.94,6.3,8.3,22.32,0,0,0,1,4,9.47,9,promotion,livestream promotion helps me discover new products,0,High Value Fans
R002127,value_seekers,41,15720.96,tier_3_plus,private_domain,ready_to_drink,8.55,4.73,6.79,6.13,19.04,1,1,1,0,3,5.28,6,promotion,KOL reviews are useful but need to be authentic,2,Value Seekers
R002128,eco_advocates,26,7459.54,tier_1,douyin,ready_to_drink,6.5,9.94,6.84,8.69,36.5,0,1,1,1,2,8.87,8,sustainability,low carbon packaging would improve brand impression,4,Eco Advocates
R002129,value_seekers,18,8958.95,new_tier_1,jd,healthy_snack,7.65,6.86,5.49,6.24,13.5,1,1,1,1,3,6.7,6,price,discount bundles make me more willing to buy,2,Value Seekers
R002130,value_seekers,35,7312.58,tier_2,jd,healthy_snack,9.18,7.1,4.72,5.48,21.3,1,1,1,1,2,7.76,4,delivery,offline availability is not always convenient,2,Value Seekers
R002131,new_explorers,30,7618.89,new_tier_1,tmall,ready_to_drink,7.45,6.73,6.79,5.45,18.94,0,0,0,1,4,9.59,10,promotion,membership coupons can increase repeat purchase,0,High Value Fans
R002132,new_explorers,31,13744.36,tier_2,jd,personal_care,6.75,6.79,7.64,7.26,24.18,1,1,1,1,6,8.77,10,quality,quality improvement would make me repurchase more often,3,Convenience Driven
R002133,convenience_first,26,18318.21,new_tier_1,private_domain,ready_to_drink,5.95,8.19,8.77,5.54,28.35,1,1,0,1,2,9.79,9,sustainability,low carbon packaging would improve brand impression,3,Convenience Driven
R002134,quality_first,26,6319.32,tier_1,offline_supermarket,home_cleaning,3.53,9.1,6.55,5.14,35.3,1,1,1,1,5,10.0,10,delivery,stockouts make me switch to other brands,1,Quality Loyalists
R002135,new_explorers,46,8844.12,tier_2,jd,home_cleaning,7.31,6.72,6.66,6.99,23.0,0,0,0,0,1,5.12,6,promotion,livestream promotion helps me discover new products,2,Value Seekers
R002136,quality_first,28,10204.97,tier_1,douyin,ready_to_drink,4.13,9.98,6.6,6.29,38.44,1,1,1,1,4,9.38,10,promotion,membership coupons can increase repeat purchase,1,Quality Loyalists
R002137,convenience_first,21,17085.74,tier_2,tmall,personal_care,5.18,7.3,8.63,4.25,30.82,0,1,1,1,4,7.16,7,delivery,delivery speed affects whether I choose the brand,3,Convenience Driven
R002138,value_seekers,34,21988.6,tier_1,jd,ready_to_drink,7.73,6.67,7.06,4.15,21.03,0,1,1,1,3,8.58,6,promotion,livestream promotion helps me discover new products,0,High Value Fans
R002139,convenience_first,36,9157.98,tier_3_plus,jd,home_cleaning,5.93,6.8,7.45,4.39,24.7,0,0,0,0,2,8.28,6,price,discount bundles make me more willing to buy,3,Convenience Driven
R002140,value_seekers,34,6650.46,tier_2,xiaohongshu,home_cleaning,6.56,6.1,5.83,3.7,14.71,0,0,0,0,0,3.17,2,promotion,livestream promotion helps me discover new products,2,Value Seekers
R002141,quality_first,46,8501.53,tier_2,offline_supermarket,ready_to_drink,4.19,9.12,5.69,6.65,32.12,0,1,1,1,1,7.68,6,packaging,portable packaging is useful for work and travel,1,Quality Loyalists
R002142,value_seekers,46,12116.86,tier_1,tmall,home_cleaning,9.29,7.23,5.42,4.67,19.91,1,1,1,1,5,8.54,7,promotion,KOL reviews are useful but need to be authentic,0,High Value Fans
R002143,eco_advocates,40,15183.86,new_tier_1,xiaohongshu,healthy_snack,5.95,8.06,5.89,9.4,42.89,1,1,1,1,1,10.0,10,sustainability,I prefer brands with recyclable packaging,4,Eco Advocates
R002144,convenience_first,39,20479.98,new_tier_1,tmall,ready_to_drink,6.42,6.82,10.0,5.24,27.75,1,1,0,1,6,10.0,8,price,the price feels high without promotion,3,Convenience Driven
R002145,eco_advocates,34,5721.78,tier_3_plus,jd,ready_to_drink,5.11,8.8,6.62,9.11,30.92,1,1,1,1,4,10.0,10,packaging,portable packaging is useful for work and travel,4,Eco Advocates
R002146,new_explorers,18,17719.43,tier_3_plus,douyin,ready_to_drink,7.61,5.42,8.09,5.05,29.81,0,0,1,1,2,7.49,9,price,discount bundles make me more willing to buy,3,Convenience Driven
R002147,value_seekers,21,4871.54,tier_1,tmall,home_cleaning,10.0,6.94,5.07,5.22,17.07,1,1,1,0,2,4.55,5,quality,I care about ingredients and product safety,2,Value Seekers
R002148,new_explorers,34,3911.85,tier_2,douyin,healthy_snack,6.16,6.15,6.64,5.44,23.27,0,1,1,0,2,8.53,7,promotion,membership coupons can increase repeat purchase,0,High Value Fans
R002149,eco_advocates,26,8703.7,tier_3_plus,private_domain,home_cleaning,4.95,6.87,8.23,10.0,31.63,1,1,1,1,5,10.0,10,sustainability,low carbon packaging would improve brand impression,4,Eco Advocates
R002150,quality_first,30,10001.67,new_tier_1,tmall,ready_to_drink,4.63,7.44,5.27,6.93,32.28,0,1,1,1,5,9.41,9,sustainability,sustainability claims need to be more credible,1,Quality Loyalists
R002151,convenience_first,25,5729.31,tier_3_plus,tmall,home_cleaning,4.18,6.4,8.32,5.97,26.38,1,1,0,0,0,8.04,8,price,discount bundles make me more willing to buy,3,Convenience Driven
R002152,value_seekers,18,10255.04,tier_1,jd,ready_to_drink,10.0,6.07,5.21,5.88,11.71,0,1,1,1,3,7.6,9,price,the price feels high without promotion,0,High Value Fans
R002153,value_seekers,27,31082.84,new_tier_1,tmall,healthy_snack,6.77,4.99,5.94,6.48,19.4,1,1,1,0,0,5.84,7,quality,I care about ingredients and product safety,2,Value Seekers
R002154,quality_first,20,13162.83,tier_2,jd,ready_to_drink,4.38,8.22,7.05,5.7,32.7,0,0,0,1,4,9.02,10,promotion,membership coupons can increase repeat purchase,1,Quality Loyalists
R002155,convenience_first,30,3681.76,tier_1,private_domain,healthy_snack,5.02,6.92,9.42,5.16,19.18,0,1,1,1,5,7.32,7,delivery,stockouts make me switch to other brands,3,Convenience Driven
R002156,value_seekers,28,13107.55,tier_1,jd,personal_care,7.02,5.95,6.61,3.94,14.63,0,0,0,0,1,4.26,3,packaging,the packaging is convenient but could look more premium,2,Value Seekers
R002157,new_explorers,39,16096.82,tier_3_plus,jd,home_cleaning,5.42,6.07,5.8,6.0,19.02,0,0,0,0,0,5.3,4,promotion,membership coupons can increase repeat purchase,2,Value Seekers
R002158,new_explorers,24,16609.96,tier_2,douyin,healthy_snack,5.85,5.64,6.2,5.2,22.42,1,1,1,1,1,8.53,7,packaging,the package design should show product benefits more clearly,0,High Value Fans
R002159,quality_first,27,10211.19,tier_1,douyin,ready_to_drink,4.59,10.0,5.91,6.24,41.36,1,1,1,1,6,9.14,10,delivery,stockouts make me switch to other brands,1,Quality Loyalists
R002160,eco_advocates,24,9290.75,tier_1,douyin,healthy_snack,5.06,8.01,7.35,8.27,37.41,1,0,0,0,0,6.26,6,sustainability,sustainability claims need to be more credible,4,Eco Advocates
R002161,convenience_first,36,13125.47,new_tier_1,tmall,healthy_snack,5.67,6.93,9.06,5.76,29.97,1,1,1,1,3,8.26,9,packaging,portable packaging is useful for work and travel,3,Convenience Driven
R002162,value_seekers,38,9854.13,new_tier_1,tmall,healthy_snack,9.29,6.85,5.76,5.3,9.31,1,1,1,1,2,7.26,5,quality,I care about ingredients and product safety,2,Value Seekers
R002163,convenience_first,33,14311.0,tier_1,offline_supermarket,home_cleaning,5.42,7.7,7.81,5.14,30.39,0,1,1,1,4,8.62,10,delivery,stockouts make me switch to other brands,3,Convenience Driven
R002164,value_seekers,21,5633.48,tier_1,xiaohongshu,home_cleaning,8.76,6.02,5.94,5.76,19.45,0,0,0,0,0,6.41,6,packaging,portable packaging is useful for work and travel,2,Value Seekers
R002165,convenience_first,39,17184.36,tier_2,jd,home_cleaning,5.26,5.8,8.88,4.82,32.03,0,1,1,0,1,9.37,10,packaging,the packaging is convenient but could look more premium,3,Convenience Driven
R002166,eco_advocates,18,11930.67,new_tier_1,jd,healthy_snack,6.43,7.51,6.28,8.72,32.3,1,1,1,1,1,9.71,10,quality,the product quality is stable and trustworthy,4,Eco Advocates
R002167,value_seekers,21,12395.13,tier_2,douyin,ready_to_drink,8.37,5.5,5.53,7.06,19.82,0,1,1,0,1,8.45,8,packaging,the packaging is convenient but could look more premium,0,High Value Fans
R002168,value_seekers,18,16391.2,new_tier_1,private_domain,personal_care,8.25,6.59,6.03,3.94,19.7,1,1,1,1,4,9.66,10,quality,the product quality is stable and trustworthy,0,High Value Fans
R002169,value_seekers,23,21828.5,tier_1,tmall,home_cleaning,9.08,7.09,6.11,3.63,19.27,1,1,1,1,4,5.79,5,delivery,delivery speed affects whether I choose the brand,2,Value Seekers
R002170,value_seekers,23,12002.21,tier_3_plus,tmall,healthy_snack,9.42,5.06,6.15,4.73,22.17,1,1,1,0,2,6.75,8,price,I compare price across platforms before purchase,2,Value Seekers
R002171,value_seekers,34,30937.24,tier_2,douyin,personal_care,7.17,6.13,4.94,5.11,23.48,0,0,1,0,1,7.66,7,price,the price feels high without promotion,0,High Value Fans
R002172,eco_advocates,38,19645.79,tier_3_plus,offline_supermarket,ready_to_drink,5.01,6.93,7.07,7.97,34.78,0,1,1,0,0,9.29,8,delivery,stockouts make me switch to other brands,4,Eco Advocates
R002173,value_seekers,33,5936.25,tier_1,jd,home_cleaning,8.32,5.29,5.47,4.17,18.05,0,1,0,0,0,7.07,7,price,the price feels high without promotion,2,Value Seekers
R002174,eco_advocates,25,10334.18,tier_2,tmall,personal_care,4.73,7.0,6.41,9.83,36.97,0,1,1,0,4,8.92,10,quality,the product quality is stable and trustworthy,4,Eco Advocates
R002175,quality_first,32,16631.67,tier_2,jd,ready_to_drink,5.91,9.72,4.92,6.53,34.22,1,1,1,1,1,10.0,10,quality,I care about ingredients and product safety,1,Quality Loyalists
R002176,quality_first,39,9283.46,tier_3_plus,tmall,ready_to_drink,5.43,8.55,7.31,5.04,33.03,1,1,1,1,2,9.56,9,quality,quality improvement would make me repurchase more often,1,Quality Loyalists
R002177,eco_advocates,34,6303.67,new_tier_1,xiaohongshu,personal_care,5.9,9.52,7.17,9.35,34.87,0,1,0,0,0,8.41,9,sustainability,I prefer brands with recyclable packaging,4,Eco Advocates
R002178,new_explorers,19,6913.18,new_tier_1,douyin,healthy_snack,8.1,7.09,6.76,7.19,21.28,1,1,0,0,0,8.97,8,promotion,membership coupons can increase repeat purchase,0,High Value Fans
R002179,quality_first,25,12533.81,tier_2,jd,personal_care,6.04,8.82,6.15,7.13,28.66,0,1,1,1,2,9.75,9,quality,the product quality is stable and trustworthy,1,Quality Loyalists
R002180,quality_first,26,6128.17,new_tier_1,xiaohongshu,healthy_snack,5.86,9.21,6.35,5.57,33.69,0,1,1,1,2,9.73,10,quality,quality improvement would make me repurchase more often,1,Quality Loyalists
R002181,convenience_first,36,4929.76,new_tier_1,douyin,home_cleaning,5.09,6.43,9.07,6.22,32.33,1,1,1,1,2,9.98,9,delivery,stockouts make me switch to other brands,3,Convenience Driven
R002182,value_seekers,28,7718.63,new_tier_1,xiaohongshu,home_cleaning,8.7,5.9,5.31,5.64,19.83,0,1,1,1,4,6.65,9,promotion,livestream promotion helps me discover new products,0,High Value Fans
R002183,value_seekers,23,10382.18,tier_2,xiaohongshu,ready_to_drink,10.0,6.02,5.47,4.31,10.32,1,1,1,1,4,7.79,9,delivery,delivery speed affects whether I choose the brand,0,High Value Fans
R002184,value_seekers,18,7488.93,tier_2,tmall,personal_care,9.08,4.74,5.65,6.39,15.69,0,0,1,0,1,7.38,6,packaging,portable packaging is useful for work and travel,2,Value Seekers
R002185,quality_first,41,9405.78,tier_2,tmall,ready_to_drink,4.9,9.12,6.28,6.83,31.61,1,1,1,1,4,9.98,8,quality,quality improvement would make me repurchase more often,1,Quality Loyalists
R002186,convenience_first,39,7801.37,new_tier_1,tmall,personal_care,5.67,6.87,8.31,5.27,29.41,1,1,1,1,2,7.67,7,packaging,the packaging is convenient but could look more premium,3,Convenience Driven
R002187,convenience_first,30,19522.62,tier_2,tmall,ready_to_drink,6.94,8.18,6.82,5.17,25.58,1,0,0,1,4,7.89,5,delivery,offline availability is not always convenient,0,High Value Fans
R002188,new_explorers,41,18445.5,tier_2,jd,healthy_snack,7.6,7.08,5.56,5.03,27.24,1,1,0,0,0,7.54,6,sustainability,sustainability claims need to be more credible,2,Value Seekers
R002189,quality_first,18,16408.13,tier_2,jd,home_cleaning,4.53,9.77,5.3,6.38,42.55,1,1,1,1,1,8.98,9,packaging,the package design should show product benefits more clearly,1,Quality Loyalists
R002190,eco_advocates,38,10410.67,tier_2,douyin,personal_care,5.32,8.41,6.13,8.38,35.88,0,0,1,1,0,7.99,8,quality,the product quality is stable and trustworthy,4,Eco Advocates
R002191,convenience_first,33,29703.58,tier_2,xiaohongshu,personal_care,5.46,6.56,8.2,5.53,32.07,1,1,1,1,2,8.85,9,packaging,portable packaging is useful for work and travel,3,Convenience Driven
R002192,new_explorers,21,6889.17,tier_2,offline_supermarket,ready_to_drink,6.58,7.02,6.48,5.76,21.23,1,1,0,0,1,7.93,9,packaging,portable packaging is useful for work and travel,0,High Value Fans
R002193,new_explorers,32,7996.15,new_tier_1,tmall,healthy_snack,6.68,6.41,7.07,7.25,20.06,1,1,1,1,3,9.34,10,promotion,KOL reviews are useful but need to be authentic,0,High Value Fans
R002194,quality_first,29,9310.36,tier_3_plus,offline_supermarket,healthy_snack,4.09,10.0,6.2,6.3,31.87,0,0,0,0,0,7.79,9,delivery,delivery speed affects whether I choose the brand,1,Quality Loyalists
R002195,quality_first,28,5349.29,tier_1,douyin,personal_care,5.62,7.79,5.53,6.07,29.58,0,1,1,1,0,10.0,10,price,the price feels high without promotion,1,Quality Loyalists
R002196,eco_advocates,36,18359.6,new_tier_1,douyin,personal_care,5.26,8.27,6.26,8.59,31.87,0,0,1,1,2,7.94,7,quality,quality improvement would make me repurchase more often,4,Eco Advocates
R002197,value_seekers,47,16509.66,tier_3_plus,offline_supermarket,ready_to_drink,8.16,6.27,5.81,5.2,22.86,1,1,1,1,0,4.4,4,promotion,livestream promotion helps me discover new products,2,Value Seekers
R002198,eco_advocates,31,5041.61,tier_1,offline_supermarket,healthy_snack,7.22,8.75,6.36,8.82,38.75,0,1,1,1,3,9.08,10,sustainability,I prefer brands with recyclable packaging,4,Eco Advocates
R002199,eco_advocates,41,11669.65,new_tier_1,tmall,healthy_snack,4.78,7.55,7.02,9.18,29.71,1,1,0,1,3,9.34,10,price,discount bundles make me more willing to buy,4,Eco Advocates
R002200,new_explorers,23,8568.36,new_tier_1,jd,personal_care,7.07,6.83,5.55,6.61,23.18,1,1,1,1,3,9.11,9,promotion,KOL reviews are useful but need to be authentic,0,High Value Fans
R002201,value_seekers,30,9574.76,tier_1,xiaohongshu,healthy_snack,9.26,6.26,6.27,6.49,16.48,1,1,1,1,1,6.89,7,price,the price feels high without promotion,2,Value Seekers
R002202,convenience_first,26,10624.51,tier_1,jd,ready_to_drink,3.69,6.56,8.76,5.48,26.97,0,0,1,1,4,10.0,9,packaging,the package design should show product benefits more clearly,3,Convenience Driven
R002203,quality_first,42,4547.9,new_tier_1,private_domain,personal_care,3.86,8.64,6.29,6.19,37.25,0,1,1,1,4,9.77,10,sustainability,I prefer brands with recyclable packaging,1,Quality Loyalists
R002204,value_seekers,38,9867.74,tier_3_plus,douyin,home_cleaning,7.29,5.92,5.38,6.83,15.22,1,1,1,0,2,7.28,6,promotion,livestream promotion helps me discover new products,2,Value Seekers
R002205,eco_advocates,36,20979.27,tier_1,offline_supermarket,healthy_snack,5.58,6.65,5.22,9.77,36.74,1,0,0,0,0,8.4,9,delivery,stockouts make me switch to other brands,4,Eco Advocates
R002206,quality_first,23,8648.33,new_tier_1,tmall,healthy_snack,4.51,7.6,7.03,7.09,30.71,1,0,1,1,8,10.0,9,promotion,KOL reviews are useful but need to be authentic,1,Quality Loyalists
R002207,convenience_first,18,14029.83,tier_1,tmall,ready_to_drink,5.73,6.92,9.18,5.2,27.2,1,1,1,1,4,10.0,9,delivery,stockouts make me switch to other brands,3,Convenience Driven
R002208,quality_first,28,11086.0,new_tier_1,offline_supermarket,healthy_snack,4.14,9.01,6.63,6.85,28.98,1,1,1,1,2,8.63,8,quality,the product quality is stable and trustworthy,1,Quality Loyalists
R002209,quality_first,40,7266.67,new_tier_1,private_domain,ready_to_drink,3.54,8.57,7.59,7.24,27.99,0,1,1,1,2,10.0,8,delivery,delivery speed affects whether I choose the brand,1,Quality Loyalists
R002210,eco_advocates,29,8597.65,new_tier_1,tmall,home_cleaning,5.21,7.49,5.54,9.16,36.16,0,0,0,1,3,6.71,8,sustainability,I prefer brands with recyclable packaging,4,Eco Advocates
R002211,eco_advocates,41,13009.63,new_tier_1,douyin,home_cleaning,4.91,7.35,6.03,8.38,31.88,1,1,0,1,4,9.41,10,sustainability,I prefer brands with recyclable packaging,4,Eco Advocates
R002212,value_seekers,27,10868.87,tier_1,xiaohongshu,ready_to_drink,9.82,6.29,4.82,5.57,10.89,1,1,1,1,2,7.7,8,price,I compare price across platforms before purchase,0,High Value Fans
R002213,convenience_first,29,9928.78,tier_2,tmall,personal_care,5.82,7.59,8.83,6.55,26.61,0,1,0,0,1,9.87,9,sustainability,sustainability claims need to be more credible,3,Convenience Driven
R002214,value_seekers,26,14436.57,tier_2,tmall,ready_to_drink,10.0,6.98,6.8,4.59,22.29,1,0,0,1,1,6.84,6,price,the price feels high without promotion,2,Value Seekers
R002215,value_seekers,30,9776.51,new_tier_1,tmall,ready_to_drink,9.17,6.82,5.29,5.48,18.98,0,1,1,0,0,7.49,7,promotion,KOL reviews are useful but need to be authentic,2,Value Seekers
R002216,value_seekers,22,6388.14,new_tier_1,douyin,healthy_snack,9.03,6.74,5.03,5.43,19.78,0,1,1,0,2,4.18,2,promotion,KOL reviews are useful but need to be authentic,2,Value Seekers
R002217,eco_advocates,38,12247.26,tier_2,douyin,healthy_snack,5.74,8.56,7.37,9.01,37.16,0,1,1,1,4,8.48,8,sustainability,I prefer brands with recyclable packaging,4,Eco Advocates
R002218,eco_advocates,26,11455.4,tier_3_plus,douyin,ready_to_drink,3.78,8.0,6.2,8.0,31.93,0,0,0,1,2,10.0,7,price,I compare price across platforms before purchase,4,Eco Advocates
R002219,quality_first,25,12037.16,tier_1,douyin,personal_care,6.05,9.64,5.65,6.61,28.66,0,0,0,1,1,9.95,10,quality,I care about ingredients and product safety,1,Quality Loyalists
R002220,value_seekers,23,10037.62,new_tier_1,douyin,personal_care,9.61,6.52,6.22,4.82,14.85,0,1,0,0,1,7.93,8,price,the price feels high without promotion,0,High Value Fans
R002221,value_seekers,26,14643.4,new_tier_1,offline_supermarket,healthy_snack,8.78,6.66,4.93,3.27,17.0,1,1,1,1,4,6.82,7,delivery,offline availability is not always convenient,2,Value Seekers
R002222,value_seekers,41,9207.73,tier_2,jd,ready_to_drink,9.16,4.7,5.69,6.78,14.65,1,1,1,1,4,7.27,8,promotion,KOL reviews are useful but need to be authentic,0,High Value Fans
R002223,new_explorers,48,5807.29,tier_1,douyin,personal_care,7.15,5.99,7.34,4.92,16.77,0,1,1,1,6,6.41,5,delivery,delivery speed affects whether I choose the brand,2,Value Seekers
R002224,quality_first,38,8805.0,new_tier_1,xiaohongshu,personal_care,4.24,9.0,6.35,7.13,28.33,0,1,1,1,6,10.0,10,packaging,portable packaging is useful for work and travel,1,Quality Loyalists
R002225,value_seekers,34,18186.88,tier_3_plus,private_domain,personal_care,8.82,6.42,6.72,5.18,20.6,1,1,1,0,0,5.18,4,price,I compare price across platforms before purchase,2,Value Seekers
R002226,new_explorers,29,11489.27,tier_1,xiaohongshu,healthy_snack,6.72,5.22,7.95,6.1,22.98,1,0,0,1,3,8.76,8,promotion,membership coupons can increase repeat purchase,3,Convenience Driven
R002227,new_explorers,28,7852.14,tier_2,tmall,personal_care,6.1,6.22,6.61,5.65,25.89,1,0,0,0,0,4.83,4,packaging,the packaging is convenient but could look more premium,2,Value Seekers
R002228,quality_first,56,14360.97,new_tier_1,tmall,healthy_snack,6.05,9.95,6.95,6.52,34.38,1,1,1,0,1,7.86,8,quality,quality improvement would make me repurchase more often,1,Quality Loyalists
R002229,quality_first,33,9107.6,tier_3_plus,offline_supermarket,healthy_snack,3.86,9.71,7.3,5.02,30.68,1,1,1,1,5,9.01,8,packaging,portable packaging is useful for work and travel,1,Quality Loyalists
R002230,value_seekers,42,8161.88,tier_1,offline_supermarket,healthy_snack,6.49,7.19,6.01,5.96,13.21,1,1,1,1,2,7.07,6,delivery,stockouts make me switch to other brands,2,Value Seekers
R002231,convenience_first,34,4936.02,tier_2,offline_supermarket,personal_care,4.33,6.38,8.65,5.84,29.72,1,1,0,1,1,10.0,10,packaging,the packaging is convenient but could look more premium,3,Convenience Driven
R002232,value_seekers,18,3728.05,tier_1,tmall,ready_to_drink,8.47,7.08,6.03,5.68,17.68,1,1,1,1,9,9.22,8,quality,quality improvement would make me repurchase more often,0,High Value Fans
R002233,value_seekers,25,8233.37,new_tier_1,private_domain,ready_to_drink,8.21,6.02,6.4,5.01,21.49,1,0,0,1,1,7.73,10,delivery,offline availability is not always convenient,0,High Value Fans
R002234,new_explorers,35,8937.35,tier_2,offline_supermarket,healthy_snack,7.5,6.75,6.19,6.63,20.98,0,0,1,1,5,9.39,8,price,I compare price across platforms before purchase,0,High Value Fans
R002235,value_seekers,27,4696.2,tier_1,offline_supermarket,ready_to_drink,9.65,6.83,6.13,4.47,14.51,1,1,1,1,2,6.12,4,quality,I care about ingredients and product safety,2,Value Seekers
R002236,value_seekers,27,14647.82,tier_2,jd,ready_to_drink,9.98,5.78,5.75,5.07,18.14,1,1,1,1,4,8.42,10,packaging,the package design should show product benefits more clearly,0,High Value Fans
R002237,value_seekers,22,13181.55,tier_1,tmall,ready_to_drink,8.84,5.22,6.26,4.69,18.58,0,1,0,1,3,6.11,7,packaging,the package design should show product benefits more clearly,2,Value Seekers
R002238,value_seekers,37,16983.39,tier_3_plus,offline_supermarket,home_cleaning,8.08,6.27,5.41,5.03,17.41,0,0,0,0,0,5.04,5,promotion,KOL reviews are useful but need to be authentic,2,Value Seekers
R002239,value_seekers,33,6056.32,tier_3_plus,douyin,ready_to_drink,7.13,6.57,5.82,5.9,17.39,1,1,1,1,2,8.25,9,quality,quality improvement would make me repurchase more often,0,High Value Fans
R002240,new_explorers,24,10821.09,tier_1,tmall,personal_care,6.64,9.0,6.31,6.53,25.56,1,1,1,1,1,6.34,6,price,the price feels high without promotion,2,Value Seekers
R002241,new_explorers,27,16793.73,tier_1,douyin,home_cleaning,6.66,6.53,5.8,6.18,26.37,1,1,1,1,0,6.96,7,promotion,KOL reviews are useful but need to be authentic,2,Value Seekers
R002242,new_explorers,30,6268.31,tier_2,douyin,ready_to_drink,8.2,7.05,5.81,5.42,20.35,1,1,1,1,5,6.55,7,price,the price feels high without promotion,0,High Value Fans
R002243,quality_first,29,10218.48,tier_2,xiaohongshu,healthy_snack,4.71,8.32,6.53,7.0,34.51,1,1,1,1,4,8.47,9,sustainability,sustainability claims need to be more credible,1,Quality Loyalists
R002244,new_explorers,22,14472.37,new_tier_1,xiaohongshu,healthy_snack,5.78,6.2,6.21,6.09,17.9,1,1,1,1,6,8.67,10,promotion,KOL reviews are useful but need to be authentic,0,High Value Fans
R002245,new_explorers,23,9563.81,tier_1,douyin,ready_to_drink,7.32,6.73,7.04,5.7,22.55,1,0,0,1,3,9.26,10,quality,the product quality is stable and trustworthy,0,High Value Fans
R002246,quality_first,31,18934.31,tier_2,tmall,healthy_snack,5.91,9.32,6.59,5.5,37.69,0,0,1,1,1,9.32,9,quality,quality improvement would make me repurchase more often,1,Quality Loyalists
R002247,convenience_first,28,13236.0,tier_3_plus,tmall,ready_to_drink,7.55,6.86,8.97,6.41,27.19,0,1,1,0,1,6.1,3,packaging,portable packaging is useful for work and travel,2,Value Seekers
R002248,convenience_first,28,9538.86,tier_1,douyin,home_cleaning,6.3,6.44,9.67,4.9,28.28,1,1,1,1,3,8.94,9,promotion,membership coupons can increase repeat purchase,3,Convenience Driven
R002249,value_seekers,19,7197.87,new_tier_1,tmall,ready_to_drink,7.0,5.37,6.36,5.09,18.38,0,1,1,0,3,9.04,8,delivery,offline availability is not always convenient,0,High Value Fans
R002250,eco_advocates,38,11424.53,tier_1,douyin,home_cleaning,5.93,7.71,6.13,8.55,32.24,0,1,0,0,0,7.5,10,quality,the product quality is stable and trustworthy,4,Eco Advocates
R002251,convenience_first,33,5935.67,new_tier_1,tmall,home_cleaning,7.27,7.53,7.77,6.1,25.88,0,0,0,0,1,8.36,10,price,discount bundles make me more willing to buy,3,Convenience Driven
R002252,quality_first,34,9625.19,new_tier_1,tmall,healthy_snack,5.14,8.93,7.17,6.42,32.52,1,1,1,1,1,10.0,10,quality,the product quality is stable and trustworthy,1,Quality Loyalists
R002253,eco_advocates,40,9376.92,tier_2,xiaohongshu,ready_to_drink,5.28,6.76,6.96,9.86,36.96,0,1,1,1,2,9.54,9,promotion,livestream promotion helps me discover new products,4,Eco Advocates
R002254,quality_first,26,6658.62,tier_3_plus,tmall,personal_care,5.09,9.24,7.28,6.94,27.46,0,0,1,1,7,9.58,9,promotion,KOL reviews are useful but need to be authentic,1,Quality Loyalists
R002255,value_seekers,40,19688.66,tier_2,tmall,ready_to_drink,9.37,5.88,5.72,6.31,16.8,1,1,0,0,0,4.77,4,price,discount bundles make me more willing to buy,2,Value Seekers
R002256,quality_first,27,16820.32,tier_1,jd,home_cleaning,3.8,8.43,6.51,6.48,29.66,1,1,0,1,2,9.44,8,promotion,membership coupons can increase repeat purchase,1,Quality Loyalists
R002257,value_seekers,23,12402.74,new_tier_1,jd,home_cleaning,7.59,6.45,5.53,4.92,21.25,0,0,0,1,4,6.08,7,packaging,the package design should show product benefits more clearly,2,Value Seekers
R002258,quality_first,32,4280.05,new_tier_1,jd,personal_care,4.7,8.46,7.37,5.66,30.3,1,1,1,1,5,10.0,10,quality,the product quality is stable and trustworthy,1,Quality Loyalists
R002259,value_seekers,36,6678.37,tier_2,tmall,healthy_snack,10.0,5.83,4.67,4.37,19.9,1,0,1,1,2,5.73,6,price,I compare price across platforms before purchase,2,Value Seekers
R002260,value_seekers,28,10275.9,tier_1,tmall,healthy_snack,8.07,6.99,6.23,5.54,14.32,1,1,1,1,4,9.15,10,price,the price feels high without promotion,0,High Value Fans
R002261,value_seekers,30,11690.06,new_tier_1,douyin,personal_care,8.17,6.69,5.68,5.31,12.98,0,0,1,1,2,9.48,8,price,I compare price across platforms before purchase,0,High Value Fans
R002262,value_seekers,27,13305.66,tier_1,jd,home_cleaning,6.66,6.0,6.03,5.7,16.71,1,1,1,0,2,8.66,7,price,the price feels high without promotion,0,High Value Fans
R002263,eco_advocates,41,4048.77,tier_1,offline_supermarket,ready_to_drink,5.02,8.9,7.4,9.02,35.37,1,1,1,1,3,9.12,9,sustainability,I prefer brands with recyclable packaging,4,Eco Advocates
R002264,new_explorers,46,13618.68,new_tier_1,tmall,healthy_snack,5.71,6.69,6.55,6.81,16.37,1,1,1,0,2,9.66,10,promotion,membership coupons can increase repeat purchase,0,High Value Fans
R002265,value_seekers,36,13536.95,new_tier_1,private_domain,ready_to_drink,9.3,5.92,6.37,5.1,18.63,0,0,1,1,1,9.12,9,price,the price feels high without promotion,0,High Value Fans
R002266,quality_first,35,14421.07,new_tier_1,private_domain,home_cleaning,5.18,9.69,6.15,7.43,35.39,0,0,1,1,3,9.85,9,promotion,membership coupons can increase repeat purchase,1,Quality Loyalists
R002267,new_explorers,18,12709.77,tier_1,douyin,home_cleaning,6.42,6.73,7.6,7.87,23.38,0,0,1,1,3,9.85,10,price,the price feels high without promotion,3,Convenience Driven
R002268,quality_first,38,7273.39,new_tier_1,tmall,personal_care,5.22,8.77,6.36,5.38,34.38,0,1,0,0,2,9.33,9,quality,quality improvement would make me repurchase more often,1,Quality Loyalists
R002269,convenience_first,18,12232.54,tier_1,private_domain,home_cleaning,5.39,7.44,8.31,5.22,26.81,1,1,0,0,0,9.48,9,delivery,delivery speed affects whether I choose the brand,3,Convenience Driven
R002270,eco_advocates,22,5338.46,new_tier_1,tmall,healthy_snack,4.85,8.21,8.1,8.96,36.57,0,0,0,1,2,10.0,8,quality,I care about ingredients and product safety,4,Eco Advocates
R002271,convenience_first,23,10453.31,tier_1,xiaohongshu,home_cleaning,5.72,6.26,10.0,5.06,21.63,0,1,1,1,5,9.06,9,delivery,stockouts make me switch to other brands,3,Convenience Driven
R002272,new_explorers,35,9566.6,tier_2,tmall,healthy_snack,6.68,7.21,7.36,6.98,22.14,1,1,1,1,4,9.37,10,price,discount bundles make me more willing to buy,3,Convenience Driven
R002273,value_seekers,29,4417.55,tier_3_plus,tmall,healthy_snack,8.68,5.59,4.38,5.51,14.73,1,1,0,1,2,4.95,5,quality,quality improvement would make me repurchase more often,2,Value Seekers
R002274,value_seekers,24,12680.95,new_tier_1,offline_supermarket,personal_care,10.0,7.18,4.32,4.12,17.49,0,0,0,0,0,6.22,6,price,the price feels high without promotion,2,Value Seekers
R002275,new_explorers,42,8166.02,new_tier_1,tmall,personal_care,6.7,5.5,6.36,6.15,17.24,0,0,0,1,2,8.08,6,price,I compare price across platforms before purchase,0,High Value Fans
R002276,convenience_first,24,9401.98,new_tier_1,tmall,home_cleaning,5.67,6.98,10.0,4.97,26.43,1,1,1,1,7,9.35,10,delivery,delivery speed affects whether I choose the brand,3,Convenience Driven
R002277,quality_first,28,7996.1,tier_2,tmall,ready_to_drink,4.61,8.2,5.45,7.02,32.32,0,1,1,1,7,8.82,8,sustainability,low carbon packaging would improve brand impression,1,Quality Loyalists
R002278,new_explorers,18,11652.93,tier_1,douyin,home_cleaning,6.04,5.74,7.99,6.96,25.37,0,0,1,0,2,6.94,5,delivery,offline availability is not always convenient,2,Value Seekers
R002279,new_explorers,23,12456.25,new_tier_1,offline_supermarket,ready_to_drink,6.87,6.33,6.9,5.82,22.82,0,0,0,0,0,6.65,7,price,discount bundles make me more willing to buy,2,Value Seekers
R002280,new_explorers,39,18606.62,tier_2,jd,home_cleaning,6.16,5.9,6.16,6.35,22.5,1,1,1,1,3,7.31,7,delivery,delivery speed affects whether I choose the brand,0,High Value Fans
R002281,value_seekers,18,4257.12,tier_2,douyin,ready_to_drink,8.24,7.34,5.59,4.31,22.95,1,1,1,1,5,7.79,8,sustainability,sustainability claims need to be more credible,0,High Value Fans
R002282,quality_first,34,8500.8,new_tier_1,private_domain,ready_to_drink,5.25,8.07,5.85,7.18,29.99,1,1,1,1,1,7.2,9,quality,quality improvement would make me repurchase more often,4,Eco Advocates
R002283,eco_advocates,32,9808.41,tier_1,douyin,personal_care,5.52,7.29,5.57,8.77,31.87,1,1,1,1,2,9.67,10,sustainability,I prefer brands with recyclable packaging,4,Eco Advocates
R002284,quality_first,36,10932.49,tier_3_plus,offline_supermarket,personal_care,5.21,8.85,5.8,6.43,28.86,0,0,0,0,0,6.28,5,quality,I care about ingredients and product safety,2,Value Seekers
R002285,convenience_first,21,28635.06,tier_3_plus,tmall,home_cleaning,6.5,7.36,9.65,5.44,29.08,0,1,1,0,2,9.79,9,packaging,the packaging is convenient but could look more premium,3,Convenience Driven
R002286,eco_advocates,25,7392.59,tier_3_plus,private_domain,ready_to_drink,5.72,8.78,5.68,9.49,26.59,1,1,1,1,2,7.64,7,promotion,membership coupons can increase repeat purchase,4,Eco Advocates
R002287,convenience_first,30,10906.76,new_tier_1,xiaohongshu,healthy_snack,5.87,6.6,7.86,5.04,25.68,0,0,1,0,0,8.0,8,price,discount bundles make me more willing to buy,3,Convenience Driven
R002288,quality_first,32,10624.17,new_tier_1,douyin,healthy_snack,3.74,10.0,5.8,6.8,38.45,1,1,1,1,3,10.0,9,sustainability,sustainability claims need to be more credible,1,Quality Loyalists
R002289,eco_advocates,34,16331.47,new_tier_1,private_domain,ready_to_drink,6.45,5.48,6.13,7.91,33.63,1,1,1,1,5,10.0,10,price,I compare price across platforms before purchase,4,Eco Advocates
R002290,new_explorers,20,14728.35,new_tier_1,tmall,healthy_snack,6.55,8.11,6.92,6.15,24.02,1,1,1,1,1,9.86,10,sustainability,I prefer brands with recyclable packaging,1,Quality Loyalists
R002291,quality_first,43,4849.88,tier_3_plus,douyin,personal_care,5.09,10.0,6.78,5.73,31.27,1,0,0,1,7,10.0,10,delivery,offline availability is not always convenient,1,Quality Loyalists
R002292,quality_first,30,21778.94,new_tier_1,douyin,home_cleaning,2.52,9.73,6.92,6.14,34.16,1,1,1,0,1,9.23,8,quality,quality improvement would make me repurchase more often,1,Quality Loyalists
R002293,convenience_first,29,5143.12,new_tier_1,jd,healthy_snack,4.58,8.5,9.8,3.86,31.4,1,1,1,0,1,10.0,10,sustainability,sustainability claims need to be more credible,3,Convenience Driven
R002294,value_seekers,48,9922.35,tier_3_plus,offline_supermarket,personal_care,7.81,5.87,6.71,5.75,26.62,1,1,0,0,0,7.54,8,price,I compare price across platforms before purchase,0,High Value Fans
R002295,quality_first,28,10134.24,tier_2,tmall,healthy_snack,5.76,10.0,6.9,6.72,29.5,0,1,1,1,5,8.77,10,price,I compare price across platforms before purchase,1,Quality Loyalists
R002296,quality_first,26,13552.15,new_tier_1,jd,ready_to_drink,4.4,10.0,6.05,6.51,36.97,1,1,1,1,4,8.91,10,packaging,portable packaging is useful for work and travel,1,Quality Loyalists
R002297,eco_advocates,39,11137.31,tier_3_plus,douyin,ready_to_drink,5.75,7.52,5.78,9.17,31.07,1,1,1,1,2,9.2,8,price,I compare price across platforms before purchase,4,Eco Advocates
R002298,eco_advocates,23,6519.81,new_tier_1,xiaohongshu,ready_to_drink,5.68,6.47,5.39,8.44,28.52,0,0,1,1,2,9.33,9,promotion,KOL reviews are useful but need to be authentic,4,Eco Advocates
R002299,eco_advocates,32,11526.23,new_tier_1,tmall,ready_to_drink,5.8,6.93,6.21,9.87,30.92,0,0,0,0,1,9.9,9,delivery,stockouts make me switch to other brands,4,Eco Advocates
R002300,value_seekers,33,6278.99,tier_1,tmall,ready_to_drink,7.38,6.33,5.45,4.53,15.16,1,1,1,1,3,8.33,9,quality,I care about ingredients and product safety,0,High Value Fans
R002301,value_seekers,21,25009.52,tier_1,offline_supermarket,personal_care,9.09,6.16,6.55,5.93,20.45,1,1,0,0,0,6.61,4,promotion,livestream promotion helps me discover new products,2,Value Seekers
R002302,new_explorers,39,14330.92,tier_1,jd,personal_care,7.18,6.8,4.83,8.03,24.0,0,1,1,1,4,5.59,5,quality,the product quality is stable and trustworthy,2,Value Seekers
R002303,convenience_first,25,4556.63,new_tier_1,tmall,ready_to_drink,4.56,7.0,8.69,4.36,30.9,1,0,1,1,4,9.92,10,price,I compare price across platforms before purchase,3,Convenience Driven
R002304,new_explorers,27,11752.17,tier_1,douyin,ready_to_drink,6.87,7.36,6.27,6.23,22.88,0,1,1,1,2,8.08,9,quality,I care about ingredients and product safety,0,High Value Fans
R002305,quality_first,31,3764.57,new_tier_1,jd,home_cleaning,4.65,8.65,5.92,5.83,34.65,1,1,1,1,1,7.73,7,quality,quality improvement would make me repurchase more often,1,Quality Loyalists
R002306,value_seekers,26,8678.54,new_tier_1,jd,home_cleaning,8.16,6.93,5.48,4.48,18.02,1,1,1,0,2,5.02,4,delivery,stockouts make me switch to other brands,2,Value Seekers
R002307,convenience_first,58,16261.58,tier_2,private_domain,personal_care,3.6,7.03,9.54,4.54,27.83,1,1,1,1,4,10.0,10,packaging,the packaging is convenient but could look more premium,3,Convenience Driven
R002308,value_seekers,25,7487.76,new_tier_1,tmall,personal_care,8.57,6.24,5.32,5.0,13.96,0,0,1,0,2,7.53,10,price,discount bundles make me more willing to buy,0,High Value Fans
R002309,quality_first,28,3791.48,tier_1,tmall,home_cleaning,5.58,8.9,6.93,6.26,33.06,0,0,0,0,0,8.41,7,price,discount bundles make me more willing to buy,1,Quality Loyalists
R002310,quality_first,35,9698.17,new_tier_1,jd,healthy_snack,5.58,9.07,5.21,6.55,30.55,0,0,0,0,0,8.15,8,quality,the product quality is stable and trustworthy,1,Quality Loyalists
R002311,eco_advocates,35,5234.76,tier_1,jd,ready_to_drink,5.04,7.21,5.94,8.53,39.24,1,1,1,0,0,7.51,6,delivery,stockouts make me switch to other brands,4,Eco Advocates
R002312,convenience_first,22,10978.26,tier_1,tmall,healthy_snack,5.09,7.23,7.77,4.58,24.37,0,1,1,1,3,8.72,9,price,I compare price across platforms before purchase,3,Convenience Driven
R002313,convenience_first,28,11893.18,new_tier_1,xiaohongshu,healthy_snack,5.5,6.33,9.09,4.0,27.94,1,1,1,1,4,10.0,10,delivery,stockouts make me switch to other brands,3,Convenience Driven
R002314,quality_first,32,8555.27,tier_3_plus,douyin,home_cleaning,3.98,8.75,6.47,6.34,30.2,1,1,0,1,3,8.44,10,promotion,membership coupons can increase repeat purchase,1,Quality Loyalists
R002315,new_explorers,30,6346.83,new_tier_1,tmall,healthy_snack,6.76,6.92,8.66,6.4,17.71,1,1,1,1,2,8.54,8,quality,I care about ingredients and product safety,3,Convenience Driven
R002316,new_explorers,23,10475.36,tier_1,offline_supermarket,home_cleaning,6.77,7.06,6.18,5.42,22.34,1,1,1,1,0,6.58,7,quality,I care about ingredients and product safety,2,Value Seekers
R002317,convenience_first,31,6171.32,new_tier_1,tmall,home_cleaning,4.66,8.23,7.13,6.52,27.09,1,1,1,1,3,9.07,9,delivery,stockouts make me switch to other brands,1,Quality Loyalists
R002318,convenience_first,32,7418.31,tier_3_plus,private_domain,ready_to_drink,6.14,6.53,7.73,5.09,21.89,0,1,1,1,4,10.0,10,price,I compare price across platforms before purchase,3,Convenience Driven
R002319,value_seekers,37,8598.92,tier_3_plus,tmall,ready_to_drink,8.32,7.03,6.16,5.5,21.11,0,0,0,0,0,7.47,9,delivery,delivery speed affects whether I choose the brand,0,High Value Fans
R002320,eco_advocates,35,8046.04,tier_3_plus,douyin,healthy_snack,5.7,8.78,5.59,8.22,40.29,0,0,0,0,0,9.99,10,price,discount bundles make me more willing to buy,4,Eco Advocates
R002321,eco_advocates,36,6387.74,tier_3_plus,douyin,personal_care,3.06,6.77,5.96,8.49,33.77,1,1,1,1,2,9.88,9,packaging,the package design should show product benefits more clearly,4,Eco Advocates
R002322,value_seekers,40,7935.07,tier_3_plus,offline_supermarket,personal_care,8.7,6.59,5.58,4.58,13.61,1,0,0,0,2,6.64,6,sustainability,I prefer brands with recyclable packaging,2,Value Seekers
R002323,value_seekers,32,14145.83,tier_2,private_domain,personal_care,8.84,7.5,6.67,5.56,19.14,1,1,0,0,1,7.71,9,packaging,the package design should show product benefits more clearly,0,High Value Fans
R002324,value_seekers,22,6690.85,tier_3_plus,private_domain,ready_to_drink,9.49,5.74,5.05,6.63,15.03,0,1,1,1,1,7.91,7,price,discount bundles make me more willing to buy,0,High Value Fans
R002325,quality_first,26,13576.58,tier_2,xiaohongshu,ready_to_drink,4.46,10.0,6.94,6.37,39.0,1,1,1,1,2,9.8,10,price,the price feels high without promotion,1,Quality Loyalists
R002326,convenience_first,27,15364.36,tier_1,jd,personal_care,4.69,7.59,9.18,7.0,30.87,1,1,1,1,3,10.0,10,quality,I care about ingredients and product safety,3,Convenience Driven
R002327,value_seekers,31,9267.63,tier_1,tmall,personal_care,8.57,6.84,5.17,3.93,17.2,0,0,0,1,6,8.01,8,packaging,the package design should show product benefits more clearly,0,High Value Fans
R002328,new_explorers,26,13606.33,new_tier_1,douyin,personal_care,7.75,5.59,5.72,7.32,15.13,0,1,1,0,2,6.76,8,promotion,livestream promotion helps me discover new products,0,High Value Fans
R002329,value_seekers,36,10256.33,tier_1,jd,healthy_snack,8.04,6.54,6.66,4.76,17.89,0,0,0,0,1,8.42,5,promotion,membership coupons can increase repeat purchase,2,Value Seekers
R002330,value_seekers,33,5794.6,tier_2,jd,healthy_snack,7.58,6.11,5.26,4.94,18.12,1,1,0,0,1,6.77,7,price,I compare price across platforms before purchase,2,Value Seekers
R002331,eco_advocates,32,7445.02,tier_2,douyin,personal_care,5.18,8.29,6.96,10.0,34.1,1,1,1,1,1,8.57,8,sustainability,I prefer brands with recyclable packaging,4,Eco Advocates
R002332,convenience_first,27,17382.97,tier_3_plus,tmall,ready_to_drink,5.36,6.7,7.96,5.3,26.96,0,0,0,0,0,8.07,7,delivery,stockouts make me switch to other brands,3,Convenience Driven
R002333,eco_advocates,28,7560.56,new_tier_1,private_domain,home_cleaning,7.76,7.44,6.53,9.99,39.58,0,1,1,1,1,9.76,10,sustainability,sustainability claims need to be more credible,4,Eco Advocates
R002334,new_explorers,18,7941.99,tier_1,tmall,ready_to_drink,7.87,6.16,6.5,5.65,12.64,0,0,0,0,0,4.71,5,packaging,portable packaging is useful for work and travel,2,Value Seekers
R002335,new_explorers,34,14387.81,tier_2,douyin,healthy_snack,6.79,5.67,6.64,5.61,22.02,1,0,0,1,4,6.36,6,delivery,delivery speed affects whether I choose the brand,2,Value Seekers
R002336,convenience_first,24,8407.99,new_tier_1,douyin,home_cleaning,4.81,6.2,7.34,5.08,27.54,0,0,0,0,0,8.89,8,price,the price feels high without promotion,3,Convenience Driven
R002337,convenience_first,33,13484.42,new_tier_1,offline_supermarket,ready_to_drink,5.26,5.0,9.4,6.27,23.22,0,1,1,0,3,9.44,8,delivery,delivery speed affects whether I choose the brand,3,Convenience Driven
R002338,value_seekers,38,5047.19,tier_1,douyin,ready_to_drink,9.3,6.05,6.3,5.13,13.77,1,1,0,0,0,7.67,6,sustainability,sustainability claims need to be more credible,2,Value Seekers
R002339,quality_first,33,21226.85,tier_1,jd,healthy_snack,3.19,9.58,6.91,7.03,33.58,0,1,1,1,4,10.0,9,delivery,offline availability is not always convenient,1,Quality Loyalists
R002340,quality_first,29,17460.7,tier_1,private_domain,ready_to_drink,4.37,10.0,4.16,6.64,37.6,0,0,0,0,0,6.79,7,quality,I care about ingredients and product safety,1,Quality Loyalists
R002341,value_seekers,36,6263.38,tier_2,offline_supermarket,healthy_snack,8.76,6.35,5.89,5.22,18.99,1,1,1,1,1,6.5,7,packaging,portable packaging is useful for work and travel,2,Value Seekers
R002342,convenience_first,34,22941.89,new_tier_1,offline_supermarket,ready_to_drink,3.9,6.03,10.0,4.28,30.09,0,0,1,0,2,10.0,10,price,I compare price across platforms before purchase,3,Convenience Driven
R002343,value_seekers,31,10778.41,tier_1,private_domain,personal_care,8.64,6.26,3.95,5.29,17.33,1,1,1,1,2,6.42,5,sustainability,sustainability claims need to be more credible,2,Value Seekers
R002344,convenience_first,39,14361.9,tier_3_plus,douyin,personal_care,5.28,7.06,8.76,6.53,31.8,1,1,0,0,1,7.71,9,delivery,offline availability is not always convenient,3,Convenience Driven
R002345,new_explorers,29,6498.86,tier_3_plus,tmall,ready_to_drink,7.53,5.95,7.02,6.72,21.15,1,1,1,1,3,7.67,8,promotion,membership coupons can increase repeat purchase,0,High Value Fans
R002346,quality_first,55,5535.76,new_tier_1,offline_supermarket,home_cleaning,3.47,9.54,6.89,5.29,31.7,1,1,1,1,1,10.0,10,price,the price feels high without promotion,1,Quality Loyalists
R002347,convenience_first,20,19008.95,tier_3_plus,xiaohongshu,healthy_snack,4.79,6.09,9.65,5.01,31.21,0,0,0,0,0,9.61,9,promotion,livestream promotion helps me discover new products,3,Convenience Driven
R002348,value_seekers,40,13105.74,new_tier_1,jd,ready_to_drink,7.75,6.23,5.39,6.15,14.97,1,0,1,1,2,6.29,5,packaging,portable packaging is useful for work and travel,2,Value Seekers
R002349,quality_first,24,5798.49,tier_1,tmall,personal_care,4.76,7.9,6.08,6.9,27.82,0,0,0,0,1,7.62,7,quality,quality improvement would make me repurchase more often,1,Quality Loyalists
R002350,value_seekers,33,11857.39,new_tier_1,jd,healthy_snack,8.64,6.68,5.61,4.62,19.97,1,0,0,0,1,5.21,7,packaging,the package design should show product benefits more clearly,2,Value Seekers
R002351,value_seekers,45,4346.98,tier_2,offline_supermarket,ready_to_drink,7.82,4.67,5.07,5.99,21.38,0,0,0,0,1,8.42,9,price,the price feels high without promotion,0,High Value Fans
R002352,value_seekers,28,5015.42,tier_1,private_domain,ready_to_drink,8.71,6.2,4.48,3.33,15.7,0,0,0,0,0,7.33,7,quality,quality improvement would make me repurchase more often,2,Value Seekers
R002353,quality_first,24,7111.33,tier_1,douyin,ready_to_drink,5.02,9.49,6.32,6.34,33.32,1,1,1,1,5,9.99,10,quality,the product quality is stable and trustworthy,1,Quality Loyalists
R002354,eco_advocates,26,5019.21,new_tier_1,private_domain,personal_care,3.75,6.52,6.58,10.0,37.79,0,0,0,1,5,9.05,10,promotion,KOL reviews are useful but need to be authentic,4,Eco Advocates
R002355,eco_advocates,34,11196.6,new_tier_1,douyin,personal_care,6.82,7.17,5.49,8.66,39.21,1,1,1,1,5,9.8,10,price,I compare price across platforms before purchase,4,Eco Advocates
R002356,new_explorers,20,22971.21,tier_1,douyin,healthy_snack,5.81,6.59,6.89,7.28,19.3,0,1,1,1,1,9.58,9,promotion,membership coupons can increase repeat purchase,0,High Value Fans
R002357,new_explorers,26,5672.29,tier_1,jd,home_cleaning,7.98,6.83,6.69,6.59,19.04,0,0,0,0,1,7.66,7,price,discount bundles make me more willing to buy,0,High Value Fans
R002358,eco_advocates,23,20500.91,new_tier_1,douyin,home_cleaning,3.07,8.45,6.65,8.71,39.29,1,1,1,1,5,9.94,10,sustainability,low carbon packaging would improve brand impression,4,Eco Advocates
R002359,eco_advocates,29,22533.31,new_tier_1,jd,home_cleaning,5.47,6.74,7.44,8.6,30.96,0,0,1,1,6,8.08,8,sustainability,low carbon packaging would improve brand impression,4,Eco Advocates
R002360,convenience_first,23,23201.7,new_tier_1,tmall,home_cleaning,6.45,5.79,9.79,5.21,26.21,1,0,0,1,3,9.19,9,delivery,offline availability is not always convenient,3,Convenience Driven
R002361,value_seekers,39,8520.33,tier_2,tmall,healthy_snack,8.25,5.12,5.78,3.72,20.14,1,1,1,1,2,5.89,4,price,the price feels high without promotion,2,Value Seekers
R002362,eco_advocates,35,34047.87,tier_2,xiaohongshu,home_cleaning,2.35,7.14,7.37,7.21,34.55,1,1,1,1,2,9.07,8,packaging,portable packaging is useful for work and travel,4,Eco Advocates
R002363,convenience_first,39,10326.02,tier_2,tmall,personal_care,5.62,7.4,8.16,4.88,28.08,1,1,1,1,0,9.54,8,packaging,portable packaging is useful for work and travel,3,Convenience Driven
R002364,new_explorers,32,6821.67,tier_3_plus,xiaohongshu,ready_to_drink,8.2,7.48,6.17,6.1,21.49,0,0,0,0,1,5.65,5,sustainability,low carbon packaging would improve brand impression,2,Value Seekers
R002365,value_seekers,21,15238.79,tier_3_plus,tmall,ready_to_drink,9.23,5.58,6.48,3.56,17.31,0,0,0,1,6,4.89,4,sustainability,I prefer brands with recyclable packaging,2,Value Seekers
R002366,new_explorers,34,14355.67,new_tier_1,offline_supermarket,ready_to_drink,6.45,7.05,6.75,5.87,22.48,1,1,1,1,5,8.86,9,promotion,livestream promotion helps me discover new products,0,High Value Fans
R002367,value_seekers,35,11227.79,new_tier_1,douyin,healthy_snack,8.25,6.66,5.32,4.83,20.67,1,0,0,1,0,7.14,5,promotion,livestream promotion helps me discover new products,2,Value Seekers
R002368,value_seekers,32,10368.05,tier_2,offline_supermarket,personal_care,9.26,7.79,5.8,4.18,13.22,1,1,1,0,1,6.22,2,price,discount bundles make me more willing to buy,2,Value Seekers
R002369,convenience_first,37,21014.36,tier_2,offline_supermarket,personal_care,4.24,7.01,9.21,5.94,23.76,0,1,1,1,3,10.0,10,delivery,stockouts make me switch to other brands,3,Convenience Driven
R002370,quality_first,35,7716.71,new_tier_1,tmall,home_cleaning,5.06,9.42,5.93,5.79,34.75,0,1,1,1,2,10.0,10,delivery,offline availability is not always convenient,1,Quality Loyalists
R002371,convenience_first,28,12058.41,tier_3_plus,xiaohongshu,personal_care,6.03,7.16,7.89,6.21,28.88,0,0,0,0,0,7.3,5,sustainability,I prefer brands with recyclable packaging,2,Value Seekers
R002372,quality_first,35,8426.43,tier_2,offline_supermarket,ready_to_drink,4.94,8.69,6.66,6.78,36.0,1,1,1,1,2,8.62,8,promotion,membership coupons can increase repeat purchase,1,Quality Loyalists
R002373,value_seekers,41,7600.97,tier_2,tmall,home_cleaning,6.73,6.15,5.23,6.09,18.99,1,1,1,1,4,7.94,7,delivery,stockouts make me switch to other brands,0,High Value Fans
R002374,eco_advocates,40,9587.08,new_tier_1,xiaohongshu,ready_to_drink,4.65,8.28,7.74,8.47,35.5,0,1,1,1,4,9.74,10,promotion,membership coupons can increase repeat purchase,4,Eco Advocates
R002375,eco_advocates,34,6493.85,tier_2,tmall,ready_to_drink,5.47,8.96,6.47,9.12,34.3,1,1,1,1,4,10.0,9,price,the price feels high without promotion,4,Eco Advocates
R002376,quality_first,35,18205.98,tier_2,tmall,healthy_snack,4.67,10.0,6.47,6.42,34.36,1,1,1,1,7,10.0,10,price,discount bundles make me more willing to buy,1,Quality Loyalists
R002377,quality_first,18,8964.59,new_tier_1,tmall,healthy_snack,5.38,9.19,6.55,5.74,29.86,1,1,1,1,5,8.46,9,quality,I care about ingredients and product safety,1,Quality Loyalists
R002378,eco_advocates,20,9594.54,tier_3_plus,offline_supermarket,healthy_snack,5.12,6.16,7.4,9.84,33.23,0,0,0,0,1,8.06,7,promotion,livestream promotion helps me discover new products,4,Eco Advocates
R002379,quality_first,27,5533.09,tier_3_plus,offline_supermarket,healthy_snack,3.8,8.84,8.15,5.38,27.5,1,1,1,1,3,10.0,9,price,discount bundles make me more willing to buy,1,Quality Loyalists
R002380,eco_advocates,38,11580.64,tier_3_plus,jd,home_cleaning,5.72,6.86,5.93,9.51,36.38,1,1,1,1,3,8.43,7,sustainability,low carbon packaging would improve brand impression,4,Eco Advocates
R002381,new_explorers,36,8469.2,tier_1,private_domain,healthy_snack,7.16,6.31,6.37,6.37,18.8,1,0,0,0,0,5.42,3,packaging,the packaging is convenient but could look more premium,2,Value Seekers
R002382,eco_advocates,34,9130.84,new_tier_1,offline_supermarket,ready_to_drink,5.19,7.0,6.98,8.22,34.13,0,0,0,0,0,8.21,9,quality,the product quality is stable and trustworthy,4,Eco Advocates
R002383,convenience_first,45,4382.07,tier_1,tmall,healthy_snack,4.43,7.24,9.62,5.09,25.23,1,1,1,1,5,8.63,10,promotion,KOL reviews are useful but need to be authentic,3,Convenience Driven
R002384,eco_advocates,32,16854.57,tier_2,xiaohongshu,home_cleaning,4.97,6.96,6.02,8.92,35.1,1,1,0,0,0,8.28,9,delivery,stockouts make me switch to other brands,4,Eco Advocates
R002385,value_seekers,41,8460.87,tier_2,offline_supermarket,ready_to_drink,8.54,5.77,5.27,5.6,14.08,1,1,0,0,0,6.84,6,packaging,portable packaging is useful for work and travel,2,Value Seekers
R002386,eco_advocates,30,12561.41,new_tier_1,xiaohongshu,ready_to_drink,5.0,6.69,7.08,10.0,32.94,1,1,1,1,6,9.11,9,quality,the product quality is stable and trustworthy,4,Eco Advocates
R002387,value_seekers,32,7661.07,tier_1,offline_supermarket,healthy_snack,9.21,5.5,4.68,6.84,17.23,0,0,0,0,0,6.12,5,delivery,delivery speed affects whether I choose the brand,2,Value Seekers
R002388,quality_first,39,5504.84,new_tier_1,xiaohongshu,home_cleaning,4.19,7.91,7.38,5.18,32.29,0,0,0,0,1,9.28,7,promotion,livestream promotion helps me discover new products,1,Quality Loyalists
R002389,convenience_first,34,15020.08,tier_1,private_domain,home_cleaning,6.07,7.23,6.39,5.78,28.77,0,0,0,0,0,10.0,10,promotion,KOL reviews are useful but need to be authentic,1,Quality Loyalists
R002390,quality_first,44,6019.49,tier_1,private_domain,personal_care,5.26,8.44,6.01,8.16,30.16,0,0,0,0,1,10.0,9,quality,quality improvement would make me repurchase more often,4,Eco Advocates
R002391,eco_advocates,35,6475.34,tier_1,offline_supermarket,personal_care,5.73,8.6,5.27,8.65,34.48,1,1,1,0,3,7.56,6,delivery,stockouts make me switch to other brands,4,Eco Advocates
R002392,convenience_first,50,4649.55,tier_2,xiaohongshu,healthy_snack,6.29,7.47,9.11,4.97,28.73,0,1,1,1,3,8.42,8,delivery,delivery speed affects whether I choose the brand,3,Convenience Driven
R002393,new_explorers,22,15628.09,new_tier_1,tmall,healthy_snack,7.38,6.17,6.81,7.09,23.21,1,1,1,1,3,7.08,8,sustainability,sustainability claims need to be more credible,0,High Value Fans
R002394,quality_first,38,8903.26,tier_3_plus,xiaohongshu,healthy_snack,5.09,7.75,8.3,6.48,30.39,0,0,0,0,0,8.67,10,quality,quality improvement would make me repurchase more often,3,Convenience Driven
R002395,eco_advocates,26,11742.83,tier_3_plus,private_domain,home_cleaning,6.35,7.72,7.17,9.46,32.43,0,0,0,1,3,7.85,5,promotion,KOL reviews are useful but need to be authentic,4,Eco Advocates
R002396,value_seekers,29,13484.03,new_tier_1,jd,home_cleaning,8.6,5.98,5.67,5.31,17.39,1,1,1,1,3,6.45,5,quality,I care about ingredients and product safety,2,Value Seekers
R002397,value_seekers,42,8778.4,tier_2,douyin,ready_to_drink,8.69,6.71,7.19,4.62,17.64,1,1,1,1,3,6.44,6,price,I compare price across platforms before purchase,2,Value Seekers
R002398,convenience_first,33,8581.0,tier_2,tmall,ready_to_drink,6.81,6.06,8.45,5.01,19.22,1,1,1,1,1,9.34,8,promotion,livestream promotion helps me discover new products,3,Convenience Driven
R002399,new_explorers,30,13901.04,tier_2,jd,ready_to_drink,6.57,6.8,8.48,6.58,27.26,0,0,1,0,0,7.65,8,delivery,offline availability is not always convenient,3,Convenience Driven
R002400,quality_first,18,16162.75,new_tier_1,douyin,personal_care,3.98,8.76,6.84,6.19,34.43,1,1,1,0,2,8.83,10,price,discount bundles make me more willing to buy,1,Quality Loyalists
R002401,convenience_first,45,7961.3,tier_2,offline_supermarket,healthy_snack,6.33,7.52,8.34,6.3,21.37,1,0,1,1,5,8.84,9,delivery,stockouts make me switch to other brands,3,Convenience Driven
R002402,new_explorers,40,4095.88,new_tier_1,tmall,ready_to_drink,6.43,7.04,6.38,6.2,21.46,1,1,0,1,3,7.92,9,price,the price feels high without promotion,0,High Value Fans
R002403,value_seekers,41,10350.01,tier_3_plus,douyin,ready_to_drink,7.9,6.19,6.55,4.64,18.21,1,0,0,0,0,6.74,8,sustainability,sustainability claims need to be more credible,2,Value Seekers
R002404,eco_advocates,26,7644.61,new_tier_1,jd,personal_care,6.51,8.91,6.62,10.0,37.69,0,0,1,1,3,6.78,5,price,discount bundles make me more willing to buy,4,Eco Advocates
R002405,eco_advocates,30,13828.13,tier_2,tmall,healthy_snack,5.16,7.95,6.4,7.65,40.86,1,1,1,1,2,7.08,6,packaging,the package design should show product benefits more clearly,4,Eco Advocates
R002406,convenience_first,28,19712.69,tier_2,douyin,home_cleaning,6.4,7.64,8.71,6.73,33.27,0,1,1,1,4,7.81,8,quality,the product quality is stable and trustworthy,3,Convenience Driven
R002407,quality_first,26,7509.83,new_tier_1,jd,personal_care,4.79,8.47,6.55,6.33,28.77,1,1,1,1,4,9.99,7,delivery,stockouts make me switch to other brands,1,Quality Loyalists
R002408,new_explorers,35,11257.1,tier_2,tmall,healthy_snack,6.91,6.67,6.85,5.55,18.76,1,1,0,1,6,8.21,8,quality,the product quality is stable and trustworthy,0,High Value Fans
R002409,new_explorers,36,9170.47,tier_1,douyin,ready_to_drink,7.13,7.61,5.23,7.04,27.46,1,1,1,1,3,9.01,9,delivery,offline availability is not always convenient,0,High Value Fans
R002410,quality_first,26,12715.43,tier_3_plus,douyin,healthy_snack,5.09,8.46,6.67,6.84,29.42,0,0,0,0,1,6.9,7,quality,I care about ingredients and product safety,1,Quality Loyalists
R002411,quality_first,27,23038.35,tier_1,offline_supermarket,healthy_snack,5.55,9.91,7.21,7.12,40.8,0,0,0,1,3,9.0,8,delivery,stockouts make me switch to other brands,1,Quality Loyalists
R002412,eco_advocates,19,9144.28,new_tier_1,xiaohongshu,healthy_snack,4.73,6.06,6.85,8.96,33.1,1,1,1,1,5,8.67,9,price,I compare price across platforms before purchase,4,Eco Advocates
R002413,convenience_first,36,8710.11,tier_2,douyin,healthy_snack,4.3,7.41,8.21,5.45,24.04,1,1,1,1,3,10.0,7,quality,I care about ingredients and product safety,3,Convenience Driven
R002414,value_seekers,35,11597.52,tier_2,offline_supermarket,ready_to_drink,8.37,6.59,6.9,4.8,22.58,0,0,0,0,0,7.1,5,quality,the product quality is stable and trustworthy,2,Value Seekers
R002415,new_explorers,30,11434.51,new_tier_1,offline_supermarket,ready_to_drink,7.27,6.46,4.3,5.75,20.21,1,0,0,0,0,6.18,7,price,I compare price across platforms before purchase,2,Value Seekers
R002416,convenience_first,32,13970.18,new_tier_1,jd,ready_to_drink,6.18,7.24,8.57,5.36,23.82,0,1,1,1,3,9.79,10,delivery,stockouts make me switch to other brands,3,Convenience Driven
R002417,quality_first,24,6963.82,new_tier_1,jd,personal_care,4.04,10.0,6.71,6.23,29.18,0,0,1,1,2,9.79,10,delivery,offline availability is not always convenient,1,Quality Loyalists
R002418,quality_first,31,5483.44,new_tier_1,offline_supermarket,personal_care,2.94,8.4,6.79,6.93,34.15,1,1,1,1,3,8.88,9,quality,I care about ingredients and product safety,1,Quality Loyalists
R002419,convenience_first,35,12116.45,new_tier_1,tmall,healthy_snack,5.21,7.68,8.16,5.57,21.99,0,1,1,1,1,7.53,8,packaging,the package design should show product benefits more clearly,3,Convenience Driven
R002420,quality_first,24,2500.0,tier_3_plus,tmall,healthy_snack,4.98,9.34,5.84,6.69,36.31,1,1,1,1,3,9.2,8,quality,I care about ingredients and product safety,1,Quality Loyalists
R002421,convenience_first,18,5891.38,tier_1,jd,ready_to_drink,5.27,5.65,8.34,6.55,23.61,0,0,0,0,1,6.06,6,delivery,offline availability is not always convenient,2,Value Seekers
R002422,value_seekers,37,9747.38,tier_3_plus,offline_supermarket,personal_care,9.29,6.83,4.65,5.37,16.9,0,1,1,1,1,7.49,6,promotion,livestream promotion helps me discover new products,2,Value Seekers
R002423,quality_first,43,19484.21,tier_2,tmall,healthy_snack,4.6,9.82,6.77,5.34,30.79,0,0,0,1,1,9.21,8,delivery,offline availability is not always convenient,1,Quality Loyalists
R002424,eco_advocates,23,10361.07,tier_1,douyin,ready_to_drink,5.82,6.76,5.27,9.05,35.6,1,1,1,1,3,7.45,7,packaging,portable packaging is useful for work and travel,4,Eco Advocates
R002425,value_seekers,30,7908.62,new_tier_1,jd,healthy_snack,8.27,5.45,5.61,6.32,15.1,1,1,1,0,1,6.7,7,price,I compare price across platforms before purchase,2,Value Seekers
R002426,eco_advocates,31,14552.77,tier_2,tmall,ready_to_drink,5.9,7.95,6.76,9.32,37.24,0,0,0,0,0,9.59,10,sustainability,I prefer brands with recyclable packaging,4,Eco Advocates
R002427,eco_advocates,20,22570.38,new_tier_1,private_domain,ready_to_drink,5.62,8.35,8.28,8.63,39.2,1,1,0,0,1,7.6,8,sustainability,low carbon packaging would improve brand impression,4,Eco Advocates
R002428,eco_advocates,33,11949.67,tier_1,jd,healthy_snack,5.57,7.52,6.8,9.61,36.63,1,1,1,1,7,7.59,5,sustainability,I prefer brands with recyclable packaging,4,Eco Advocates
R002429,value_seekers,34,6365.09,tier_3_plus,offline_supermarket,healthy_snack,8.3,6.48,6.37,6.47,10.16,1,1,0,0,0,4.91,5,price,the price feels high without promotion,2,Value Seekers
R002430,eco_advocates,33,15020.13,new_tier_1,douyin,ready_to_drink,6.13,7.26,6.7,8.34,38.71,1,1,1,1,5,10.0,9,promotion,KOL reviews are useful but need to be authentic,4,Eco Advocates
R002431,value_seekers,18,10461.39,tier_3_plus,tmall,home_cleaning,8.57,6.78,6.23,5.05,19.89,0,0,0,0,1,6.81,5,promotion,membership coupons can increase repeat purchase,2,Value Seekers
R002432,value_seekers,46,6352.0,tier_1,private_domain,personal_care,8.55,6.52,4.93,5.05,21.78,0,0,0,0,0,5.93,4,promotion,KOL reviews are useful but need to be authentic,2,Value Seekers
R002433,value_seekers,25,6295.86,tier_1,xiaohongshu,ready_to_drink,7.9,7.52,6.2,4.22,17.5,0,0,0,1,3,8.68,9,promotion,membership coupons can increase repeat purchase,0,High Value Fans
R002434,convenience_first,27,5426.29,tier_2,xiaohongshu,personal_care,4.47,7.15,8.64,5.16,30.97,1,1,1,1,2,10.0,10,price,I compare price across platforms before purchase,3,Convenience Driven
R002435,eco_advocates,36,13919.39,new_tier_1,douyin,healthy_snack,6.15,7.68,6.93,8.12,34.58,0,1,1,1,1,9.73,9,sustainability,low carbon packaging would improve brand impression,4,Eco Advocates
R002436,convenience_first,29,10143.72,new_tier_1,xiaohongshu,home_cleaning,5.93,7.67,8.51,5.3,28.66,0,1,1,1,5,10.0,10,price,the price feels high without promotion,3,Convenience Driven
R002437,new_explorers,18,28902.49,tier_3_plus,tmall,ready_to_drink,6.97,5.93,7.93,6.6,17.6,0,0,0,1,3,10.0,9,delivery,offline availability is not always convenient,3,Convenience Driven
R002438,quality_first,38,32159.37,tier_3_plus,douyin,personal_care,4.97,8.63,5.4,7.37,32.87,1,1,0,1,3,10.0,10,promotion,membership coupons can increase repeat purchase,1,Quality Loyalists
R002439,value_seekers,18,9044.68,tier_2,tmall,personal_care,10.0,6.42,7.02,5.71,12.08,1,0,0,0,0,7.66,8,delivery,delivery speed affects whether I choose the brand,0,High Value Fans
R002440,quality_first,25,10983.48,tier_2,offline_supermarket,personal_care,5.17,8.0,7.1,7.78,36.06,1,1,1,1,8,9.62,10,quality,quality improvement would make me repurchase more often,1,Quality Loyalists
R002441,value_seekers,39,14480.67,tier_2,jd,ready_to_drink,8.28,5.42,6.9,5.47,15.25,0,0,0,0,0,7.42,8,quality,the product quality is stable and trustworthy,0,High Value Fans
R002442,eco_advocates,36,8539.23,tier_2,jd,home_cleaning,5.28,7.2,7.51,8.46,31.81,1,1,1,1,3,7.84,7,sustainability,I prefer brands with recyclable packaging,4,Eco Advocates
R002443,eco_advocates,36,9446.45,tier_2,private_domain,healthy_snack,5.68,8.97,7.62,8.73,36.64,1,1,1,1,3,8.62,9,quality,I care about ingredients and product safety,4,Eco Advocates
R002444,quality_first,27,12607.24,tier_2,douyin,healthy_snack,4.36,7.97,8.23,7.37,32.91,1,1,0,1,4,10.0,9,quality,the product quality is stable and trustworthy,1,Quality Loyalists
R002445,value_seekers,29,5648.44,tier_1,jd,ready_to_drink,8.87,7.23,5.47,4.53,21.64,1,0,0,0,0,6.75,8,quality,quality improvement would make me repurchase more often,2,Value Seekers
R002446,quality_first,41,6601.47,new_tier_1,douyin,home_cleaning,3.54,8.87,7.57,4.5,34.92,0,1,1,1,3,10.0,10,sustainability,I prefer brands with recyclable packaging,1,Quality Loyalists
R002447,convenience_first,35,12019.57,tier_2,offline_supermarket,healthy_snack,5.42,6.5,8.59,5.73,20.81,1,1,1,1,6,8.81,9,quality,quality improvement would make me repurchase more often,3,Convenience Driven
R002448,value_seekers,30,15878.39,tier_1,tmall,ready_to_drink,8.6,5.16,5.21,4.41,20.37,1,1,1,1,5,5.43,6,delivery,delivery speed affects whether I choose the brand,2,Value Seekers
R002449,convenience_first,34,9950.54,tier_2,xiaohongshu,ready_to_drink,6.74,7.19,7.69,6.67,27.46,1,1,1,1,1,10.0,10,delivery,delivery speed affects whether I choose the brand,3,Convenience Driven
R002450,value_seekers,31,9937.86,new_tier_1,jd,home_cleaning,9.73,5.5,5.73,3.28,20.25,1,1,1,0,2,6.57,5,delivery,offline availability is not always convenient,2,Value Seekers
R002451,eco_advocates,37,7178.71,tier_2,jd,home_cleaning,5.01,8.7,6.18,7.77,35.92,0,0,0,1,2,9.22,9,sustainability,sustainability claims need to be more credible,1,Quality Loyalists
R002452,convenience_first,27,14372.1,tier_3_plus,private_domain,ready_to_drink,6.44,5.48,8.01,5.27,25.91,0,0,0,0,1,8.6,9,price,I compare price across platforms before purchase,3,Convenience Driven
R002453,quality_first,33,8377.41,tier_3_plus,offline_supermarket,home_cleaning,4.89,8.85,6.23,6.66,30.25,0,0,0,0,0,8.35,7,price,the price feels high without promotion,1,Quality Loyalists
R002454,convenience_first,44,6608.17,new_tier_1,douyin,personal_care,6.24,6.77,10.0,5.83,23.21,1,1,1,1,4,9.55,10,promotion,membership coupons can increase repeat purchase,3,Convenience Driven
R002455,quality_first,28,14821.37,tier_1,xiaohongshu,ready_to_drink,6.28,8.8,5.01,6.56,35.11,1,1,1,1,1,8.43,9,sustainability,I prefer brands with recyclable packaging,1,Quality Loyalists
R002456,eco_advocates,40,7556.03,tier_1,tmall,healthy_snack,6.39,7.65,6.27,9.32,33.32,1,1,1,1,3,9.38,9,packaging,the packaging is convenient but could look more premium,4,Eco Advocates
R002457,value_seekers,40,9448.71,tier_1,jd,healthy_snack,8.86,5.25,6.36,3.63,22.18,1,0,0,0,0,6.29,8,price,the price feels high without promotion,2,Value Seekers
R002458,value_seekers,18,3530.91,new_tier_1,tmall,healthy_snack,8.39,6.96,4.37,5.33,17.15,0,1,1,1,3,7.84,6,price,the price feels high without promotion,2,Value Seekers
R002459,quality_first,18,17871.58,tier_1,tmall,healthy_snack,4.52,8.7,6.2,8.17,29.75,1,1,1,1,2,10.0,8,promotion,membership coupons can increase repeat purchase,1,Quality Loyalists
R002460,value_seekers,18,12344.91,tier_3_plus,douyin,home_cleaning,10.0,5.82,4.32,7.19,17.91,1,1,1,0,1,5.7,5,price,I compare price across platforms before purchase,2,Value Seekers
R002461,convenience_first,25,18259.04,tier_2,offline_supermarket,ready_to_drink,5.92,6.9,7.67,5.93,26.34,0,0,1,0,0,10.0,10,delivery,stockouts make me switch to other brands,3,Convenience Driven
R002462,value_seekers,26,19541.87,new_tier_1,private_domain,healthy_snack,10.0,7.19,5.62,5.23,17.51,1,1,1,1,3,5.63,5,price,I compare price across platforms before purchase,2,Value Seekers
R002463,convenience_first,43,8680.91,new_tier_1,xiaohongshu,home_cleaning,5.38,6.86,8.81,5.97,29.69,1,1,1,1,4,10.0,9,quality,quality improvement would make me repurchase more often,3,Convenience Driven
R002464,eco_advocates,36,5449.67,new_tier_1,tmall,home_cleaning,6.26,8.29,5.99,8.33,33.04,1,1,0,0,1,8.79,8,price,the price feels high without promotion,4,Eco Advocates
R002465,quality_first,29,7819.38,new_tier_1,jd,home_cleaning,6.54,7.74,6.71,6.29,32.17,1,0,0,0,1,8.97,10,quality,quality improvement would make me repurchase more often,1,Quality Loyalists
R002466,quality_first,24,11868.87,tier_2,jd,healthy_snack,4.81,8.19,7.06,5.39,34.41,0,0,0,1,4,9.58,8,price,I compare price across platforms before purchase,1,Quality Loyalists
R002467,quality_first,22,7430.16,tier_3_plus,douyin,healthy_snack,5.47,9.51,6.17,6.75,28.91,1,1,1,1,2,8.94,10,delivery,stockouts make me switch to other brands,1,Quality Loyalists
R002468,quality_first,36,8206.12,tier_2,offline_supermarket,healthy_snack,6.3,9.88,5.87,7.03,33.43,1,1,1,1,2,10.0,10,packaging,portable packaging is useful for work and travel,1,Quality Loyalists
R002469,value_seekers,29,12503.79,tier_1,xiaohongshu,personal_care,7.39,6.66,5.62,6.6,18.72,0,0,0,0,0,7.88,7,price,I compare price across platforms before purchase,0,High Value Fans
R002470,convenience_first,29,16421.56,new_tier_1,douyin,home_cleaning,5.36,6.07,8.96,5.92,24.95,0,1,1,1,2,9.81,10,delivery,stockouts make me switch to other brands,3,Convenience Driven
R002471,quality_first,30,11193.21,tier_1,offline_supermarket,ready_to_drink,4.24,8.34,5.58,6.47,30.97,1,1,0,0,0,6.71,7,delivery,stockouts make me switch to other brands,1,Quality Loyalists
R002472,convenience_first,25,4842.29,tier_3_plus,tmall,ready_to_drink,6.53,6.92,10.0,5.26,28.31,0,0,0,1,4,9.5,8,quality,the product quality is stable and trustworthy,3,Convenience Driven
R002473,quality_first,31,8738.65,tier_3_plus,tmall,home_cleaning,5.14,8.77,7.3,6.54,30.79,0,1,0,1,4,9.52,8,promotion,membership coupons can increase repeat purchase,1,Quality Loyalists
R002474,eco_advocates,39,8615.48,tier_2,private_domain,ready_to_drink,6.19,8.85,7.88,8.8,39.76,1,1,1,1,2,8.59,8,price,discount bundles make me more willing to buy,4,Eco Advocates
R002475,new_explorers,21,10808.64,tier_2,tmall,healthy_snack,6.94,5.48,6.88,7.7,13.97,1,1,0,0,0,7.0,5,sustainability,I prefer brands with recyclable packaging,2,Value Seekers
R002476,eco_advocates,27,10105.64,tier_3_plus,jd,ready_to_drink,5.73,7.43,7.08,9.35,30.06,1,1,1,1,0,7.81,6,promotion,membership coupons can increase repeat purchase,4,Eco Advocates
R002477,quality_first,32,6099.34,tier_3_plus,offline_supermarket,ready_to_drink,4.53,8.29,7.74,5.22,33.34,1,1,1,1,0,10.0,10,quality,I care about ingredients and product safety,1,Quality Loyalists
R002478,convenience_first,20,14678.83,tier_1,xiaohongshu,home_cleaning,6.77,7.15,10.0,5.77,31.86,1,1,1,0,3,8.91,8,promotion,livestream promotion helps me discover new products,3,Convenience Driven
R002479,eco_advocates,32,3294.53,tier_3_plus,tmall,healthy_snack,4.83,8.11,5.04,9.44,31.65,1,1,1,1,7,10.0,9,price,the price feels high without promotion,4,Eco Advocates
R002480,quality_first,37,20147.58,tier_3_plus,xiaohongshu,ready_to_drink,2.78,9.49,6.79,5.92,33.74,1,1,1,1,4,10.0,9,packaging,the packaging is convenient but could look more premium,1,Quality Loyalists
R002481,convenience_first,26,13853.32,tier_2,tmall,healthy_snack,5.24,6.69,8.78,5.88,26.88,1,1,1,1,0,8.47,8,delivery,delivery speed affects whether I choose the brand,3,Convenience Driven
R002482,value_seekers,54,23043.86,new_tier_1,private_domain,home_cleaning,7.5,6.51,5.44,5.3,17.97,1,1,1,0,1,7.0,9,price,the price feels high without promotion,0,High Value Fans
R002483,quality_first,38,11222.24,new_tier_1,jd,home_cleaning,5.7,9.0,5.98,6.81,29.07,0,1,1,1,2,8.35,8,delivery,delivery speed affects whether I choose the brand,1,Quality Loyalists
R002484,quality_first,28,19760.97,new_tier_1,douyin,ready_to_drink,2.93,10.0,8.88,4.72,36.64,1,1,1,1,1,10.0,9,sustainability,low carbon packaging would improve brand impression,1,Quality Loyalists
R002485,quality_first,35,10998.46,tier_1,private_domain,healthy_snack,5.21,8.8,7.06,6.19,31.42,0,0,0,0,1,8.45,9,promotion,livestream promotion helps me discover new products,1,Quality Loyalists
R002486,value_seekers,30,13782.06,tier_2,xiaohongshu,healthy_snack,7.35,6.51,6.81,5.75,18.19,1,1,1,1,4,7.48,8,price,the price feels high without promotion,0,High Value Fans
R002487,value_seekers,23,4874.14,tier_3_plus,jd,personal_care,8.75,6.6,4.5,5.27,13.82,1,1,1,1,2,7.72,7,sustainability,I prefer brands with recyclable packaging,0,High Value Fans
R002488,value_seekers,20,4876.39,new_tier_1,offline_supermarket,ready_to_drink,8.13,5.84,6.08,3.78,19.23,0,0,1,0,2,5.46,7,price,the price feels high without promotion,2,Value Seekers
R002489,value_seekers,29,8064.14,tier_2,offline_supermarket,ready_to_drink,8.76,5.65,6.44,5.35,19.89,1,1,0,0,1,6.58,6,packaging,the packaging is convenient but could look more premium,2,Value Seekers
R002490,value_seekers,30,9641.27,tier_3_plus,douyin,healthy_snack,9.06,5.69,5.59,4.56,15.01,1,0,0,0,1,7.31,9,price,the price feels high without promotion,0,High Value Fans
R002491,new_explorers,25,7545.87,tier_3_plus,xiaohongshu,personal_care,5.86,5.43,5.65,6.07,25.93,1,0,0,0,0,8.81,9,promotion,membership coupons can increase repeat purchase,0,High Value Fans
R002492,value_seekers,40,14987.38,new_tier_1,douyin,ready_to_drink,7.25,5.08,5.13,4.67,23.48,1,1,0,0,0,5.82,3,price,discount bundles make me more willing to buy,2,Value Seekers
R002493,quality_first,26,6792.27,new_tier_1,douyin,healthy_snack,4.09,9.56,5.95,6.02,35.82,0,1,1,1,1,8.64,9,quality,quality improvement would make me repurchase more often,1,Quality Loyalists
R002494,new_explorers,32,18020.27,tier_2,douyin,personal_care,7.0,7.46,5.0,5.58,21.22,1,1,1,1,1,9.35,10,packaging,portable packaging is useful for work and travel,0,High Value Fans
R002495,quality_first,18,8923.37,tier_1,private_domain,healthy_snack,5.19,8.1,6.21,5.89,26.9,1,1,0,0,1,9.51,9,promotion,membership coupons can increase repeat purchase,1,Quality Loyalists
R002496,new_explorers,27,5409.97,tier_2,douyin,ready_to_drink,6.65,7.51,5.64,6.06,22.02,1,1,1,1,2,10.0,10,quality,quality improvement would make me repurchase more often,0,High Value Fans
R002497,value_seekers,28,6710.53,tier_1,tmall,personal_care,8.35,6.67,4.76,4.41,15.35,0,0,0,0,1,5.39,5,price,I compare price across platforms before purchase,2,Value Seekers
R002498,new_explorers,25,12724.83,tier_2,jd,healthy_snack,6.92,6.3,6.02,6.86,27.11,0,1,1,1,1,6.02,7,promotion,membership coupons can increase repeat purchase,2,Value Seekers
R002499,quality_first,27,12438.09,tier_1,jd,healthy_snack,3.98,9.68,7.11,6.0,37.9,1,1,1,1,6,9.05,9,delivery,offline availability is not always convenient,1,Quality Loyalists
R002500,convenience_first,40,16644.99,new_tier_1,offline_supermarket,personal_care,4.96,6.25,7.91,5.15,23.27,1,1,1,1,4,8.4,10,packaging,the packaging is convenient but could look more premium,3,Convenience Driven
R002501,quality_first,40,9110.1,tier_3_plus,offline_supermarket,home_cleaning,6.22,9.42,6.46,6.64,34.58,0,1,0,0,0,7.77,7,quality,I care about ingredients and product safety,1,Quality Loyalists
R002502,value_seekers,44,12202.66,tier_2,xiaohongshu,ready_to_drink,9.17,7.49,6.4,4.99,14.06,1,1,0,0,0,6.49,7,price,I compare price across platforms before purchase,2,Value Seekers
R002503,value_seekers,32,5307.99,tier_1,private_domain,ready_to_drink,9.01,7.14,6.9,5.31,17.84,0,1,0,0,0,8.28,7,quality,I care about ingredients and product safety,0,High Value Fans
R002504,value_seekers,23,20646.59,tier_2,douyin,ready_to_drink,7.59,6.02,6.75,4.98,18.46,0,0,0,0,1,6.49,6,sustainability,sustainability claims need to be more credible,2,Value Seekers
R002505,convenience_first,50,5878.14,tier_1,xiaohongshu,healthy_snack,6.54,8.66,7.61,6.65,25.81,0,0,0,0,0,8.3,9,promotion,KOL reviews are useful but need to be authentic,1,Quality Loyalists
R002506,convenience_first,32,5050.1,tier_1,jd,home_cleaning,3.38,5.93,10.0,5.39,25.09,1,0,0,1,3,9.03,6,sustainability,I prefer brands with recyclable packaging,3,Convenience Driven
R002507,convenience_first,18,10264.4,tier_2,jd,personal_care,7.21,6.17,9.16,5.45,28.89,1,1,1,1,4,8.38,10,quality,the product quality is stable and trustworthy,3,Convenience Driven
R002508,quality_first,34,5828.71,tier_1,douyin,healthy_snack,5.67,8.72,7.95,7.27,21.08,0,0,0,0,0,9.0,8,packaging,the packaging is convenient but could look more premium,1,Quality Loyalists
R002509,value_seekers,18,15369.27,new_tier_1,tmall,home_cleaning,8.53,7.06,6.96,5.2,23.47,0,1,0,1,3,8.82,7,quality,I care about ingredients and product safety,0,High Value Fans
R002510,convenience_first,50,13150.63,tier_3_plus,xiaohongshu,personal_care,5.44,6.91,6.87,5.56,26.93,0,1,1,0,0,6.23,8,promotion,KOL reviews are useful but need to be authentic,0,High Value Fans
R002511,value_seekers,31,14210.27,new_tier_1,tmall,ready_to_drink,8.9,6.87,4.47,4.4,21.08,1,1,0,0,0,5.16,4,price,the price feels high without promotion,2,Value Seekers
R002512,new_explorers,23,9432.27,tier_1,jd,ready_to_drink,7.56,7.08,5.64,6.6,24.36,1,1,1,1,2,9.33,10,packaging,portable packaging is useful for work and travel,0,High Value Fans
R002513,eco_advocates,35,8112.25,tier_1,private_domain,ready_to_drink,7.09,8.27,6.75,8.99,33.3,0,0,0,0,1,9.14,7,packaging,the packaging is convenient but could look more premium,4,Eco Advocates
R002514,convenience_first,36,8614.72,tier_1,private_domain,personal_care,4.72,6.44,8.01,5.54,30.53,0,0,0,1,2,9.35,8,quality,quality improvement would make me repurchase more often,3,Convenience Driven
R002515,value_seekers,24,8274.21,tier_2,douyin,home_cleaning,8.67,5.61,5.42,6.03,17.72,1,0,0,0,0,5.88,7,quality,quality improvement would make me repurchase more often,2,Value Seekers
R002516,quality_first,27,9986.78,tier_2,tmall,healthy_snack,6.43,9.47,6.24,6.4,26.28,0,1,1,0,1,8.05,9,quality,quality improvement would make me repurchase more often,1,Quality Loyalists
R002517,value_seekers,32,7266.46,new_tier_1,douyin,healthy_snack,8.85,6.8,5.22,5.53,19.91,1,1,0,0,0,7.1,8,price,I compare price across platforms before purchase,0,High Value Fans
R002518,new_explorers,42,17753.59,tier_2,douyin,ready_to_drink,6.27,6.75,7.07,6.44,25.4,0,0,1,0,0,7.56,9,price,the price feels high without promotion,0,High Value Fans
R002519,quality_first,32,9775.03,tier_1,douyin,healthy_snack,4.78,10.0,6.86,5.99,33.62,1,0,0,1,4,9.83,10,quality,quality improvement would make me repurchase more often,1,Quality Loyalists
R002520,convenience_first,26,13504.17,tier_2,xiaohongshu,home_cleaning,5.21,7.53,7.45,5.71,25.46,1,1,1,1,5,9.85,10,quality,the product quality is stable and trustworthy,3,Convenience Driven
R002521,value_seekers,30,7854.63,new_tier_1,offline_supermarket,home_cleaning,9.26,7.44,5.29,5.86,23.89,0,0,0,0,4,7.52,9,price,discount bundles make me more willing to buy,0,High Value Fans
R002522,quality_first,38,9946.79,tier_2,tmall,personal_care,5.46,8.1,4.73,6.36,31.31,0,0,0,1,3,9.64,9,quality,the product quality is stable and trustworthy,1,Quality Loyalists
R002523,value_seekers,39,9197.79,tier_3_plus,douyin,healthy_snack,8.35,6.11,3.03,5.62,23.54,1,1,1,1,2,7.12,8,price,the price feels high without promotion,0,High Value Fans
R002524,convenience_first,33,2500.0,new_tier_1,tmall,personal_care,5.25,6.67,9.16,4.59,29.03,0,0,0,0,1,9.48,10,delivery,offline availability is not always convenient,3,Convenience Driven
R002525,new_explorers,46,6206.93,tier_1,tmall,personal_care,7.17,6.74,5.44,6.33,20.03,1,1,1,1,2,9.14,10,quality,the product quality is stable and trustworthy,0,High Value Fans
R002526,quality_first,29,4024.76,tier_2,tmall,healthy_snack,5.78,8.91,6.74,6.83,30.4,1,1,1,1,1,10.0,10,promotion,livestream promotion helps me discover new products,1,Quality Loyalists
R002527,eco_advocates,29,5335.01,new_tier_1,tmall,ready_to_drink,6.51,7.65,6.22,9.05,29.33,0,1,1,0,0,8.88,8,promotion,KOL reviews are useful but need to be authentic,4,Eco Advocates
R002528,value_seekers,34,8462.07,tier_2,private_domain,ready_to_drink,9.59,6.73,5.18,6.46,17.91,1,1,0,0,0,6.24,6,price,the price feels high without promotion,2,Value Seekers
R002529,value_seekers,27,22852.34,new_tier_1,douyin,ready_to_drink,7.54,6.45,5.97,6.11,18.26,1,1,1,1,3,7.58,7,price,I compare price across platforms before purchase,0,High Value Fans
R002530,value_seekers,43,11305.9,tier_1,douyin,healthy_snack,9.9,7.72,6.8,5.86,25.46,1,1,1,1,6,7.98,9,quality,I care about ingredients and product safety,0,High Value Fans
R002531,value_seekers,24,4874.11,tier_2,offline_supermarket,healthy_snack,7.98,7.02,6.3,3.56,13.6,0,0,0,0,0,6.51,7,promotion,membership coupons can increase repeat purchase,2,Value Seekers
R002532,value_seekers,36,10701.02,tier_1,douyin,healthy_snack,7.83,5.47,4.51,4.98,14.03,0,0,0,0,0,5.35,5,delivery,offline availability is not always convenient,2,Value Seekers
R002533,convenience_first,24,9831.88,new_tier_1,douyin,ready_to_drink,5.61,5.67,8.33,4.75,31.58,1,1,1,0,1,7.18,6,price,I compare price across platforms before purchase,3,Convenience Driven
R002534,quality_first,37,8298.14,tier_2,douyin,healthy_snack,4.95,9.52,4.98,6.59,39.46,1,1,1,1,3,9.36,10,delivery,offline availability is not always convenient,1,Quality Loyalists
R002535,convenience_first,33,8147.09,tier_2,jd,ready_to_drink,5.77,7.72,9.3,5.34,27.39,0,1,0,1,2,9.39,9,price,the price feels high without promotion,3,Convenience Driven
R002536,convenience_first,37,6783.44,tier_2,douyin,ready_to_drink,5.24,7.24,8.38,5.62,22.09,0,0,0,1,3,8.2,10,delivery,delivery speed affects whether I choose the brand,3,Convenience Driven
R002537,quality_first,27,18869.31,tier_2,jd,ready_to_drink,3.93,9.24,7.65,7.64,37.96,0,1,1,1,4,10.0,6,promotion,KOL reviews are useful but need to be authentic,1,Quality Loyalists
R002538,eco_advocates,55,11871.82,tier_1,jd,ready_to_drink,5.57,7.68,6.6,8.99,32.39,1,1,1,1,3,9.46,9,quality,the product quality is stable and trustworthy,4,Eco Advocates
R002539,convenience_first,29,5209.59,tier_2,jd,healthy_snack,6.86,7.85,9.35,5.23,20.88,0,1,1,1,2,9.07,10,quality,I care about ingredients and product safety,3,Convenience Driven
R002540,new_explorers,19,18493.18,tier_3_plus,douyin,home_cleaning,6.4,5.63,5.82,5.1,24.31,1,1,1,1,5,6.76,5,quality,quality improvement would make me repurchase more often,2,Value Seekers
R002541,eco_advocates,30,7465.0,tier_3_plus,jd,personal_care,4.62,6.69,7.47,9.22,28.05,0,1,1,1,7,10.0,9,delivery,offline availability is not always convenient,4,Eco Advocates
R002542,eco_advocates,39,7264.35,new_tier_1,offline_supermarket,home_cleaning,6.26,5.51,6.4,9.07,29.31,0,0,0,1,7,8.03,10,sustainability,sustainability claims need to be more credible,4,Eco Advocates
R002543,convenience_first,33,6545.3,tier_2,private_domain,personal_care,5.19,7.34,10.0,6.06,30.19,1,1,1,1,3,10.0,9,packaging,the packaging is convenient but could look more premium,3,Convenience Driven
R002544,eco_advocates,18,13971.94,tier_2,douyin,ready_to_drink,6.07,6.76,6.76,9.83,37.12,1,1,1,1,3,8.85,9,packaging,portable packaging is useful for work and travel,4,Eco Advocates
R002545,convenience_first,36,7955.54,tier_1,offline_supermarket,ready_to_drink,6.43,7.23,9.11,4.89,29.3,1,1,1,1,3,8.23,7,delivery,delivery speed affects whether I choose the brand,3,Convenience Driven
R002546,eco_advocates,28,6417.88,tier_2,offline_supermarket,healthy_snack,5.6,6.56,6.3,9.94,25.14,1,1,1,1,3,7.71,5,delivery,stockouts make me switch to other brands,4,Eco Advocates
R002547,value_seekers,34,28456.23,tier_1,private_domain,home_cleaning,9.26,6.16,3.43,3.8,23.47,1,1,0,0,2,7.88,10,price,the price feels high without promotion,0,High Value Fans
R002548,quality_first,33,7313.27,tier_1,offline_supermarket,home_cleaning,4.66,8.43,6.56,7.19,28.67,1,1,0,0,1,7.76,7,quality,quality improvement would make me repurchase more often,1,Quality Loyalists
R002549,convenience_first,43,4541.56,tier_3_plus,jd,home_cleaning,4.45,6.29,9.54,4.74,21.57,1,1,1,1,3,9.85,9,delivery,stockouts make me switch to other brands,3,Convenience Driven
R002550,value_seekers,35,19169.0,tier_3_plus,tmall,personal_care,8.53,4.7,5.68,5.4,18.34,0,0,0,1,4,5.74,4,packaging,the packaging is convenient but could look more premium,2,Value Seekers
R002551,convenience_first,22,12825.71,tier_3_plus,tmall,home_cleaning,4.01,8.07,9.55,5.26,31.69,0,1,1,1,4,10.0,10,promotion,KOL reviews are useful but need to be authentic,3,Convenience Driven
R002552,convenience_first,41,8677.94,tier_3_plus,xiaohongshu,personal_care,5.71,7.38,8.38,4.85,32.46,1,1,0,0,0,7.27,7,price,I compare price across platforms before purchase,3,Convenience Driven
R002553,value_seekers,38,15386.69,tier_2,douyin,ready_to_drink,8.94,6.84,5.96,4.67,19.54,0,0,0,1,4,7.54,8,delivery,offline availability is not always convenient,0,High Value Fans
R002554,quality_first,29,16660.91,tier_1,private_domain,personal_care,3.79,8.71,6.47,6.67,32.69,1,1,1,1,1,8.78,7,promotion,KOL reviews are useful but need to be authentic,1,Quality Loyalists
R002555,eco_advocates,35,9410.25,tier_2,jd,ready_to_drink,4.14,9.45,6.67,8.33,35.14,1,1,1,1,5,10.0,10,price,discount bundles make me more willing to buy,1,Quality Loyalists
R002556,value_seekers,36,10989.96,tier_3_plus,tmall,ready_to_drink,8.94,7.28,5.36,5.52,20.86,0,1,1,0,1,5.41,6,packaging,portable packaging is useful for work and travel,2,Value Seekers
R002557,value_seekers,33,4474.13,tier_3_plus,private_domain,home_cleaning,10.0,6.67,6.53,5.93,17.3,1,1,0,1,1,5.17,4,price,discount bundles make me more willing to buy,2,Value Seekers
R002558,new_explorers,25,15377.37,new_tier_1,xiaohongshu,home_cleaning,6.58,6.81,6.39,5.93,19.16,1,1,1,1,2,9.11,10,quality,the product quality is stable and trustworthy,0,High Value Fans
R002559,eco_advocates,36,14078.06,tier_1,douyin,healthy_snack,4.75,9.52,6.45,9.71,39.84,1,1,1,1,1,9.26,9,price,discount bundles make me more willing to buy,4,Eco Advocates
R002560,convenience_first,27,9230.6,tier_2,jd,healthy_snack,6.71,5.78,8.72,5.9,24.55,0,1,1,1,5,8.51,8,quality,quality improvement would make me repurchase more often,3,Convenience Driven
R002561,eco_advocates,42,11442.79,tier_2,douyin,personal_care,7.0,8.59,6.74,9.92,30.55,1,1,1,1,2,10.0,10,sustainability,I prefer brands with recyclable packaging,4,Eco Advocates
R002562,value_seekers,31,5438.39,tier_1,private_domain,personal_care,9.11,4.65,5.3,4.24,19.98,1,0,0,0,1,6.05,6,price,the price feels high without promotion,2,Value Seekers
R002563,convenience_first,50,14940.84,new_tier_1,tmall,personal_care,4.93,5.45,8.72,5.17,24.81,0,1,0,0,0,6.09,4,price,discount bundles make me more willing to buy,2,Value Seekers
R002564,convenience_first,32,6756.61,tier_3_plus,xiaohongshu,personal_care,5.51,7.06,8.82,4.52,29.62,1,1,1,1,7,10.0,10,delivery,delivery speed affects whether I choose the brand,3,Convenience Driven
R002565,quality_first,40,16831.69,tier_3_plus,jd,healthy_snack,4.0,8.12,6.96,5.85,27.88,0,0,0,0,2,10.0,10,quality,quality improvement would make me repurchase more often,1,Quality Loyalists
R002566,quality_first,27,7876.28,tier_2,jd,healthy_snack,5.57,8.0,6.86,6.97,28.69,0,1,1,1,4,9.41,9,price,I compare price across platforms before purchase,1,Quality Loyalists
R002567,quality_first,31,8898.89,new_tier_1,offline_supermarket,ready_to_drink,5.38,8.99,6.96,6.65,30.55,0,1,1,1,3,9.91,10,promotion,membership coupons can increase repeat purchase,1,Quality Loyalists
R002568,value_seekers,43,15047.5,tier_2,douyin,home_cleaning,8.64,5.97,5.27,5.47,18.9,1,1,1,0,1,5.94,7,delivery,delivery speed affects whether I choose the brand,2,Value Seekers
R002569,eco_advocates,25,8628.04,new_tier_1,xiaohongshu,personal_care,5.93,7.48,7.17,8.88,34.42,0,0,0,0,0,8.11,7,quality,I care about ingredients and product safety,4,Eco Advocates
R002570,new_explorers,27,14223.09,new_tier_1,tmall,personal_care,6.05,5.73,5.03,6.0,18.67,1,1,0,1,4,7.82,9,promotion,KOL reviews are useful but need to be authentic,0,High Value Fans
R002571,new_explorers,30,9907.08,tier_3_plus,jd,healthy_snack,6.21,6.59,3.89,6.54,22.82,1,1,1,1,1,8.46,10,packaging,the packaging is convenient but could look more premium,0,High Value Fans
R002572,convenience_first,30,13233.31,tier_1,xiaohongshu,ready_to_drink,4.2,7.63,7.73,4.33,26.01,1,0,1,1,1,9.7,9,quality,I care about ingredients and product safety,3,Convenience Driven
R002573,value_seekers,42,8057.44,tier_3_plus,jd,ready_to_drink,10.0,6.2,5.95,4.86,16.59,1,1,1,1,1,6.08,4,price,the price feels high without promotion,2,Value Seekers
R002574,value_seekers,35,6569.28,tier_2,offline_supermarket,home_cleaning,8.19,5.08,7.13,5.14,19.95,1,0,0,0,0,5.43,5,packaging,portable packaging is useful for work and travel,2,Value Seekers
R002575,convenience_first,27,6790.29,tier_2,private_domain,home_cleaning,5.56,5.8,10.0,6.73,20.67,1,1,1,1,3,7.89,9,sustainability,low carbon packaging would improve brand impression,3,Convenience Driven
R002576,value_seekers,28,12645.94,tier_2,jd,ready_to_drink,8.48,5.47,6.2,5.35,14.52,1,1,1,1,3,6.58,6,promotion,membership coupons can increase repeat purchase,2,Value Seekers
R002577,quality_first,36,6190.91,tier_2,douyin,ready_to_drink,4.35,8.8,6.13,5.57,31.49,1,1,1,1,3,7.1,5,delivery,delivery speed affects whether I choose the brand,1,Quality Loyalists
R002578,convenience_first,37,14886.84,tier_1,tmall,home_cleaning,6.12,7.55,8.51,3.55,25.06,1,1,1,1,4,8.9,7,promotion,livestream promotion helps me discover new products,3,Convenience Driven
R002579,value_seekers,20,4659.25,tier_3_plus,offline_supermarket,home_cleaning,9.29,5.07,6.2,6.13,13.76,1,0,0,0,0,6.31,6,quality,I care about ingredients and product safety,2,Value Seekers
R002580,convenience_first,21,17034.59,tier_2,offline_supermarket,ready_to_drink,5.42,6.89,8.24,5.92,28.45,1,1,1,1,4,8.98,9,promotion,KOL reviews are useful but need to be authentic,3,Convenience Driven
R002581,eco_advocates,27,11373.41,tier_1,douyin,personal_care,4.79,7.77,5.55,8.95,41.31,1,1,1,1,3,6.69,6,delivery,delivery speed affects whether I choose the brand,4,Eco Advocates
R002582,value_seekers,34,10559.64,tier_1,tmall,home_cleaning,9.28,6.79,5.91,6.13,14.13,0,1,0,0,1,5.55,3,packaging,portable packaging is useful for work and travel,2,Value Seekers
R002583,convenience_first,27,5003.39,tier_2,tmall,healthy_snack,5.75,7.19,8.8,6.88,26.86,1,0,0,0,1,9.79,8,delivery,offline availability is not always convenient,3,Convenience Driven
R002584,eco_advocates,18,7790.33,tier_1,tmall,personal_care,6.27,7.99,6.6,8.36,33.16,1,0,0,1,3,8.36,8,price,discount bundles make me more willing to buy,4,Eco Advocates
R002585,quality_first,30,8623.91,new_tier_1,tmall,healthy_snack,4.43,8.67,7.72,6.85,34.43,0,0,1,1,2,9.16,9,quality,I care about ingredients and product safety,1,Quality Loyalists
R002586,quality_first,25,12652.7,tier_2,private_domain,healthy_snack,4.95,9.0,7.52,7.23,29.01,1,1,1,1,5,10.0,10,sustainability,low carbon packaging would improve brand impression,1,Quality Loyalists
R002587,value_seekers,32,7191.1,new_tier_1,tmall,home_cleaning,6.5,6.09,4.29,5.54,12.37,0,1,1,0,1,5.49,6,promotion,KOL reviews are useful but need to be authentic,2,Value Seekers
R002588,new_explorers,29,6296.76,tier_1,tmall,healthy_snack,6.4,7.62,5.59,6.31,21.2,1,1,1,1,3,8.58,8,sustainability,I prefer brands with recyclable packaging,0,High Value Fans
R002589,quality_first,27,14153.46,tier_1,douyin,personal_care,3.43,8.07,6.11,6.43,36.48,1,1,1,1,5,8.87,8,promotion,KOL reviews are useful but need to be authentic,1,Quality Loyalists
R002590,value_seekers,30,11631.88,new_tier_1,jd,home_cleaning,7.39,7.36,5.03,4.94,13.13,1,1,1,1,2,8.24,8,delivery,delivery speed affects whether I choose the brand,0,High Value Fans
R002591,value_seekers,27,7216.48,tier_1,private_domain,ready_to_drink,9.16,5.51,6.6,5.26,17.47,1,1,1,0,2,5.84,5,promotion,livestream promotion helps me discover new products,2,Value Seekers
R002592,value_seekers,33,5095.62,new_tier_1,jd,ready_to_drink,8.58,5.91,5.84,4.65,20.2,1,1,1,1,5,9.1,10,price,I compare price across platforms before purchase,0,High Value Fans
R002593,eco_advocates,32,14704.92,tier_3_plus,douyin,ready_to_drink,4.87,6.77,5.43,7.88,33.35,1,1,1,1,4,7.62,7,sustainability,I prefer brands with recyclable packaging,4,Eco Advocates
R002594,value_seekers,41,5056.0,new_tier_1,offline_supermarket,ready_to_drink,9.11,6.4,6.21,4.83,15.23,1,1,0,0,1,6.08,6,quality,quality improvement would make me repurchase more often,2,Value Seekers
R002595,convenience_first,30,13887.3,tier_2,douyin,personal_care,4.92,8.28,9.46,4.68,25.5,0,0,0,0,1,10.0,9,packaging,the packaging is convenient but could look more premium,3,Convenience Driven
R002596,new_explorers,28,13463.5,new_tier_1,tmall,ready_to_drink,6.72,7.57,6.01,7.54,17.14,1,1,1,1,4,10.0,9,promotion,livestream promotion helps me discover new products,0,High Value Fans
R002597,quality_first,30,15827.64,new_tier_1,douyin,ready_to_drink,2.28,8.73,6.38,5.5,37.73,1,1,1,1,4,9.78,10,quality,the product quality is stable and trustworthy,1,Quality Loyalists
R002598,convenience_first,18,14658.32,new_tier_1,tmall,healthy_snack,5.34,6.82,9.72,5.33,26.38,1,1,0,0,0,7.75,7,delivery,stockouts make me switch to other brands,3,Convenience Driven
R002599,value_seekers,24,10623.89,tier_3_plus,douyin,personal_care,8.02,6.28,5.13,4.38,19.45,1,0,0,0,1,7.22,8,price,I compare price across platforms before purchase,0,High Value Fans
R002600,value_seekers,50,9037.15,tier_2,private_domain,home_cleaning,8.43,6.4,5.45,4.57,15.03,1,1,0,0,0,6.48,6,packaging,the package design should show product benefits more clearly,2,Value Seekers
R002601,quality_first,28,9016.29,tier_2,tmall,ready_to_drink,5.2,9.05,6.53,7.17,24.21,1,1,1,0,3,7.2,7,delivery,delivery speed affects whether I choose the brand,1,Quality Loyalists
R002602,convenience_first,41,10855.43,tier_3_plus,offline_supermarket,healthy_snack,6.0,7.48,8.51,5.68,31.89,0,0,0,0,0,8.8,8,promotion,KOL reviews are useful but need to be authentic,3,Convenience Driven
R002603,quality_first,30,8466.59,tier_2,jd,personal_care,5.45,9.22,6.98,6.74,31.48,0,1,0,1,1,10.0,10,quality,the product quality is stable and trustworthy,1,Quality Loyalists
R002604,eco_advocates,37,8799.61,tier_3_plus,jd,healthy_snack,6.08,7.41,7.32,8.23,35.72,1,1,1,1,2,8.76,7,promotion,livestream promotion helps me discover new products,4,Eco Advocates
R002605,eco_advocates,30,15370.37,tier_2,offline_supermarket,personal_care,4.74,7.28,5.95,8.57,34.08,0,1,0,0,1,7.08,8,sustainability,I prefer brands with recyclable packaging,4,Eco Advocates
R002606,convenience_first,43,32473.29,new_tier_1,jd,ready_to_drink,4.93,6.73,8.86,5.8,26.99,0,0,0,1,2,8.62,9,quality,I care about ingredients and product safety,3,Convenience Driven
R002607,quality_first,34,10110.33,tier_2,douyin,ready_to_drink,3.22,9.3,6.52,6.71,31.61,1,1,1,1,3,9.19,9,quality,I care about ingredients and product safety,1,Quality Loyalists
R002608,convenience_first,29,11088.54,tier_1,offline_supermarket,healthy_snack,6.76,7.13,9.36,4.62,26.98,1,1,1,1,7,9.6,10,delivery,offline availability is not always convenient,3,Convenience Driven
R002609,quality_first,24,8796.04,tier_1,douyin,ready_to_drink,5.99,10.0,6.44,5.87,36.98,0,1,1,1,6,10.0,8,quality,quality improvement would make me repurchase more often,1,Quality Loyalists
R002610,quality_first,25,10437.56,tier_1,tmall,personal_care,3.95,8.64,7.69,6.34,35.53,1,1,1,1,7,10.0,10,quality,quality improvement would make me repurchase more often,1,Quality Loyalists
R002611,quality_first,18,6633.11,tier_2,xiaohongshu,healthy_snack,4.4,9.83,5.51,7.31,27.41,0,1,1,1,0,8.13,6,quality,the product quality is stable and trustworthy,1,Quality Loyalists
R002612,value_seekers,36,8411.26,new_tier_1,tmall,personal_care,9.51,5.95,5.74,4.32,22.64,1,1,1,0,1,5.41,6,promotion,livestream promotion helps me discover new products,2,Value Seekers
R002613,new_explorers,29,19649.56,new_tier_1,xiaohongshu,home_cleaning,5.39,4.85,7.17,5.38,20.86,0,0,0,0,0,7.39,7,sustainability,low carbon packaging would improve brand impression,0,High Value Fans
R002614,value_seekers,19,8913.03,tier_2,douyin,ready_to_drink,7.78,7.59,4.61,5.04,20.06,0,1,1,1,5,9.19,10,quality,the product quality is stable and trustworthy,0,High Value Fans
R002615,value_seekers,32,10433.02,new_tier_1,offline_supermarket,ready_to_drink,8.44,7.18,5.53,6.36,14.74,1,1,1,1,4,8.72,8,promotion,membership coupons can increase repeat purchase,0,High Value Fans
R002616,value_seekers,26,15292.08,tier_3_plus,tmall,home_cleaning,8.6,6.24,4.87,5.12,17.56,0,0,1,1,4,5.98,5,packaging,portable packaging is useful for work and travel,2,Value Seekers
R002617,quality_first,31,8911.22,tier_3_plus,private_domain,personal_care,4.9,9.89,6.87,4.84,37.6,1,1,1,1,0,6.87,7,promotion,livestream promotion helps me discover new products,1,Quality Loyalists
R002618,convenience_first,18,5663.31,new_tier_1,private_domain,ready_to_drink,6.18,7.2,7.42,4.98,27.1,0,0,1,1,3,7.89,7,quality,I care about ingredients and product safety,3,Convenience Driven
R002619,quality_first,24,11644.28,tier_3_plus,tmall,personal_care,4.26,8.09,6.69,6.3,27.94,0,1,1,1,4,8.42,7,packaging,the packaging is convenient but could look more premium,1,Quality Loyalists
R002620,eco_advocates,33,7822.11,tier_3_plus,douyin,personal_care,5.78,7.05,5.26,8.35,34.41,1,1,0,0,0,9.14,7,price,the price feels high without promotion,4,Eco Advocates
R002621,quality_first,23,13378.44,new_tier_1,jd,home_cleaning,3.62,10.0,6.01,6.37,34.79,1,1,1,0,1,10.0,10,delivery,stockouts make me switch to other brands,1,Quality Loyalists
R002622,value_seekers,27,11862.21,new_tier_1,tmall,home_cleaning,6.8,6.62,5.3,4.52,12.06,1,1,1,0,4,7.39,5,delivery,offline availability is not always convenient,2,Value Seekers
R002623,quality_first,22,7648.93,tier_1,jd,home_cleaning,5.59,8.47,6.05,6.42,35.81,0,0,1,1,4,10.0,10,sustainability,low carbon packaging would improve brand impression,1,Quality Loyalists
R002624,quality_first,44,10108.78,tier_3_plus,jd,personal_care,5.95,8.43,5.44,6.09,33.15,1,0,0,0,0,6.38,6,packaging,portable packaging is useful for work and travel,2,Value Seekers
R002625,convenience_first,31,6550.03,tier_2,jd,ready_to_drink,5.35,6.81,9.2,4.62,26.62,1,1,0,1,2,9.23,9,promotion,KOL reviews are useful but need to be authentic,3,Convenience Driven
R002626,quality_first,25,5230.58,tier_1,tmall,ready_to_drink,7.43,10.0,6.35,6.65,32.56,1,1,1,1,5,10.0,10,packaging,portable packaging is useful for work and travel,1,Quality Loyalists
R002627,quality_first,28,5517.67,new_tier_1,tmall,home_cleaning,4.31,9.22,7.58,6.94,33.38,1,1,1,1,2,10.0,9,sustainability,I prefer brands with recyclable packaging,1,Quality Loyalists
R002628,quality_first,30,7004.43,tier_2,tmall,healthy_snack,5.44,9.68,7.47,7.04,29.04,1,1,1,1,2,8.77,10,sustainability,sustainability claims need to be more credible,1,Quality Loyalists
R002629,value_seekers,28,12796.34,tier_3_plus,xiaohongshu,healthy_snack,7.31,6.32,5.28,4.73,13.68,0,0,0,0,0,7.34,6,quality,the product quality is stable and trustworthy,2,Value Seekers
R002630,quality_first,46,18245.12,tier_2,private_domain,personal_care,4.15,9.36,5.63,4.47,36.36,0,0,0,1,1,9.39,8,price,I compare price across platforms before purchase,1,Quality Loyalists
R002631,convenience_first,18,8607.23,new_tier_1,tmall,ready_to_drink,6.4,6.4,8.06,4.48,26.54,1,1,1,1,2,7.92,8,promotion,livestream promotion helps me discover new products,3,Convenience Driven
R002632,new_explorers,28,13390.15,tier_2,offline_supermarket,home_cleaning,5.56,6.1,7.15,4.52,23.21,1,1,1,1,2,7.74,8,quality,the product quality is stable and trustworthy,0,High Value Fans
R002633,quality_first,30,7032.1,tier_2,jd,home_cleaning,4.39,7.85,6.52,7.32,28.44,1,1,1,1,4,8.06,8,packaging,portable packaging is useful for work and travel,1,Quality Loyalists
R002634,quality_first,46,10848.97,tier_3_plus,jd,personal_care,6.21,8.9,6.13,5.92,33.4,1,1,0,1,1,8.08,7,quality,the product quality is stable and trustworthy,1,Quality Loyalists
R002635,quality_first,37,12551.26,new_tier_1,jd,healthy_snack,4.92,9.83,6.28,7.63,34.75,0,1,1,1,2,9.11,10,quality,quality improvement would make me repurchase more often,1,Quality Loyalists
R002636,quality_first,39,20367.95,tier_1,tmall,ready_to_drink,4.99,7.61,5.54,6.5,27.76,0,1,1,0,1,7.44,7,price,I compare price across platforms before purchase,1,Quality Loyalists
R002637,new_explorers,29,25645.94,tier_2,tmall,healthy_snack,5.57,6.44,6.57,6.27,23.26,0,0,1,1,3,7.91,9,price,I compare price across platforms before purchase,0,High Value Fans
R002638,value_seekers,25,7061.3,tier_3_plus,jd,healthy_snack,8.42,6.37,6.33,5.59,14.34,1,1,0,0,0,7.59,8,sustainability,sustainability claims need to be more credible,0,High Value Fans
R002639,quality_first,29,23715.52,new_tier_1,douyin,healthy_snack,5.43,9.62,6.96,6.7,29.57,1,1,1,1,2,9.82,9,delivery,offline availability is not always convenient,1,Quality Loyalists
R002640,new_explorers,26,8104.06,tier_3_plus,tmall,healthy_snack,7.89,8.24,5.79,5.34,24.75,1,1,0,0,0,7.48,7,price,the price feels high without promotion,0,High Value Fans
R002641,eco_advocates,41,7650.94,new_tier_1,tmall,personal_care,5.08,7.91,5.55,9.94,37.23,1,1,1,0,0,9.37,9,sustainability,I prefer brands with recyclable packaging,4,Eco Advocates
R002642,convenience_first,30,11364.51,new_tier_1,jd,ready_to_drink,6.81,6.62,8.34,4.28,21.89,1,1,0,0,0,7.58,8,price,discount bundles make me more willing to buy,3,Convenience Driven
R002643,convenience_first,28,8990.71,tier_2,offline_supermarket,personal_care,5.65,6.66,8.38,6.27,19.19,1,0,0,0,1,7.65,8,packaging,the package design should show product benefits more clearly,3,Convenience Driven
R002644,value_seekers,33,5278.23,tier_1,jd,healthy_snack,8.39,6.12,6.51,5.2,15.76,1,1,1,1,0,9.42,9,price,discount bundles make me more willing to buy,0,High Value Fans
R002645,convenience_first,36,12864.11,tier_1,private_domain,home_cleaning,4.89,9.23,9.31,3.85,26.84,1,1,1,1,2,10.0,10,delivery,offline availability is not always convenient,3,Convenience Driven
R002646,quality_first,35,8249.53,tier_3_plus,tmall,personal_care,6.54,8.39,7.17,4.76,31.52,1,1,0,0,1,6.84,5,quality,quality improvement would make me repurchase more often,2,Value Seekers
R002647,value_seekers,23,6918.33,tier_2,offline_supermarket,ready_to_drink,8.95,6.17,4.24,4.71,16.6,1,1,1,0,2,4.41,3,price,I compare price across platforms before purchase,2,Value Seekers
R002648,quality_first,18,6322.73,new_tier_1,tmall,personal_care,3.9,8.35,6.07,6.01,33.54,0,0,1,1,1,9.17,6,promotion,KOL reviews are useful but need to be authentic,1,Quality Loyalists
R002649,quality_first,35,9904.01,tier_1,xiaohongshu,healthy_snack,4.81,8.5,7.88,6.83,35.95,1,1,1,1,4,9.2,10,packaging,portable packaging is useful for work and travel,1,Quality Loyalists
R002650,eco_advocates,24,9756.46,tier_2,xiaohongshu,ready_to_drink,5.41,7.09,6.41,9.52,35.57,1,1,1,1,5,10.0,10,delivery,stockouts make me switch to other brands,4,Eco Advocates
R002651,convenience_first,54,10291.44,tier_2,tmall,healthy_snack,6.18,6.72,9.24,6.39,21.6,0,0,1,1,3,8.84,9,delivery,offline availability is not always convenient,3,Convenience Driven
R002652,value_seekers,35,16649.98,new_tier_1,xiaohongshu,ready_to_drink,9.09,8.31,4.39,4.38,19.59,0,0,0,0,2,6.75,7,price,discount bundles make me more willing to buy,2,Value Seekers
R002653,convenience_first,33,13090.36,tier_2,private_domain,healthy_snack,3.96,6.89,10.0,4.89,24.45,1,1,0,0,0,7.91,7,delivery,stockouts make me switch to other brands,3,Convenience Driven
R002654,quality_first,23,15409.3,tier_1,xiaohongshu,healthy_snack,3.83,9.07,5.07,6.36,35.7,1,1,1,1,3,8.16,6,price,discount bundles make me more willing to buy,1,Quality Loyalists
R002655,quality_first,45,9131.02,tier_2,jd,home_cleaning,5.02,9.82,4.88,6.02,33.56,1,1,0,0,0,9.14,10,quality,I care about ingredients and product safety,1,Quality Loyalists
R002656,convenience_first,27,11014.68,new_tier_1,douyin,healthy_snack,6.21,6.45,9.48,5.44,22.09,1,1,1,1,1,9.42,10,sustainability,sustainability claims need to be more credible,3,Convenience Driven
R002657,quality_first,20,4926.65,tier_2,tmall,healthy_snack,5.65,8.82,6.89,5.96,29.16,1,1,0,1,3,8.98,8,packaging,the package design should show product benefits more clearly,1,Quality Loyalists
R002658,convenience_first,37,15641.52,new_tier_1,jd,personal_care,5.54,6.38,8.9,5.31,26.12,1,0,1,1,4,10.0,10,quality,I care about ingredients and product safety,3,Convenience Driven
R002659,new_explorers,37,13271.82,tier_1,douyin,personal_care,6.83,6.8,5.5,7.48,20.36,0,0,0,0,0,8.51,8,price,discount bundles make me more willing to buy,0,High Value Fans
R002660,convenience_first,30,8355.07,new_tier_1,tmall,healthy_snack,4.83,7.35,8.44,4.91,24.48,0,1,1,1,4,8.62,9,promotion,membership coupons can increase repeat purchase,3,Convenience Driven
R002661,convenience_first,27,20551.01,new_tier_1,douyin,ready_to_drink,5.44,6.3,9.56,5.24,26.47,1,1,1,1,0,10.0,10,quality,I care about ingredients and product safety,3,Convenience Driven
R002662,quality_first,34,16063.85,tier_3_plus,tmall,personal_care,5.09,9.71,6.74,6.41,34.12,1,1,1,1,6,10.0,10,price,the price feels high without promotion,1,Quality Loyalists
R002663,quality_first,21,19374.96,tier_3_plus,tmall,personal_care,4.16,10.0,5.69,4.42,40.08,1,1,1,1,8,10.0,9,quality,I care about ingredients and product safety,1,Quality Loyalists
R002664,value_seekers,44,4794.96,tier_2,douyin,home_cleaning,9.89,5.87,7.73,5.98,12.76,1,1,1,1,1,10.0,9,price,discount bundles make me more willing to buy,0,High Value Fans
R002665,convenience_first,35,7941.96,new_tier_1,douyin,healthy_snack,5.24,7.72,9.66,5.36,28.54,0,0,0,1,5,10.0,10,packaging,the packaging is convenient but could look more premium,3,Convenience Driven
R002666,quality_first,44,23605.86,tier_2,tmall,healthy_snack,5.41,9.02,7.71,6.14,35.58,1,1,1,1,5,10.0,10,promotion,membership coupons can increase repeat purchase,1,Quality Loyalists
R002667,value_seekers,25,10429.41,new_tier_1,douyin,ready_to_drink,9.58,6.01,4.74,6.22,14.43,0,1,1,1,3,7.5,7,price,discount bundles make me more willing to buy,0,High Value Fans
R002668,new_explorers,37,5877.6,tier_3_plus,private_domain,healthy_snack,8.27,6.32,6.01,7.1,23.06,1,1,1,1,2,8.29,8,promotion,KOL reviews are useful but need to be authentic,0,High Value Fans
R002669,quality_first,33,7901.93,tier_1,private_domain,home_cleaning,3.79,8.25,6.19,7.07,36.05,1,1,1,1,3,9.39,10,promotion,KOL reviews are useful but need to be authentic,1,Quality Loyalists
R002670,value_seekers,31,4632.78,new_tier_1,offline_supermarket,personal_care,8.81,5.96,4.64,3.83,21.67,1,1,1,1,5,7.9,7,price,discount bundles make me more willing to buy,0,High Value Fans
R002671,quality_first,27,10137.61,tier_1,tmall,healthy_snack,3.47,8.86,5.94,7.37,29.69,1,1,1,1,7,10.0,10,quality,I care about ingredients and product safety,1,Quality Loyalists
R002672,convenience_first,35,7763.48,tier_1,offline_supermarket,healthy_snack,5.11,6.48,7.83,6.37,21.42,1,0,1,1,3,9.21,10,quality,quality improvement would make me repurchase more often,3,Convenience Driven
R002673,convenience_first,28,5244.51,tier_3_plus,offline_supermarket,personal_care,4.83,6.58,8.12,4.61,28.34,0,0,0,0,1,7.75,6,promotion,membership coupons can increase repeat purchase,3,Convenience Driven
R002674,convenience_first,28,6809.45,tier_1,offline_supermarket,personal_care,6.03,6.29,7.95,6.34,25.4,0,0,1,1,3,8.06,7,delivery,stockouts make me switch to other brands,3,Convenience Driven
R002675,quality_first,31,11484.86,new_tier_1,offline_supermarket,ready_to_drink,5.23,8.92,6.81,5.33,29.32,1,1,1,0,3,7.58,7,quality,I care about ingredients and product safety,1,Quality Loyalists
R002676,new_explorers,29,15895.65,tier_2,tmall,ready_to_drink,5.57,7.39,6.02,5.71,21.44,1,1,1,1,4,8.84,8,quality,I care about ingredients and product safety,0,High Value Fans
R002677,quality_first,42,12391.01,tier_2,offline_supermarket,ready_to_drink,4.83,8.71,6.43,6.6,30.57,1,1,0,0,1,9.94,10,quality,quality improvement would make me repurchase more often,1,Quality Loyalists
R002678,value_seekers,32,12955.7,tier_1,jd,ready_to_drink,10.0,7.57,4.67,4.65,19.19,1,1,0,0,1,7.29,6,packaging,portable packaging is useful for work and travel,2,Value Seekers
R002679,convenience_first,43,9209.68,tier_2,tmall,healthy_snack,5.7,7.1,9.85,6.21,30.54,0,1,1,1,5,9.04,10,delivery,delivery speed affects whether I choose the brand,3,Convenience Driven
R002680,new_explorers,29,8442.01,tier_1,offline_supermarket,healthy_snack,7.4,6.38,6.02,6.69,23.79,1,1,1,0,2,6.83,8,delivery,offline availability is not always convenient,0,High Value Fans
R002681,value_seekers,22,10458.54,tier_3_plus,douyin,ready_to_drink,9.22,7.7,5.94,4.76,18.75,0,0,1,1,4,5.43,3,quality,I care about ingredients and product safety,2,Value Seekers
R002682,value_seekers,38,12535.85,tier_1,xiaohongshu,home_cleaning,8.95,4.97,6.52,4.87,11.88,1,1,1,0,1,5.7,8,quality,quality improvement would make me repurchase more often,2,Value Seekers
R002683,value_seekers,27,16764.63,new_tier_1,offline_supermarket,personal_care,7.35,8.06,4.89,6.09,23.54,0,1,1,1,1,7.7,9,price,I compare price across platforms before purchase,0,High Value Fans
R002684,new_explorers,21,11433.12,tier_2,jd,healthy_snack,6.37,6.52,6.12,6.53,20.28,0,1,1,1,1,7.71,7,packaging,the package design should show product benefits more clearly,0,High Value Fans
R002685,convenience_first,51,9934.26,tier_3_plus,tmall,ready_to_drink,4.7,6.6,8.16,6.47,25.18,1,1,1,1,5,10.0,10,delivery,stockouts make me switch to other brands,3,Convenience Driven
R002686,eco_advocates,35,7485.58,new_tier_1,tmall,personal_care,6.01,7.2,8.7,9.46,39.26,0,0,0,0,1,6.99,9,delivery,stockouts make me switch to other brands,4,Eco Advocates
R002687,new_explorers,26,9355.32,tier_3_plus,private_domain,healthy_snack,5.97,7.67,7.29,5.7,24.74,0,0,1,0,0,6.8,7,packaging,the packaging is convenient but could look more premium,0,High Value Fans
R002688,eco_advocates,33,8449.67,tier_2,jd,healthy_snack,4.5,7.34,6.01,9.17,35.21,1,1,1,1,3,9.18,10,delivery,stockouts make me switch to other brands,4,Eco Advocates
R002689,convenience_first,42,9352.23,tier_2,tmall,home_cleaning,6.25,7.11,8.68,6.36,29.25,1,1,1,1,1,9.77,10,packaging,the package design should show product benefits more clearly,3,Convenience Driven
R002690,quality_first,35,6995.81,tier_3_plus,jd,ready_to_drink,4.39,8.66,7.0,8.04,32.61,1,1,0,1,4,10.0,10,price,I compare price across platforms before purchase,1,Quality Loyalists
R002691,value_seekers,36,7898.29,tier_2,jd,healthy_snack,8.98,6.5,6.01,4.95,9.29,1,1,1,0,1,6.76,8,packaging,the packaging is convenient but could look more premium,2,Value Seekers
R002692,quality_first,30,9634.67,tier_1,douyin,ready_to_drink,6.04,8.85,7.31,6.39,31.29,1,1,1,1,3,9.35,10,quality,quality improvement would make me repurchase more often,1,Quality Loyalists
R002693,value_seekers,48,9364.86,tier_2,tmall,healthy_snack,9.36,5.32,4.9,4.96,14.22,1,1,1,1,2,5.35,5,price,discount bundles make me more willing to buy,2,Value Seekers
R002694,eco_advocates,27,9551.91,tier_2,xiaohongshu,home_cleaning,4.19,7.76,5.59,8.58,35.59,0,0,0,0,1,10.0,10,price,discount bundles make me more willing to buy,4,Eco Advocates
R002695,eco_advocates,32,22121.39,tier_2,offline_supermarket,ready_to_drink,4.6,8.64,7.22,9.45,30.54,1,1,1,1,4,10.0,10,packaging,the package design should show product benefits more clearly,4,Eco Advocates
R002696,convenience_first,39,8200.19,tier_3_plus,private_domain,healthy_snack,4.74,8.41,8.82,4.46,22.48,0,1,1,1,5,9.35,9,delivery,stockouts make me switch to other brands,3,Convenience Driven
R002697,convenience_first,40,13776.97,new_tier_1,jd,healthy_snack,4.06,6.48,10.0,4.54,26.12,0,1,1,1,4,5.86,6,sustainability,I prefer brands with recyclable packaging,3,Convenience Driven
R002698,convenience_first,25,13370.49,tier_2,jd,ready_to_drink,5.85,7.84,7.91,5.18,31.55,0,0,0,0,1,7.76,7,promotion,membership coupons can increase repeat purchase,3,Convenience Driven
R002699,quality_first,40,16217.33,new_tier_1,tmall,ready_to_drink,4.88,7.86,5.62,5.88,33.09,0,1,0,1,1,9.49,8,delivery,stockouts make me switch to other brands,1,Quality Loyalists
R002700,value_seekers,44,10175.12,tier_1,xiaohongshu,ready_to_drink,8.3,7.87,5.6,5.34,20.56,0,0,1,1,1,8.91,9,packaging,the package design should show product benefits more clearly,0,High Value Fans
R002701,new_explorers,21,5645.87,new_tier_1,jd,healthy_snack,7.68,7.06,5.38,8.92,21.55,0,1,1,1,1,8.55,10,promotion,livestream promotion helps me discover new products,0,High Value Fans
R002702,value_seekers,23,15798.9,new_tier_1,private_domain,ready_to_drink,9.9,4.68,6.27,5.19,14.26,0,0,0,0,0,5.96,4,price,the price feels high without promotion,2,Value Seekers
R002703,value_seekers,18,14205.31,tier_1,offline_supermarket,home_cleaning,8.58,6.14,6.45,4.99,14.5,0,0,0,0,0,6.37,6,price,discount bundles make me more willing to buy,2,Value Seekers
R002704,convenience_first,46,46876.68,tier_2,tmall,healthy_snack,4.74,6.68,9.08,4.32,31.76,1,1,1,1,1,10.0,9,promotion,membership coupons can increase repeat purchase,3,Convenience Driven
R002705,value_seekers,29,14340.19,tier_2,douyin,home_cleaning,6.94,6.04,4.94,5.3,16.83,1,1,1,1,1,5.72,5,packaging,the packaging is convenient but could look more premium,2,Value Seekers
R002706,quality_first,42,20281.44,new_tier_1,tmall,home_cleaning,4.17,9.89,6.13,7.1,36.42,0,1,0,1,2,10.0,10,quality,I care about ingredients and product safety,1,Quality Loyalists
R002707,eco_advocates,27,6143.65,tier_2,jd,personal_care,4.6,7.68,6.64,8.52,37.23,0,0,0,0,1,8.64,9,delivery,offline availability is not always convenient,4,Eco Advocates
R002708,quality_first,37,5974.5,new_tier_1,offline_supermarket,ready_to_drink,4.39,9.14,5.97,7.2,25.65,1,1,1,1,1,10.0,10,packaging,portable packaging is useful for work and travel,1,Quality Loyalists
R002709,value_seekers,28,20945.92,tier_2,tmall,ready_to_drink,7.9,5.2,5.58,5.01,18.06,1,0,1,1,2,8.17,7,delivery,delivery speed affects whether I choose the brand,0,High Value Fans
R002710,convenience_first,29,13536.74,new_tier_1,xiaohongshu,healthy_snack,3.75,9.17,9.73,4.08,28.59,0,0,1,1,1,10.0,10,promotion,livestream promotion helps me discover new products,3,Convenience Driven
R002711,value_seekers,38,12461.39,tier_3_plus,tmall,ready_to_drink,6.79,6.04,4.83,4.77,19.2,1,1,1,1,1,5.41,5,packaging,the package design should show product benefits more clearly,2,Value Seekers
R002712,quality_first,30,7417.27,tier_1,offline_supermarket,healthy_snack,4.69,7.86,5.27,5.84,33.64,0,1,0,1,1,9.11,10,price,the price feels high without promotion,1,Quality Loyalists
R002713,new_explorers,29,6913.97,tier_2,douyin,ready_to_drink,6.79,5.32,6.76,5.78,21.21,0,0,0,0,1,7.26,8,delivery,stockouts make me switch to other brands,0,High Value Fans
R002714,value_seekers,32,7458.61,new_tier_1,douyin,healthy_snack,8.1,6.58,5.72,5.87,17.73,0,0,0,0,0,6.55,8,sustainability,sustainability claims need to be more credible,2,Value Seekers
R002715,eco_advocates,27,9027.9,new_tier_1,tmall,ready_to_drink,4.98,7.76,8.07,9.7,31.46,1,1,1,1,4,10.0,9,price,the price feels high without promotion,4,Eco Advocates
R002716,new_explorers,42,9456.24,tier_1,douyin,home_cleaning,6.87,5.83,5.66,5.78,22.68,1,0,1,1,2,8.8,6,price,I compare price across platforms before purchase,0,High Value Fans
R002717,new_explorers,28,5731.32,tier_3_plus,xiaohongshu,personal_care,7.44,7.84,5.7,6.78,21.76,0,0,0,0,0,7.26,7,sustainability,sustainability claims need to be more credible,0,High Value Fans
R002718,value_seekers,27,8802.05,tier_3_plus,jd,healthy_snack,8.22,5.89,5.75,5.85,22.84,1,1,1,0,3,5.53,7,promotion,membership coupons can increase repeat purchase,2,Value Seekers
R002719,value_seekers,18,9937.14,tier_3_plus,private_domain,healthy_snack,7.77,6.58,5.53,4.56,16.71,1,1,0,1,5,9.42,10,price,discount bundles make me more willing to buy,0,High Value Fans
R002720,value_seekers,33,13530.83,new_tier_1,offline_supermarket,home_cleaning,9.89,7.36,5.23,3.83,14.13,1,1,1,1,3,7.56,8,price,I compare price across platforms before purchase,0,High Value Fans
R002721,convenience_first,37,11990.49,tier_2,tmall,home_cleaning,4.69,5.9,9.34,5.45,28.81,0,0,1,1,8,10.0,9,promotion,livestream promotion helps me discover new products,3,Convenience Driven
R002722,convenience_first,42,7437.03,new_tier_1,jd,ready_to_drink,6.08,6.68,8.67,5.46,25.46,1,1,0,0,1,9.74,9,delivery,stockouts make me switch to other brands,3,Convenience Driven
R002723,eco_advocates,18,12411.45,new_tier_1,jd,personal_care,5.81,5.95,6.45,9.36,29.84,1,1,1,1,6,8.45,8,sustainability,sustainability claims need to be more credible,4,Eco Advocates
R002724,value_seekers,36,4540.86,tier_2,private_domain,personal_care,7.01,6.54,5.82,5.63,19.78,0,0,0,0,2,6.21,3,price,discount bundles make me more willing to buy,2,Value Seekers
R002725,quality_first,45,9480.65,tier_2,jd,home_cleaning,3.26,8.04,6.07,7.68,33.55,1,1,0,0,0,8.65,9,packaging,the packaging is convenient but could look more premium,4,Eco Advocates
R002726,eco_advocates,36,25755.93,tier_3_plus,xiaohongshu,healthy_snack,4.19,7.4,7.95,9.28,38.15,1,1,1,1,5,9.73,10,sustainability,sustainability claims need to be more credible,4,Eco Advocates
R002727,convenience_first,37,5188.0,tier_2,tmall,ready_to_drink,5.12,6.16,8.39,5.01,24.48,1,1,0,1,1,9.87,9,price,the price feels high without promotion,3,Convenience Driven
R002728,quality_first,35,14607.66,tier_2,offline_supermarket,healthy_snack,5.89,9.35,7.48,7.44,35.7,1,1,1,1,2,9.47,8,promotion,membership coupons can increase repeat purchase,1,Quality Loyalists
R002729,value_seekers,26,10344.71,tier_3_plus,tmall,ready_to_drink,9.52,5.62,5.77,5.16,15.8,1,1,1,1,2,8.12,8,delivery,stockouts make me switch to other brands,0,High Value Fans
R002730,quality_first,36,11720.02,tier_1,tmall,ready_to_drink,7.71,10.0,6.59,6.41,32.75,1,1,1,1,4,8.89,10,quality,quality improvement would make me repurchase more often,1,Quality Loyalists
R002731,value_seekers,32,12386.5,new_tier_1,tmall,personal_care,7.79,6.6,5.32,4.28,16.84,1,1,1,0,0,5.26,6,quality,quality improvement would make me repurchase more often,2,Value Seekers
R002732,value_seekers,31,7837.41,tier_1,tmall,ready_to_drink,7.25,5.83,5.09,3.78,25.49,0,0,1,0,2,4.31,5,price,the price feels high without promotion,2,Value Seekers
R002733,eco_advocates,22,15078.79,tier_2,tmall,personal_care,5.32,9.87,5.89,10.0,37.09,0,0,0,0,0,7.76,7,quality,the product quality is stable and trustworthy,4,Eco Advocates
R002734,value_seekers,35,10363.18,new_tier_1,tmall,ready_to_drink,8.32,6.82,3.89,5.79,21.9,1,1,0,0,0,5.99,7,promotion,livestream promotion helps me discover new products,2,Value Seekers
R002735,eco_advocates,43,10146.8,tier_1,douyin,personal_care,6.54,7.98,7.38,9.1,31.92,1,1,1,1,2,9.97,10,sustainability,sustainability claims need to be more credible,4,Eco Advocates
R002736,value_seekers,29,19168.61,tier_3_plus,jd,ready_to_drink,9.54,5.53,5.37,4.87,21.86,1,0,0,0,1,4.91,2,packaging,portable packaging is useful for work and travel,2,Value Seekers
R002737,value_seekers,36,22638.21,new_tier_1,jd,healthy_snack,7.47,7.24,7.61,4.83,20.54,1,1,1,1,4,6.94,7,price,discount bundles make me more willing to buy,0,High Value Fans
R002738,value_seekers,31,20118.74,tier_1,xiaohongshu,personal_care,8.57,6.89,6.0,4.88,22.24,1,1,1,1,9,7.02,6,price,I compare price across platforms before purchase,0,High Value Fans
R002739,quality_first,29,9760.11,tier_2,jd,ready_to_drink,4.73,8.51,5.05,6.9,29.9,0,1,1,0,0,7.25,7,promotion,membership coupons can increase repeat purchase,1,Quality Loyalists
R002740,convenience_first,18,30605.92,new_tier_1,offline_supermarket,home_cleaning,4.9,6.81,9.84,6.61,28.66,1,1,1,1,5,8.81,9,promotion,livestream promotion helps me discover new products,3,Convenience Driven
R002741,quality_first,26,10973.03,tier_1,xiaohongshu,personal_care,5.36,9.1,5.02,6.96,36.39,1,1,1,0,1,7.48,9,delivery,delivery speed affects whether I choose the brand,1,Quality Loyalists
R002742,new_explorers,34,6012.15,tier_2,douyin,healthy_snack,6.6,7.32,5.15,5.22,15.81,1,1,0,0,1,8.43,8,price,discount bundles make me more willing to buy,0,High Value Fans
R002743,convenience_first,33,9677.37,tier_3_plus,offline_supermarket,ready_to_drink,6.81,7.73,10.0,5.41,26.89,1,1,1,1,4,7.6,7,price,the price feels high without promotion,3,Convenience Driven
R002744,quality_first,33,8577.23,new_tier_1,jd,ready_to_drink,5.5,9.14,5.87,7.14,28.78,0,1,1,1,2,7.72,8,quality,I care about ingredients and product safety,1,Quality Loyalists
R002745,quality_first,26,12927.41,tier_1,offline_supermarket,home_cleaning,4.26,8.52,7.73,8.06,27.04,1,1,1,1,4,10.0,9,sustainability,sustainability claims need to be more credible,1,Quality Loyalists
R002746,value_seekers,29,9171.72,tier_1,tmall,personal_care,8.75,5.72,6.06,4.24,15.95,1,1,0,1,2,7.5,8,quality,the product quality is stable and trustworthy,0,High Value Fans
R002747,convenience_first,33,13152.62,tier_2,douyin,home_cleaning,6.44,6.21,7.42,5.57,25.63,0,0,0,0,2,6.65,5,quality,I care about ingredients and product safety,2,Value Seekers
R002748,convenience_first,47,15351.09,tier_3_plus,tmall,personal_care,5.49,6.88,9.18,6.51,25.35,1,1,1,1,5,8.09,9,delivery,offline availability is not always convenient,3,Convenience Driven
R002749,convenience_first,27,4352.75,new_tier_1,tmall,ready_to_drink,6.72,6.5,9.65,3.94,19.87,1,1,1,0,1,8.47,10,delivery,delivery speed affects whether I choose the brand,3,Convenience Driven
R002750,value_seekers,24,11753.92,tier_1,tmall,ready_to_drink,8.81,5.45,6.58,4.96,14.36,1,1,1,1,2,6.97,6,quality,I care about ingredients and product safety,2,Value Seekers
R002751,new_explorers,26,14403.73,tier_1,douyin,healthy_snack,7.5,6.6,7.05,5.44,18.74,1,1,0,0,2,6.6,8,delivery,offline availability is not always convenient,0,High Value Fans
R002752,new_explorers,29,15238.95,new_tier_1,douyin,personal_care,6.29,6.89,6.33,6.93,26.71,0,0,0,0,1,7.0,7,price,I compare price across platforms before purchase,0,High Value Fans
R002753,eco_advocates,32,14567.2,new_tier_1,private_domain,healthy_snack,4.3,7.85,7.3,9.75,33.1,1,1,1,1,2,9.25,10,packaging,the packaging is convenient but could look more premium,4,Eco Advocates
R002754,value_seekers,27,7126.21,new_tier_1,douyin,home_cleaning,9.48,5.75,6.49,4.46,16.68,1,0,0,0,0,7.34,7,promotion,KOL reviews are useful but need to be authentic,2,Value Seekers
R002755,quality_first,39,10030.68,new_tier_1,tmall,home_cleaning,4.33,8.47,5.65,7.15,28.82,1,1,1,1,7,9.78,9,delivery,delivery speed affects whether I choose the brand,1,Quality Loyalists
R002756,quality_first,18,17267.37,tier_2,tmall,personal_care,3.89,8.71,7.55,6.96,30.75,1,0,0,1,5,9.63,10,quality,quality improvement would make me repurchase more often,1,Quality Loyalists
R002757,quality_first,24,6325.97,tier_1,jd,healthy_snack,6.85,8.95,7.69,7.91,30.86,1,1,1,1,1,9.42,10,promotion,membership coupons can increase repeat purchase,1,Quality Loyalists
R002758,value_seekers,35,10894.97,tier_2,jd,home_cleaning,7.68,5.21,3.86,6.9,12.07,1,0,0,0,0,6.09,5,price,I compare price across platforms before purchase,2,Value Seekers
R002759,value_seekers,37,27211.77,tier_1,jd,healthy_snack,8.84,6.6,5.56,3.63,21.15,0,1,1,1,5,7.92,9,price,I compare price across platforms before purchase,0,High Value Fans
R002760,quality_first,18,16423.37,tier_1,tmall,ready_to_drink,5.73,6.79,7.21,5.42,33.87,0,0,0,0,0,6.43,7,promotion,KOL reviews are useful but need to be authentic,3,Convenience Driven
R002761,new_explorers,52,8814.99,tier_1,douyin,personal_care,6.4,7.86,7.81,7.67,23.52,0,0,1,1,4,8.68,9,delivery,stockouts make me switch to other brands,3,Convenience Driven
R002762,eco_advocates,28,9472.98,new_tier_1,offline_supermarket,personal_care,5.59,7.52,5.24,9.76,25.5,1,1,1,1,3,9.81,10,sustainability,low carbon packaging would improve brand impression,4,Eco Advocates
R002763,convenience_first,34,8508.63,new_tier_1,tmall,healthy_snack,5.4,6.56,8.11,7.49,23.21,1,1,1,1,6,9.66,10,sustainability,low carbon packaging would improve brand impression,3,Convenience Driven
R002764,value_seekers,18,22273.41,tier_2,offline_supermarket,ready_to_drink,10.0,6.0,6.62,4.41,18.7,1,1,0,0,0,5.28,7,promotion,livestream promotion helps me discover new products,2,Value Seekers
R002765,quality_first,18,8286.71,tier_1,douyin,personal_care,4.28,8.11,6.26,8.2,27.09,1,1,1,1,3,9.03,10,sustainability,sustainability claims need to be more credible,4,Eco Advocates
R002766,new_explorers,26,12840.03,tier_3_plus,jd,home_cleaning,8.74,6.34,5.04,6.37,21.52,1,1,1,0,1,8.0,9,price,the price feels high without promotion,0,High Value Fans
R002767,value_seekers,24,5813.5,new_tier_1,tmall,home_cleaning,9.21,7.07,5.73,6.49,23.19,0,1,1,1,4,8.18,9,packaging,the package design should show product benefits more clearly,0,High Value Fans
R002768,value_seekers,50,11085.58,tier_2,private_domain,healthy_snack,8.5,5.33,6.0,5.72,22.19,0,1,0,1,7,6.57,7,price,the price feels high without promotion,0,High Value Fans
R002769,quality_first,26,15227.85,tier_1,xiaohongshu,ready_to_drink,4.28,9.35,5.35,6.93,35.07,1,1,0,1,1,10.0,10,quality,the product quality is stable and trustworthy,1,Quality Loyalists
R002770,quality_first,25,8969.38,tier_2,douyin,healthy_snack,4.62,8.42,7.26,6.17,34.36,1,1,0,0,1,10.0,10,sustainability,I prefer brands with recyclable packaging,1,Quality Loyalists
R002771,new_explorers,29,6909.2,new_tier_1,offline_supermarket,personal_care,7.38,6.22,5.86,5.42,22.56,0,1,0,1,5,6.19,7,quality,quality improvement would make me repurchase more often,0,High Value Fans
R002772,new_explorers,35,7463.43,tier_2,douyin,home_cleaning,7.07,5.96,6.65,6.03,17.18,0,1,0,1,1,10.0,9,promotion,livestream promotion helps me discover new products,0,High Value Fans
R002773,value_seekers,56,17895.84,new_tier_1,jd,healthy_snack,8.72,6.45,5.23,6.21,13.5,0,0,1,1,4,7.54,9,packaging,the packaging is convenient but could look more premium,0,High Value Fans
R002774,convenience_first,34,11833.29,tier_3_plus,tmall,home_cleaning,6.44,5.93,8.07,5.27,29.36,1,1,1,0,1,8.22,9,delivery,stockouts make me switch to other brands,3,Convenience Driven
R002775,quality_first,33,5661.5,new_tier_1,jd,home_cleaning,4.59,10.0,6.24,5.91,31.51,1,1,0,1,4,9.67,10,price,discount bundles make me more willing to buy,1,Quality Loyalists
R002776,eco_advocates,28,11883.97,tier_2,douyin,home_cleaning,6.32,7.04,7.2,7.0,35.44,1,1,1,1,4,9.99,10,promotion,KOL reviews are useful but need to be authentic,4,Eco Advocates
R002777,new_explorers,23,21321.25,tier_1,douyin,healthy_snack,6.35,6.12,5.85,6.44,24.32,1,1,1,1,5,7.07,7,promotion,KOL reviews are useful but need to be authentic,0,High Value Fans
R002778,eco_advocates,34,33756.89,tier_1,jd,home_cleaning,3.77,8.61,6.25,7.24,39.69,0,1,1,1,1,10.0,10,sustainability,low carbon packaging would improve brand impression,1,Quality Loyalists
R002779,quality_first,27,15721.21,tier_1,tmall,home_cleaning,3.77,8.99,7.05,5.05,29.17,1,1,0,0,0,8.83,8,delivery,stockouts make me switch to other brands,1,Quality Loyalists
R002780,value_seekers,43,15874.64,new_tier_1,jd,ready_to_drink,10.0,7.63,6.15,5.81,16.19,1,0,0,0,0,6.2,5,quality,the product quality is stable and trustworthy,2,Value Seekers
R002781,new_explorers,42,12159.51,tier_1,private_domain,ready_to_drink,4.83,7.04,5.91,6.91,24.95,1,1,1,1,3,8.26,10,delivery,stockouts make me switch to other brands,4,Eco Advocates
R002782,new_explorers,30,18405.93,tier_3_plus,tmall,home_cleaning,5.7,6.04,7.21,6.96,20.34,1,1,0,1,2,8.96,9,sustainability,low carbon packaging would improve brand impression,0,High Value Fans
R002783,convenience_first,36,16149.19,tier_3_plus,douyin,personal_care,5.92,7.82,7.73,2.77,22.89,0,0,1,0,1,6.99,7,packaging,the package design should show product benefits more clearly,3,Convenience Driven
R002784,new_explorers,23,11333.06,tier_2,tmall,personal_care,6.54,5.89,5.21,6.5,23.57,1,1,1,1,9,9.67,10,packaging,portable packaging is useful for work and travel,0,High Value Fans
R002785,quality_first,57,6574.88,new_tier_1,tmall,healthy_snack,4.95,9.12,6.48,7.11,29.5,1,1,1,1,3,10.0,10,promotion,membership coupons can increase repeat purchase,1,Quality Loyalists
R002786,quality_first,45,13263.56,new_tier_1,tmall,personal_care,3.46,8.92,5.14,4.95,37.85,0,0,0,0,0,5.95,7,packaging,the packaging is convenient but could look more premium,1,Quality Loyalists
R002787,new_explorers,28,10968.45,tier_3_plus,douyin,ready_to_drink,7.3,6.34,6.09,6.22,19.95,0,1,1,1,3,7.6,7,packaging,the packaging is convenient but could look more premium,0,High Value Fans
R002788,quality_first,27,8730.24,tier_1,offline_supermarket,healthy_snack,4.86,9.53,6.88,6.25,36.03,1,0,0,0,1,10.0,10,sustainability,sustainability claims need to be more credible,1,Quality Loyalists
R002789,quality_first,29,10672.07,tier_3_plus,douyin,healthy_snack,4.29,9.39,5.86,6.87,35.1,0,0,0,1,1,10.0,10,quality,quality improvement would make me repurchase more often,1,Quality Loyalists
R002790,quality_first,18,12798.33,tier_3_plus,tmall,personal_care,3.13,8.44,6.62,5.66,36.94,1,1,1,1,4,7.53,7,sustainability,I prefer brands with recyclable packaging,1,Quality Loyalists
R002791,value_seekers,25,14895.11,new_tier_1,douyin,healthy_snack,9.46,6.01,5.29,3.87,22.23,1,0,0,0,1,6.58,7,promotion,livestream promotion helps me discover new products,2,Value Seekers
R002792,quality_first,25,11000.4,tier_3_plus,offline_supermarket,healthy_snack,4.26,8.51,6.29,6.1,30.46,0,0,0,1,3,9.34,9,quality,I care about ingredients and product safety,1,Quality Loyalists
R002793,eco_advocates,30,9560.72,tier_2,xiaohongshu,healthy_snack,4.21,7.33,7.33,9.91,34.41,0,1,1,0,1,9.01,10,delivery,delivery speed affects whether I choose the brand,4,Eco Advocates
R002794,eco_advocates,37,5180.89,tier_1,offline_supermarket,healthy_snack,5.84,7.11,6.67,8.71,32.43,1,1,1,1,5,7.49,6,delivery,offline availability is not always convenient,4,Eco Advocates
R002795,value_seekers,23,11907.56,new_tier_1,douyin,healthy_snack,9.27,6.87,5.67,4.14,21.18,0,0,1,1,2,8.26,7,promotion,KOL reviews are useful but need to be authentic,0,High Value Fans
R002796,quality_first,19,8294.94,tier_2,douyin,personal_care,4.28,8.7,6.56,7.4,29.63,0,0,1,1,3,9.45,10,promotion,membership coupons can increase repeat purchase,1,Quality Loyalists
R002797,eco_advocates,42,16311.44,tier_2,douyin,ready_to_drink,4.36,7.17,6.3,9.73,40.0,1,1,1,1,2,9.77,10,packaging,the package design should show product benefits more clearly,4,Eco Advocates
R002798,eco_advocates,37,24169.66,tier_2,douyin,personal_care,4.99,6.3,6.88,8.98,34.81,0,1,0,0,0,8.81,9,sustainability,sustainability claims need to be more credible,4,Eco Advocates
R002799,quality_first,40,11474.55,new_tier_1,douyin,home_cleaning,4.16,8.97,6.45,7.29,32.4,1,0,0,0,0,7.52,7,quality,quality improvement would make me repurchase more often,1,Quality Loyalists
R002800,eco_advocates,26,6581.84,tier_3_plus,xiaohongshu,healthy_snack,5.38,7.78,5.07,8.75,33.52,0,0,0,0,1,7.43,8,promotion,membership coupons can increase repeat purchase,4,Eco Advocates
R002801,eco_advocates,35,8696.36,tier_1,jd,home_cleaning,4.21,6.64,6.7,9.36,30.04,1,1,1,1,2,10.0,10,sustainability,sustainability claims need to be more credible,4,Eco Advocates
R002802,quality_first,18,11443.2,tier_1,douyin,healthy_snack,5.69,7.84,6.87,7.42,30.77,1,1,1,1,4,10.0,10,price,discount bundles make me more willing to buy,1,Quality Loyalists
R002803,convenience_first,20,24044.48,tier_3_plus,douyin,personal_care,3.67,7.25,7.67,5.2,29.98,1,1,1,0,3,9.02,10,delivery,stockouts make me switch to other brands,3,Convenience Driven
R002804,value_seekers,31,5167.78,tier_3_plus,jd,personal_care,8.72,5.49,5.27,4.49,15.06,0,0,0,0,0,6.06,6,promotion,membership coupons can increase repeat purchase,2,Value Seekers
R002805,value_seekers,42,6965.71,tier_2,private_domain,healthy_snack,10.0,6.55,5.01,3.67,19.1,0,1,0,0,0,7.99,7,price,I compare price across platforms before purchase,2,Value Seekers
R002806,value_seekers,27,6932.22,new_tier_1,xiaohongshu,ready_to_drink,9.89,7.96,6.44,7.22,19.82,0,1,1,1,6,8.49,7,price,discount bundles make me more willing to buy,0,High Value Fans
R002807,convenience_first,33,9896.26,tier_1,douyin,personal_care,5.56,6.69,8.7,5.68,26.05,1,1,1,1,4,9.81,8,packaging,the package design should show product benefits more clearly,3,Convenience Driven
R002808,eco_advocates,32,13826.8,new_tier_1,offline_supermarket,ready_to_drink,3.82,6.79,7.07,10.0,34.71,1,1,1,1,3,9.9,10,quality,the product quality is stable and trustworthy,4,Eco Advocates
R002809,new_explorers,39,9170.2,tier_2,xiaohongshu,healthy_snack,7.69,7.46,6.87,5.82,25.58,1,1,1,1,4,5.55,5,sustainability,low carbon packaging would improve brand impression,2,Value Seekers
R002810,new_explorers,43,9880.33,tier_2,offline_supermarket,healthy_snack,6.08,4.23,7.72,6.76,26.69,0,1,1,1,4,6.24,6,promotion,KOL reviews are useful but need to be authentic,2,Value Seekers
R002811,value_seekers,29,15781.71,tier_3_plus,tmall,home_cleaning,8.45,8.23,5.61,4.93,20.75,1,1,0,1,3,9.33,8,quality,I care about ingredients and product safety,0,High Value Fans
R002812,eco_advocates,28,6219.2,tier_2,private_domain,healthy_snack,6.78,7.95,7.27,8.92,32.11,1,0,0,0,1,8.78,9,sustainability,I prefer brands with recyclable packaging,4,Eco Advocates
R002813,value_seekers,23,8993.35,tier_1,tmall,personal_care,9.07,5.27,6.23,4.01,12.06,1,0,0,1,5,6.8,6,quality,I care about ingredients and product safety,2,Value Seekers
R002814,value_seekers,38,15229.45,tier_1,private_domain,healthy_snack,8.78,5.63,6.53,6.05,21.09,1,1,1,1,5,6.34,4,quality,I care about ingredients and product safety,2,Value Seekers
R002815,quality_first,31,22465.1,tier_3_plus,tmall,personal_care,3.23,9.0,6.5,5.8,30.13,0,0,1,1,3,9.63,9,quality,the product quality is stable and trustworthy,1,Quality Loyalists
R002816,quality_first,20,13545.37,tier_2,tmall,healthy_snack,3.84,9.56,6.04,6.73,32.3,0,1,1,1,0,10.0,10,quality,the product quality is stable and trustworthy,1,Quality Loyalists
R002817,eco_advocates,22,3990.43,new_tier_1,offline_supermarket,ready_to_drink,4.91,7.76,5.38,9.46,31.79,1,1,1,1,5,9.08,9,delivery,offline availability is not always convenient,4,Eco Advocates
R002818,quality_first,35,5532.59,tier_2,offline_supermarket,home_cleaning,5.39,9.12,7.06,6.27,27.6,1,1,1,1,3,8.12,7,quality,the product quality is stable and trustworthy,1,Quality Loyalists
R002819,quality_first,48,11200.53,tier_1,xiaohongshu,healthy_snack,6.42,9.63,7.12,6.99,26.68,1,1,1,1,1,10.0,8,quality,quality improvement would make me repurchase more often,1,Quality Loyalists
R002820,convenience_first,23,14757.11,tier_3_plus,private_domain,ready_to_drink,4.2,8.07,7.27,4.74,32.9,1,1,1,1,3,10.0,10,packaging,the packaging is convenient but could look more premium,1,Quality Loyalists
R002821,new_explorers,27,11752.28,tier_1,tmall,ready_to_drink,6.52,6.61,6.49,6.04,18.83,1,1,0,1,1,8.96,8,sustainability,sustainability claims need to be more credible,0,High Value Fans
R002822,quality_first,29,7723.65,new_tier_1,tmall,ready_to_drink,3.86,8.97,6.72,7.15,32.52,1,0,0,0,0,9.57,9,quality,quality improvement would make me repurchase more often,1,Quality Loyalists
R002823,eco_advocates,30,7666.23,new_tier_1,xiaohongshu,personal_care,3.96,6.7,6.67,9.41,38.99,1,0,0,0,1,8.83,9,quality,quality improvement would make me repurchase more often,4,Eco Advocates
R002824,eco_advocates,31,6988.53,tier_2,douyin,home_cleaning,5.26,7.92,6.81,10.0,29.17,1,1,1,1,3,9.75,9,packaging,the packaging is convenient but could look more premium,4,Eco Advocates
R002825,quality_first,30,15320.11,tier_3_plus,tmall,ready_to_drink,3.73,8.54,9.6,6.39,39.02,1,1,0,0,0,8.84,7,quality,the product quality is stable and trustworthy,1,Quality Loyalists
R002826,eco_advocates,22,5574.17,new_tier_1,xiaohongshu,healthy_snack,6.06,7.8,7.51,7.8,32.52,1,1,1,1,3,10.0,9,price,I compare price across platforms before purchase,4,Eco Advocates
R002827,quality_first,32,14521.28,new_tier_1,xiaohongshu,ready_to_drink,5.42,8.79,6.04,6.66,29.57,1,1,1,1,1,7.96,8,quality,quality improvement would make me repurchase more often,1,Quality Loyalists
R002828,eco_advocates,18,7548.74,tier_2,tmall,healthy_snack,4.64,8.47,7.93,10.0,38.64,0,0,1,1,4,10.0,10,sustainability,I prefer brands with recyclable packaging,4,Eco Advocates
R002829,quality_first,47,6596.74,tier_2,xiaohongshu,home_cleaning,6.09,9.25,5.46,4.82,35.23,0,0,0,1,1,8.5,10,delivery,offline availability is not always convenient,1,Quality Loyalists
R002830,quality_first,23,9230.04,tier_2,jd,ready_to_drink,5.56,9.62,6.67,7.03,29.45,1,1,1,1,4,9.78,9,price,I compare price across platforms before purchase,1,Quality Loyalists
R002831,value_seekers,26,14966.24,tier_3_plus,xiaohongshu,personal_care,7.95,6.61,6.29,5.3,21.0,1,1,0,1,4,8.33,8,price,I compare price across platforms before purchase,0,High Value Fans
R002832,quality_first,32,15061.69,new_tier_1,douyin,ready_to_drink,3.47,7.9,7.31,5.74,34.32,1,1,1,1,2,10.0,10,sustainability,I prefer brands with recyclable packaging,1,Quality Loyalists
R002833,new_explorers,38,6721.93,new_tier_1,douyin,personal_care,6.95,7.54,6.26,6.36,22.32,1,1,1,1,3,8.46,9,delivery,stockouts make me switch to other brands,0,High Value Fans
R002834,convenience_first,25,7647.01,tier_1,xiaohongshu,home_cleaning,5.38,7.63,9.21,5.93,18.41,1,1,1,0,0,6.85,7,quality,I care about ingredients and product safety,3,Convenience Driven
R002835,convenience_first,31,11160.62,new_tier_1,jd,personal_care,4.46,7.13,8.47,6.95,27.68,1,0,0,0,0,8.32,8,packaging,the packaging is convenient but could look more premium,3,Convenience Driven
R002836,quality_first,45,15392.58,tier_1,douyin,healthy_snack,5.19,8.35,5.4,6.49,31.75,1,1,1,1,3,10.0,10,price,discount bundles make me more willing to buy,1,Quality Loyalists
R002837,convenience_first,24,13300.91,tier_1,offline_supermarket,personal_care,6.35,7.61,8.45,6.3,25.03,0,1,0,1,2,9.71,10,delivery,offline availability is not always convenient,3,Convenience Driven
R002838,value_seekers,29,10625.97,tier_2,xiaohongshu,healthy_snack,8.75,7.1,6.63,4.77,17.88,0,1,0,0,1,6.69,5,sustainability,sustainability claims need to be more credible,2,Value Seekers
R002839,quality_first,34,8361.5,tier_1,offline_supermarket,home_cleaning,4.54,9.01,8.08,5.17,35.08,1,0,0,0,0,8.65,9,delivery,delivery speed affects whether I choose the brand,1,Quality Loyalists
R002840,new_explorers,29,7071.54,tier_2,douyin,healthy_snack,7.1,6.4,4.81,6.43,23.85,1,1,0,0,2,5.16,6,quality,the product quality is stable and trustworthy,2,Value Seekers
R002841,eco_advocates,32,14476.46,tier_3_plus,jd,home_cleaning,5.75,7.4,6.52,8.46,36.94,1,1,1,1,7,6.67,7,price,I compare price across platforms before purchase,4,Eco Advocates
R002842,quality_first,23,13330.52,new_tier_1,offline_supermarket,personal_care,5.29,8.15,6.79,5.45,30.85,1,1,1,1,2,10.0,10,promotion,livestream promotion helps me discover new products,1,Quality Loyalists
R002843,convenience_first,37,9100.14,tier_2,douyin,ready_to_drink,5.69,7.92,8.0,5.03,27.62,1,1,0,1,2,10.0,9,packaging,portable packaging is useful for work and travel,3,Convenience Driven
R002844,quality_first,28,6437.86,tier_1,private_domain,ready_to_drink,5.17,9.08,6.63,6.2,27.15,1,1,1,1,3,9.14,10,promotion,KOL reviews are useful but need to be authentic,1,Quality Loyalists
R002845,eco_advocates,30,15096.94,tier_3_plus,tmall,personal_care,4.36,6.89,7.07,9.76,41.12,1,1,1,1,1,10.0,10,sustainability,sustainability claims need to be more credible,4,Eco Advocates
R002846,quality_first,31,11058.36,new_tier_1,offline_supermarket,healthy_snack,4.96,8.1,6.13,5.56,31.72,0,1,1,1,2,9.0,9,quality,quality improvement would make me repurchase more often,1,Quality Loyalists
R002847,eco_advocates,29,8802.85,new_tier_1,tmall,personal_care,7.47,7.53,5.57,9.28,36.76,1,1,1,1,4,8.11,7,sustainability,I prefer brands with recyclable packaging,4,Eco Advocates
R002848,new_explorers,45,16291.73,tier_2,private_domain,ready_to_drink,7.14,4.55,6.29,5.21,20.09,1,1,1,1,2,7.1,8,delivery,delivery speed affects whether I choose the brand,0,High Value Fans
R002849,convenience_first,26,15675.34,tier_2,jd,personal_care,4.02,7.92,9.56,4.39,25.49,1,1,1,1,1,10.0,9,packaging,the packaging is convenient but could look more premium,3,Convenience Driven
R002850,value_seekers,18,10588.65,tier_1,xiaohongshu,ready_to_drink,10.0,6.39,5.36,4.01,12.06,1,1,1,0,2,5.74,3,price,discount bundles make me more willing to buy,2,Value Seekers
R002851,quality_first,33,18806.01,new_tier_1,douyin,healthy_snack,3.24,9.93,7.03,7.04,32.62,1,1,1,1,3,10.0,8,delivery,stockouts make me switch to other brands,1,Quality Loyalists
R002852,quality_first,28,14186.62,tier_3_plus,jd,personal_care,2.89,10.0,6.7,6.84,32.54,1,1,1,1,4,10.0,10,quality,I care about ingredients and product safety,1,Quality Loyalists
R002853,quality_first,35,20430.74,tier_3_plus,tmall,personal_care,3.0,8.5,7.73,6.55,32.23,1,1,0,1,7,9.62,8,quality,I care about ingredients and product safety,1,Quality Loyalists
R002854,value_seekers,34,14160.7,tier_2,offline_supermarket,home_cleaning,8.89,7.13,6.65,5.1,18.5,1,0,0,1,1,8.75,9,quality,the product quality is stable and trustworthy,0,High Value Fans
R002855,convenience_first,25,28706.05,tier_2,tmall,personal_care,7.0,7.85,7.18,5.81,34.69,1,1,1,0,0,6.3,6,promotion,KOL reviews are useful but need to be authentic,2,Value Seekers
R002856,quality_first,31,11651.2,tier_3_plus,tmall,healthy_snack,6.07,8.23,7.72,6.2,33.75,1,1,0,0,1,9.0,8,quality,the product quality is stable and trustworthy,1,Quality Loyalists
R002857,value_seekers,42,10443.71,tier_1,jd,home_cleaning,8.44,7.57,4.88,5.74,16.89,1,1,0,0,1,6.44,8,price,the price feels high without promotion,2,Value Seekers
R002858,new_explorers,31,11821.8,tier_3_plus,jd,ready_to_drink,5.37,6.57,5.83,6.61,20.23,1,1,0,0,3,6.6,5,promotion,membership coupons can increase repeat purchase,2,Value Seekers
R002859,value_seekers,28,9303.51,new_tier_1,offline_supermarket,home_cleaning,7.53,5.53,5.74,4.4,17.16,1,0,0,0,1,5.84,6,price,discount bundles make me more willing to buy,2,Value Seekers
R002860,new_explorers,25,10061.53,tier_3_plus,offline_supermarket,healthy_snack,7.24,6.68,6.4,6.49,21.15,0,0,0,0,0,6.97,7,promotion,KOL reviews are useful but need to be authentic,2,Value Seekers
R002861,value_seekers,35,8826.64,tier_2,tmall,healthy_snack,7.85,5.44,4.37,4.03,21.41,1,1,1,0,2,5.46,7,promotion,membership coupons can increase repeat purchase,2,Value Seekers
R002862,quality_first,21,7142.5,tier_3_plus,private_domain,home_cleaning,5.3,8.98,6.62,6.68,34.6,0,1,1,1,2,10.0,9,quality,quality improvement would make me repurchase more often,1,Quality Loyalists
R002863,quality_first,40,12286.85,tier_1,private_domain,personal_care,4.45,9.26,6.69,6.73,31.12,1,1,1,1,3,8.51,9,sustainability,low carbon packaging would improve brand impression,1,Quality Loyalists
R002864,eco_advocates,20,9173.21,tier_2,offline_supermarket,personal_care,5.27,7.59,6.41,9.32,40.45,0,1,1,1,5,10.0,9,sustainability,low carbon packaging would improve brand impression,4,Eco Advocates
R002865,new_explorers,26,14079.33,tier_1,private_domain,personal_care,6.14,6.49,5.91,5.78,28.31,0,0,1,0,4,7.24,8,delivery,delivery speed affects whether I choose the brand,0,High Value Fans
R002866,quality_first,29,7659.5,tier_1,douyin,ready_to_drink,4.76,8.76,4.62,5.36,36.39,0,1,0,0,0,8.1,8,quality,I care about ingredients and product safety,1,Quality Loyalists
R002867,eco_advocates,40,10202.95,new_tier_1,private_domain,healthy_snack,6.21,8.22,8.15,9.59,35.98,1,1,1,1,5,9.51,10,delivery,stockouts make me switch to other brands,4,Eco Advocates
R002868,value_seekers,37,25099.01,tier_1,tmall,healthy_snack,7.98,7.33,5.25,7.09,22.28,1,1,1,1,1,8.45,9,quality,quality improvement would make me repurchase more often,0,High Value Fans
R002869,value_seekers,33,7700.03,tier_1,douyin,ready_to_drink,8.97,7.03,5.24,4.68,15.24,1,1,1,1,4,7.98,9,promotion,KOL reviews are useful but need to be authentic,0,High Value Fans
R002870,quality_first,26,13667.89,tier_2,jd,personal_care,4.92,8.56,5.6,6.37,25.72,0,0,0,0,2,9.87,10,promotion,membership coupons can increase repeat purchase,1,Quality Loyalists
R002871,quality_first,33,19878.5,tier_1,xiaohongshu,healthy_snack,5.17,9.15,7.72,6.22,34.28,0,1,1,1,4,10.0,8,packaging,the package design should show product benefits more clearly,1,Quality Loyalists
R002872,quality_first,33,16579.11,tier_2,jd,home_cleaning,4.26,10.0,7.08,7.32,29.07,0,1,1,1,2,10.0,9,quality,the product quality is stable and trustworthy,1,Quality Loyalists
R002873,quality_first,27,4724.43,new_tier_1,private_domain,personal_care,4.99,8.85,5.3,6.01,33.39,1,1,1,1,1,6.74,5,quality,quality improvement would make me repurchase more often,1,Quality Loyalists
R002874,convenience_first,29,13958.38,tier_2,jd,healthy_snack,4.88,6.48,8.77,4.9,29.8,1,1,1,1,4,8.15,7,packaging,the packaging is convenient but could look more premium,3,Convenience Driven
R002875,value_seekers,37,15959.27,new_tier_1,offline_supermarket,ready_to_drink,8.24,7.32,5.14,3.08,25.06,1,1,1,0,0,7.1,10,quality,the product quality is stable and trustworthy,0,High Value Fans
R002876,quality_first,30,15039.34,tier_3_plus,xiaohongshu,home_cleaning,5.95,10.0,6.29,7.44,29.46,1,1,1,0,1,9.4,9,promotion,membership coupons can increase repeat purchase,1,Quality Loyalists
R002877,quality_first,22,8180.49,new_tier_1,offline_supermarket,ready_to_drink,3.9,8.33,6.34,6.81,37.54,0,1,1,1,3,10.0,9,packaging,the package design should show product benefits more clearly,1,Quality Loyalists
R002878,new_explorers,28,10736.9,tier_1,tmall,healthy_snack,6.41,7.4,5.74,5.69,23.23,1,1,0,1,2,8.5,9,promotion,membership coupons can increase repeat purchase,0,High Value Fans
R002879,value_seekers,27,14040.08,tier_2,jd,ready_to_drink,8.56,6.7,5.36,5.3,13.34,1,1,0,0,1,6.33,8,quality,quality improvement would make me repurchase more often,2,Value Seekers
R002880,value_seekers,35,6321.82,tier_2,private_domain,home_cleaning,9.82,6.98,6.01,4.64,18.46,1,1,0,0,1,6.85,7,promotion,livestream promotion helps me discover new products,2,Value Seekers
R002881,value_seekers,43,11314.77,tier_3_plus,tmall,home_cleaning,8.72,7.7,4.14,5.0,13.17,1,1,1,0,3,6.38,5,price,the price feels high without promotion,2,Value Seekers
R002882,eco_advocates,28,9577.82,tier_2,tmall,ready_to_drink,5.32,5.94,5.87,10.0,33.67,1,1,1,1,1,7.86,9,packaging,portable packaging is useful for work and travel,4,Eco Advocates
R002883,value_seekers,32,6203.41,new_tier_1,douyin,ready_to_drink,8.65,6.15,6.24,5.04,16.5,0,0,0,0,1,6.87,5,promotion,membership coupons can increase repeat purchase,2,Value Seekers
R002884,convenience_first,36,14594.36,tier_1,douyin,ready_to_drink,5.7,6.76,10.0,5.87,25.75,0,0,0,0,0,8.39,8,packaging,the package design should show product benefits more clearly,3,Convenience Driven
R002885,convenience_first,23,5947.87,new_tier_1,douyin,ready_to_drink,6.1,6.7,7.96,3.62,31.13,1,1,1,1,5,6.87,7,packaging,the package design should show product benefits more clearly,3,Convenience Driven
R002886,quality_first,39,4963.44,tier_3_plus,douyin,ready_to_drink,6.25,8.56,7.15,6.56,29.02,1,1,1,1,4,8.15,9,promotion,KOL reviews are useful but need to be authentic,1,Quality Loyalists
R002887,eco_advocates,32,12110.63,tier_2,jd,healthy_snack,5.4,7.91,6.85,9.17,32.22,0,0,0,1,3,10.0,10,price,the price feels high without promotion,4,Eco Advocates
R002888,new_explorers,41,13504.6,tier_2,offline_supermarket,healthy_snack,7.13,6.46,5.84,6.86,22.14,1,0,0,1,3,9.13,8,delivery,offline availability is not always convenient,0,High Value Fans
R002889,value_seekers,33,5902.44,tier_2,tmall,personal_care,8.98,6.7,5.13,3.86,16.57,1,0,0,0,0,5.12,4,price,discount bundles make me more willing to buy,2,Value Seekers
R002890,quality_first,56,21683.9,tier_2,offline_supermarket,ready_to_drink,5.45,9.62,6.66,7.28,25.45,1,1,1,1,1,8.89,8,packaging,the package design should show product benefits more clearly,1,Quality Loyalists
R002891,convenience_first,42,4580.61,new_tier_1,xiaohongshu,ready_to_drink,6.89,6.33,7.79,4.81,24.16,0,0,0,0,0,7.04,8,price,I compare price across platforms before purchase,0,High Value Fans
R002892,quality_first,37,9237.91,new_tier_1,douyin,healthy_snack,4.25,9.14,5.76,6.34,32.52,1,1,1,1,2,7.39,8,quality,I care about ingredients and product safety,1,Quality Loyalists
R002893,new_explorers,36,4995.06,tier_2,offline_supermarket,ready_to_drink,7.63,6.29,5.37,6.92,13.92,1,0,0,0,0,7.63,6,quality,quality improvement would make me repurchase more often,2,Value Seekers
R002894,new_explorers,26,9927.8,tier_2,douyin,healthy_snack,7.12,6.2,4.98,7.42,22.36,1,1,0,0,1,6.77,6,quality,I care about ingredients and product safety,2,Value Seekers
R002895,quality_first,38,14859.22,new_tier_1,tmall,home_cleaning,4.72,8.89,7.32,7.32,34.06,1,1,1,1,4,9.7,10,quality,the product quality is stable and trustworthy,1,Quality Loyalists
R002896,convenience_first,36,13778.27,tier_2,offline_supermarket,ready_to_drink,5.66,7.13,8.54,6.1,26.58,1,1,1,1,1,8.47,8,price,discount bundles make me more willing to buy,3,Convenience Driven
R002897,value_seekers,41,9200.21,tier_2,tmall,healthy_snack,7.97,6.26,4.63,5.44,18.41,1,1,1,1,3,8.17,9,sustainability,sustainability claims need to be more credible,0,High Value Fans
R002898,convenience_first,36,8178.9,tier_3_plus,tmall,healthy_snack,6.27,7.36,7.69,4.79,31.15,0,0,1,1,3,8.91,7,delivery,offline availability is not always convenient,3,Convenience Driven
R002899,value_seekers,20,14169.73,new_tier_1,tmall,personal_care,9.65,5.93,6.76,5.93,19.42,0,0,0,0,0,6.49,5,promotion,KOL reviews are useful but need to be authentic,2,Value Seekers
R002900,quality_first,31,10744.6,tier_2,private_domain,personal_care,5.56,8.95,6.62,7.22,34.35,1,1,1,1,4,8.25,8,quality,quality improvement would make me repurchase more often,1,Quality Loyalists
R002901,new_explorers,24,13779.05,tier_3_plus,offline_supermarket,healthy_snack,7.07,6.16,5.64,5.83,22.12,1,1,1,1,3,7.88,7,promotion,KOL reviews are useful but need to be authentic,0,High Value Fans
R002902,value_seekers,31,8262.76,new_tier_1,offline_supermarket,healthy_snack,9.55,6.33,8.04,5.48,15.14,1,1,1,0,1,5.51,3,packaging,the packaging is convenient but could look more premium,2,Value Seekers
R002903,eco_advocates,31,13807.68,new_tier_1,xiaohongshu,ready_to_drink,5.21,6.89,6.74,9.37,38.29,0,0,0,0,0,8.1,8,delivery,delivery speed affects whether I choose the brand,4,Eco Advocates
R002904,value_seekers,20,15581.4,new_tier_1,offline_supermarket,healthy_snack,8.79,5.12,6.22,5.34,20.12,1,1,1,1,3,7.91,8,promotion,livestream promotion helps me discover new products,0,High Value Fans
R002905,eco_advocates,31,13413.59,tier_2,offline_supermarket,healthy_snack,4.75,8.31,6.19,8.94,34.75,1,1,1,1,0,9.53,10,packaging,the package design should show product benefits more clearly,4,Eco Advocates
R002906,value_seekers,38,8251.21,tier_2,jd,healthy_snack,9.0,5.56,5.63,5.31,10.52,0,0,0,1,2,8.82,9,delivery,stockouts make me switch to other brands,0,High Value Fans
R002907,value_seekers,35,23623.69,tier_3_plus,tmall,personal_care,7.91,6.8,5.24,5.78,21.69,0,1,0,0,1,6.23,6,quality,I care about ingredients and product safety,2,Value Seekers
R002908,value_seekers,28,13537.92,tier_1,xiaohongshu,personal_care,9.43,6.77,5.43,5.01,13.59,1,1,0,0,0,6.39,6,promotion,KOL reviews are useful but need to be authentic,2,Value Seekers
R002909,eco_advocates,29,5093.17,tier_3_plus,douyin,personal_care,5.51,8.44,6.67,9.35,37.02,1,1,1,1,2,9.25,9,quality,I care about ingredients and product safety,4,Eco Advocates
R002910,quality_first,28,23581.37,new_tier_1,xiaohongshu,personal_care,3.73,9.98,6.98,6.66,29.48,1,1,0,1,3,10.0,9,price,discount bundles make me more willing to buy,1,Quality Loyalists
R002911,value_seekers,32,9402.81,tier_3_plus,douyin,ready_to_drink,9.4,7.46,5.25,6.15,12.94,1,0,0,1,6,8.43,8,price,discount bundles make me more willing to buy,0,High Value Fans
R002912,eco_advocates,29,12287.01,tier_3_plus,jd,personal_care,5.23,7.03,7.18,9.65,34.14,1,1,1,0,1,9.63,10,sustainability,sustainability claims need to be more credible,4,Eco Advocates
R002913,convenience_first,31,17084.06,tier_3_plus,douyin,ready_to_drink,4.05,7.0,6.77,5.33,28.18,0,1,1,1,7,10.0,9,packaging,portable packaging is useful for work and travel,3,Convenience Driven
R002914,value_seekers,22,9503.51,tier_2,offline_supermarket,personal_care,9.11,7.01,6.36,5.32,23.45,1,1,1,1,2,7.31,4,promotion,KOL reviews are useful but need to be authentic,2,Value Seekers
R002915,convenience_first,18,6822.84,tier_3_plus,offline_supermarket,ready_to_drink,5.53,6.37,8.75,5.64,27.5,0,0,1,0,0,8.34,8,delivery,delivery speed affects whether I choose the brand,3,Convenience Driven
R002916,quality_first,26,7145.06,tier_1,xiaohongshu,ready_to_drink,3.89,8.77,6.26,5.63,33.66,1,1,1,1,4,8.45,8,quality,quality improvement would make me repurchase more often,1,Quality Loyalists
R002917,new_explorers,18,7042.68,tier_3_plus,tmall,healthy_snack,7.55,6.62,6.26,6.66,20.11,1,1,0,0,0,7.22,10,delivery,stockouts make me switch to other brands,0,High Value Fans
R002918,new_explorers,37,25579.01,tier_3_plus,jd,healthy_snack,7.52,5.96,7.38,5.86,17.88,1,1,1,0,0,8.21,7,delivery,delivery speed affects whether I choose the brand,0,High Value Fans
R002919,quality_first,24,6001.69,new_tier_1,tmall,ready_to_drink,4.09,7.99,6.49,6.56,27.86,1,1,0,1,3,8.57,10,packaging,portable packaging is useful for work and travel,1,Quality Loyalists
R002920,convenience_first,25,16627.79,tier_2,jd,ready_to_drink,4.86,5.63,10.0,7.26,26.41,1,1,1,1,4,10.0,7,price,discount bundles make me more willing to buy,3,Convenience Driven
R002921,quality_first,27,15844.84,tier_1,jd,ready_to_drink,4.18,8.88,6.12,6.01,36.04,1,1,1,1,8,9.3,9,delivery,stockouts make me switch to other brands,1,Quality Loyalists
R002922,value_seekers,22,9274.15,tier_2,private_domain,healthy_snack,10.0,7.29,5.2,4.58,15.99,1,0,0,0,2,8.17,7,promotion,KOL reviews are useful but need to be authentic,0,High Value Fans
R002923,eco_advocates,36,4321.7,new_tier_1,douyin,healthy_snack,5.56,9.22,8.33,9.89,29.1,1,1,1,1,2,10.0,10,promotion,membership coupons can increase repeat purchase,4,Eco Advocates
R002924,convenience_first,25,6353.13,tier_3_plus,tmall,ready_to_drink,6.58,6.54,8.29,5.68,26.78,1,0,0,0,0,6.54,7,delivery,offline availability is not always convenient,3,Convenience Driven
R002925,value_seekers,47,5782.21,new_tier_1,douyin,home_cleaning,7.7,7.74,5.65,4.41,16.82,0,0,0,1,7,8.78,9,price,I compare price across platforms before purchase,0,High Value Fans
R002926,eco_advocates,28,10841.0,tier_2,tmall,ready_to_drink,5.59,8.83,7.73,7.57,38.02,1,1,1,1,2,10.0,10,quality,the product quality is stable and trustworthy,1,Quality Loyalists
R002927,new_explorers,32,4986.0,tier_2,douyin,ready_to_drink,5.71,6.18,6.45,5.53,16.03,1,1,1,1,2,8.63,7,packaging,the packaging is convenient but could look more premium,0,High Value Fans
R002928,quality_first,26,10113.73,tier_2,douyin,home_cleaning,4.17,9.73,4.82,6.53,30.16,1,0,1,1,2,8.75,10,quality,I care about ingredients and product safety,1,Quality Loyalists
R002929,quality_first,19,4488.26,tier_2,private_domain,personal_care,2.8,9.36,8.52,6.49,32.82,0,1,1,1,2,10.0,9,quality,quality improvement would make me repurchase more often,1,Quality Loyalists
R002930,value_seekers,18,8982.8,new_tier_1,douyin,personal_care,9.19,5.92,4.83,5.36,16.19,1,0,0,1,2,6.58,5,packaging,portable packaging is useful for work and travel,2,Value Seekers
R002931,eco_advocates,40,9925.26,tier_3_plus,douyin,personal_care,3.4,8.62,6.77,9.41,38.46,1,1,1,1,3,7.22,7,price,the price feels high without promotion,4,Eco Advocates
R002932,value_seekers,44,10836.14,tier_1,jd,healthy_snack,9.51,6.75,7.14,5.22,17.42,1,1,1,0,1,4.92,4,packaging,the package design should show product benefits more clearly,2,Value Seekers
R002933,eco_advocates,31,8136.38,new_tier_1,xiaohongshu,healthy_snack,5.64,8.73,6.24,8.94,29.68,1,1,1,1,2,8.81,9,packaging,the package design should show product benefits more clearly,4,Eco Advocates
R002934,quality_first,42,5951.56,tier_2,jd,home_cleaning,4.09,8.17,6.14,6.48,27.35,1,1,1,1,2,9.39,9,quality,I care about ingredients and product safety,1,Quality Loyalists
R002935,value_seekers,35,11840.1,new_tier_1,xiaohongshu,ready_to_drink,8.65,7.27,5.8,4.01,21.92,1,1,0,0,0,5.93,6,price,discount bundles make me more willing to buy,2,Value Seekers
R002936,new_explorers,26,11285.59,tier_2,jd,ready_to_drink,6.77,7.72,7.03,5.86,23.18,1,1,1,1,2,8.53,6,price,discount bundles make me more willing to buy,0,High Value Fans
R002937,eco_advocates,45,9776.2,tier_1,tmall,home_cleaning,4.38,7.13,5.88,8.89,36.41,1,1,1,1,2,7.96,7,delivery,delivery speed affects whether I choose the brand,4,Eco Advocates
R002938,quality_first,22,7522.57,tier_2,xiaohongshu,healthy_snack,6.39,7.78,5.74,6.3,28.47,0,0,1,1,3,9.63,9,quality,quality improvement would make me repurchase more often,1,Quality Loyalists
R002939,value_seekers,28,6330.02,tier_3_plus,tmall,personal_care,8.93,6.44,6.7,4.27,20.31,1,0,1,0,0,5.81,6,quality,I care about ingredients and product safety,2,Value Seekers
R002940,convenience_first,33,14525.19,tier_1,douyin,ready_to_drink,6.96,7.91,8.85,6.63,36.6,1,1,1,0,1,8.13,8,price,I compare price across platforms before purchase,3,Convenience Driven
R002941,convenience_first,27,18437.0,new_tier_1,tmall,healthy_snack,5.7,7.58,8.64,4.86,28.8,1,1,1,1,1,8.5,9,delivery,stockouts make me switch to other brands,3,Convenience Driven
R002942,eco_advocates,32,12036.81,new_tier_1,tmall,healthy_snack,2.9,8.07,6.71,7.99,36.77,1,0,0,1,0,10.0,10,promotion,livestream promotion helps me discover new products,1,Quality Loyalists
R002943,convenience_first,35,8836.06,new_tier_1,douyin,home_cleaning,6.99,8.41,8.52,4.85,18.95,1,1,1,1,3,8.61,8,sustainability,sustainability claims need to be more credible,3,Convenience Driven
R002944,quality_first,18,5192.09,tier_2,tmall,personal_care,5.17,9.28,6.8,7.34,29.5,0,1,1,0,4,9.07,8,packaging,the package design should show product benefits more clearly,1,Quality Loyalists
R002945,quality_first,27,14100.45,tier_2,douyin,personal_care,4.79,9.18,6.21,8.05,35.15,1,1,1,1,3,9.77,10,sustainability,I prefer brands with recyclable packaging,1,Quality Loyalists
R002946,quality_first,19,15722.84,new_tier_1,tmall,home_cleaning,6.44,7.86,7.24,7.34,25.8,1,1,1,1,2,7.45,7,quality,I care about ingredients and product safety,4,Eco Advocates
R002947,value_seekers,38,10332.58,tier_2,jd,ready_to_drink,9.97,6.65,6.35,4.91,22.28,1,1,1,1,4,7.65,6,price,I compare price across platforms before purchase,2,Value Seekers
R002948,quality_first,24,6652.99,tier_3_plus,offline_supermarket,ready_to_drink,5.0,8.62,6.46,7.67,30.74,0,1,0,1,2,8.7,6,quality,the product quality is stable and trustworthy,1,Quality Loyalists
R002949,convenience_first,30,5535.57,tier_2,xiaohongshu,personal_care,6.05,7.15,7.92,4.12,24.68,1,1,0,1,2,9.53,10,delivery,offline availability is not always convenient,3,Convenience Driven
R002950,new_explorers,27,18614.35,tier_3_plus,douyin,home_cleaning,6.23,6.71,6.84,5.56,23.81,0,1,0,0,1,5.73,5,price,I compare price across platforms before purchase,2,Value Seekers
R002951,new_explorers,33,4555.53,new_tier_1,tmall,ready_to_drink,5.91,6.28,4.56,6.59,15.34,1,1,1,1,1,8.07,9,quality,quality improvement would make me repurchase more often,0,High Value Fans
R002952,value_seekers,41,8056.11,tier_1,tmall,home_cleaning,7.89,6.2,5.03,6.32,18.03,1,1,1,1,4,8.34,7,quality,quality improvement would make me repurchase more often,0,High Value Fans
R002953,eco_advocates,25,25991.32,tier_2,private_domain,ready_to_drink,3.39,8.35,9.17,9.22,35.7,1,1,1,1,2,10.0,9,sustainability,I prefer brands with recyclable packaging,4,Eco Advocates
R002954,value_seekers,45,3624.2,tier_1,tmall,ready_to_drink,8.66,6.63,6.59,3.71,16.69,0,1,1,1,2,6.54,5,packaging,portable packaging is useful for work and travel,2,Value Seekers
R002955,new_explorers,47,7164.49,tier_2,jd,healthy_snack,7.66,6.48,6.27,7.72,14.14,1,1,1,1,2,8.46,9,quality,I care about ingredients and product safety,0,High Value Fans
R002956,value_seekers,26,6719.63,tier_3_plus,tmall,healthy_snack,9.38,5.64,4.86,4.11,13.45,1,1,0,0,1,3.26,2,price,discount bundles make me more willing to buy,2,Value Seekers
R002957,quality_first,33,11410.84,tier_1,private_domain,healthy_snack,4.03,9.7,5.59,7.07,25.8,1,1,1,1,2,10.0,10,packaging,the package design should show product benefits more clearly,1,Quality Loyalists
R002958,value_seekers,25,10803.52,new_tier_1,offline_supermarket,ready_to_drink,7.84,5.98,5.46,5.21,17.8,0,1,1,1,2,10.0,10,sustainability,I prefer brands with recyclable packaging,0,High Value Fans
R002959,convenience_first,28,11938.29,tier_2,jd,personal_care,6.55,6.86,8.08,4.65,27.96,1,1,1,1,3,9.84,10,delivery,stockouts make me switch to other brands,3,Convenience Driven
R002960,new_explorers,21,11606.59,new_tier_1,tmall,healthy_snack,6.65,8.16,5.73,5.82,22.96,1,1,1,0,2,7.16,8,quality,quality improvement would make me repurchase more often,0,High Value Fans
R002961,new_explorers,33,8454.78,tier_2,xiaohongshu,home_cleaning,5.37,4.49,6.94,4.73,21.67,1,0,1,1,3,9.48,10,promotion,KOL reviews are useful but need to be authentic,3,Convenience Driven
R002962,quality_first,48,3725.87,tier_1,private_domain,home_cleaning,5.16,9.12,5.71,7.91,25.96,1,1,1,1,4,10.0,8,promotion,KOL reviews are useful but need to be authentic,1,Quality Loyalists
R002963,value_seekers,38,8462.01,tier_1,offline_supermarket,healthy_snack,6.81,5.66,5.49,5.18,15.11,1,1,0,1,3,6.92,7,price,the price feels high without promotion,0,High Value Fans
R002964,convenience_first,24,19593.21,new_tier_1,jd,personal_care,5.31,7.27,8.09,6.55,32.58,0,1,1,1,4,7.46,8,price,the price feels high without promotion,3,Convenience Driven
R002965,eco_advocates,35,10073.35,new_tier_1,private_domain,personal_care,5.54,7.73,6.8,9.89,37.59,1,1,1,1,2,8.54,7,delivery,stockouts make me switch to other brands,4,Eco Advocates
R002966,new_explorers,23,13144.37,new_tier_1,private_domain,healthy_snack,6.24,6.73,5.58,5.11,28.01,0,0,0,0,0,7.31,7,packaging,portable packaging is useful for work and travel,0,High Value Fans
R002967,eco_advocates,23,18829.34,tier_1,douyin,home_cleaning,4.24,7.23,5.71,8.22,36.69,1,1,1,1,2,9.04,8,packaging,the packaging is convenient but could look more premium,4,Eco Advocates
R002968,new_explorers,33,13810.9,tier_1,xiaohongshu,personal_care,6.95,6.93,6.6,6.0,19.26,1,1,1,1,7,9.26,8,sustainability,sustainability claims need to be more credible,0,High Value Fans
R002969,eco_advocates,31,7182.64,new_tier_1,offline_supermarket,home_cleaning,6.03,9.14,6.0,10.0,35.25,1,1,0,0,0,10.0,10,promotion,livestream promotion helps me discover new products,4,Eco Advocates
R002970,quality_first,30,5379.57,tier_2,xiaohongshu,ready_to_drink,4.03,9.43,5.34,6.89,31.62,1,1,1,1,3,9.1,8,sustainability,low carbon packaging would improve brand impression,1,Quality Loyalists
R002971,new_explorers,31,9334.79,tier_2,jd,ready_to_drink,6.66,7.75,7.67,5.59,25.62,0,1,0,1,2,9.69,10,promotion,membership coupons can increase repeat purchase,3,Convenience Driven
R002972,quality_first,37,15591.67,tier_3_plus,private_domain,healthy_snack,4.56,10.0,7.35,6.4,33.17,1,1,1,1,4,10.0,10,quality,the product quality is stable and trustworthy,1,Quality Loyalists
R002973,quality_first,32,12234.14,new_tier_1,offline_supermarket,ready_to_drink,6.06,7.87,6.45,8.22,27.57,1,1,1,1,4,10.0,10,quality,I care about ingredients and product safety,4,Eco Advocates
R002974,convenience_first,30,8082.03,tier_1,jd,home_cleaning,7.06,7.38,9.41,5.71,37.66,0,1,1,1,6,7.2,8,delivery,offline availability is not always convenient,3,Convenience Driven
R002975,convenience_first,19,4552.1,tier_3_plus,xiaohongshu,ready_to_drink,4.87,6.4,9.62,4.0,27.62,1,1,1,1,4,10.0,10,delivery,offline availability is not always convenient,3,Convenience Driven
R002976,convenience_first,33,16978.17,tier_2,douyin,ready_to_drink,6.73,7.01,8.91,5.76,22.97,1,1,1,1,4,10.0,9,delivery,offline availability is not always convenient,3,Convenience Driven
R002977,convenience_first,31,11822.22,new_tier_1,tmall,ready_to_drink,4.8,7.29,8.93,4.73,26.83,1,1,1,1,5,9.79,8,price,I compare price across platforms before purchase,3,Convenience Driven
R002978,value_seekers,18,6751.41,tier_1,offline_supermarket,personal_care,8.83,5.65,5.14,4.85,21.35,1,1,1,1,5,7.24,5,price,I compare price across platforms before purchase,2,Value Seekers
R002979,eco_advocates,21,10389.64,new_tier_1,douyin,healthy_snack,5.28,6.42,6.18,9.42,38.13,1,1,1,1,4,7.34,8,promotion,KOL reviews are useful but need to be authentic,4,Eco Advocates
R002980,eco_advocates,40,18145.31,tier_2,tmall,ready_to_drink,6.99,7.84,7.89,8.86,32.62,1,1,0,0,1,9.82,10,price,discount bundles make me more willing to buy,4,Eco Advocates
R002981,value_seekers,37,13737.78,tier_1,jd,ready_to_drink,7.68,7.48,5.5,3.92,18.41,1,1,1,1,2,6.9,7,delivery,delivery speed affects whether I choose the brand,2,Value Seekers
R002982,convenience_first,21,5203.43,new_tier_1,offline_supermarket,healthy_snack,5.62,6.94,8.73,4.92,26.57,1,1,1,1,5,9.16,9,sustainability,low carbon packaging would improve brand impression,3,Convenience Driven
R002983,value_seekers,23,5704.44,tier_3_plus,offline_supermarket,home_cleaning,8.89,6.22,6.0,5.79,15.85,1,1,0,0,0,7.3,6,price,discount bundles make me more willing to buy,2,Value Seekers
R002984,convenience_first,37,5220.92,new_tier_1,xiaohongshu,personal_care,5.85,8.04,10.0,5.61,24.95,1,1,1,1,4,9.36,10,quality,the product quality is stable and trustworthy,3,Convenience Driven
R002985,quality_first,27,8301.76,tier_2,private_domain,healthy_snack,6.02,7.89,6.87,6.57,33.43,0,1,1,0,2,8.01,8,quality,the product quality is stable and trustworthy,1,Quality Loyalists
R002986,value_seekers,30,15387.91,tier_2,offline_supermarket,ready_to_drink,9.12,5.74,4.35,5.81,11.74,0,1,1,1,3,8.5,8,packaging,the package design should show product benefits more clearly,0,High Value Fans
R002987,quality_first,18,12276.06,tier_2,offline_supermarket,home_cleaning,5.84,9.41,6.8,6.45,30.25,1,1,0,0,0,9.09,10,quality,the product quality is stable and trustworthy,1,Quality Loyalists
R002988,quality_first,31,32938.85,tier_1,tmall,personal_care,4.36,9.08,6.32,6.4,27.88,1,1,1,1,2,7.06,8,delivery,stockouts make me switch to other brands,1,Quality Loyalists
R002989,eco_advocates,36,9723.25,new_tier_1,xiaohongshu,ready_to_drink,2.98,9.14,7.03,9.77,32.4,1,1,1,1,2,10.0,10,sustainability,I prefer brands with recyclable packaging,4,Eco Advocates
R002990,value_seekers,26,12476.23,tier_3_plus,douyin,personal_care,7.6,7.14,6.53,4.94,26.16,0,0,0,0,1,7.92,5,price,the price feels high without promotion,2,Value Seekers
R002991,quality_first,33,21348.4,tier_1,offline_supermarket,ready_to_drink,3.66,8.72,6.61,6.55,37.07,1,1,1,1,1,10.0,10,packaging,the package design should show product benefits more clearly,1,Quality Loyalists
R002992,value_seekers,23,7582.42,new_tier_1,douyin,personal_care,9.76,6.19,5.49,5.17,19.15,1,0,0,0,0,6.8,7,price,the price feels high without promotion,2,Value Seekers
R002993,convenience_first,19,22078.84,tier_1,jd,ready_to_drink,5.25,7.08,9.62,4.93,23.47,1,1,1,1,3,10.0,8,packaging,portable packaging is useful for work and travel,3,Convenience Driven
R002994,new_explorers,38,6690.92,tier_2,xiaohongshu,healthy_snack,6.24,6.58,6.06,7.82,14.94,0,1,1,0,4,7.75,7,sustainability,I prefer brands with recyclable packaging,0,High Value Fans
R002995,convenience_first,27,16444.48,new_tier_1,private_domain,personal_care,5.84,8.85,9.13,5.41,26.66,0,1,0,1,5,10.0,9,promotion,livestream promotion helps me discover new products,3,Convenience Driven
R002996,new_explorers,39,15559.56,tier_2,tmall,ready_to_drink,6.4,6.6,5.89,6.08,25.34,1,1,1,0,1,6.74,5,sustainability,low carbon packaging would improve brand impression,2,Value Seekers
R002997,convenience_first,24,5960.25,tier_2,offline_supermarket,personal_care,6.12,7.45,8.12,6.07,22.79,0,0,0,0,0,6.28,7,packaging,the packaging is convenient but could look more premium,2,Value Seekers
R002998,eco_advocates,43,7611.48,tier_2,douyin,healthy_snack,5.63,7.29,8.15,8.08,36.07,0,0,0,1,2,8.11,10,delivery,delivery speed affects whether I choose the brand,4,Eco Advocates
R002999,convenience_first,27,7486.01,tier_1,xiaohongshu,home_cleaning,4.98,8.07,8.42,4.79,30.72,1,1,1,1,3,8.64,10,promotion,KOL reviews are useful but need to be authentic,3,Convenience Driven
R003000,new_explorers,29,7950.37,tier_1,private_domain,personal_care,8.29,8.34,6.17,4.14,22.18,1,1,0,1,2,8.74,9,price,the price feels high without promotion,0,High Value Fans
R003001,value_seekers,35,26544.92,tier_2,xiaohongshu,healthy_snack,7.29,6.94,5.69,4.58,16.65,1,0,0,0,1,7.25,5,price,discount bundles make me more willing to buy,2,Value Seekers
R003002,quality_first,25,10101.93,new_tier_1,offline_supermarket,personal_care,5.27,8.52,6.73,6.82,31.12,0,0,0,0,0,9.24,9,sustainability,I prefer brands with recyclable packaging,1,Quality Loyalists
R003003,quality_first,21,12963.83,tier_3_plus,jd,home_cleaning,4.51,9.77,7.07,7.55,34.24,0,1,1,1,5,10.0,10,packaging,the packaging is convenient but could look more premium,1,Quality Loyalists
R003004,value_seekers,28,5168.94,tier_2,tmall,personal_care,6.48,5.87,4.86,4.92,17.03,1,1,1,0,1,6.86,6,price,discount bundles make me more willing to buy,2,Value Seekers
R003005,convenience_first,41,3624.37,tier_3_plus,tmall,personal_care,6.48,7.22,8.8,6.27,20.9,1,1,0,0,0,8.87,8,delivery,stockouts make me switch to other brands,3,Convenience Driven
R003006,value_seekers,33,13570.87,new_tier_1,tmall,home_cleaning,9.12,6.31,5.39,4.98,17.67,1,0,0,0,0,7.05,8,price,the price feels high without promotion,2,Value Seekers
R003007,new_explorers,37,29433.11,tier_2,tmall,healthy_snack,6.34,5.8,6.62,5.99,24.24,1,1,1,1,7,9.63,10,delivery,stockouts make me switch to other brands,3,Convenience Driven
R003008,quality_first,30,12224.77,tier_2,jd,home_cleaning,4.65,8.17,5.7,6.16,30.7,1,1,1,0,1,7.66,9,price,discount bundles make me more willing to buy,1,Quality Loyalists
R003009,value_seekers,18,12136.09,tier_3_plus,offline_supermarket,healthy_snack,10.0,5.66,7.37,5.24,21.0,1,1,1,1,3,6.38,6,price,the price feels high without promotion,2,Value Seekers
R003010,value_seekers,29,10150.38,new_tier_1,offline_supermarket,personal_care,7.12,7.37,6.46,5.47,23.12,0,1,1,1,3,8.17,8,price,the price feels high without promotion,0,High Value Fans
R003011,quality_first,26,13253.97,new_tier_1,xiaohongshu,ready_to_drink,4.81,8.42,6.1,6.62,26.78,1,1,1,1,4,9.91,10,promotion,KOL reviews are useful but need to be authentic,1,Quality Loyalists
R003012,quality_first,27,8504.25,tier_2,offline_supermarket,healthy_snack,4.93,10.0,6.29,5.38,35.62,1,1,1,0,0,7.64,6,promotion,KOL reviews are useful but need to be authentic,1,Quality Loyalists
R003013,value_seekers,32,11221.69,tier_1,offline_supermarket,personal_care,9.32,5.85,5.56,3.79,19.93,1,1,1,0,3,6.3,7,packaging,the packaging is convenient but could look more premium,2,Value Seekers
R003014,value_seekers,32,4338.44,tier_1,jd,ready_to_drink,8.39,6.07,6.99,3.0,15.08,0,0,1,1,3,6.95,8,delivery,offline availability is not always convenient,0,High Value Fans
R003015,convenience_first,26,12149.25,new_tier_1,tmall,healthy_snack,4.92,6.3,8.35,6.36,25.03,1,1,1,1,7,7.41,7,delivery,stockouts make me switch to other brands,3,Convenience Driven
R003016,value_seekers,44,6640.87,tier_2,offline_supermarket,ready_to_drink,8.34,6.93,6.37,5.88,22.68,1,0,0,1,3,7.7,6,sustainability,sustainability claims need to be more credible,0,High Value Fans
R003017,quality_first,35,10046.92,tier_3_plus,private_domain,ready_to_drink,5.0,9.77,6.85,6.16,37.55,0,0,0,0,0,9.27,10,promotion,membership coupons can increase repeat purchase,1,Quality Loyalists
R003018,convenience_first,33,9586.72,tier_2,xiaohongshu,personal_care,4.8,7.03,7.61,5.76,26.32,0,0,0,1,3,10.0,10,delivery,stockouts make me switch to other brands,3,Convenience Driven
R003019,eco_advocates,30,8445.57,tier_1,tmall,home_cleaning,6.9,7.21,5.82,8.6,30.16,0,1,1,1,2,8.0,8,sustainability,I prefer brands with recyclable packaging,4,Eco Advocates
R003020,convenience_first,43,14573.46,tier_2,offline_supermarket,personal_care,4.07,7.37,8.27,5.33,28.41,0,0,1,1,0,10.0,10,delivery,delivery speed affects whether I choose the brand,3,Convenience Driven
R003021,quality_first,29,13289.19,tier_3_plus,tmall,healthy_snack,4.17,8.71,6.68,6.85,32.43,1,1,1,1,2,9.47,9,promotion,KOL reviews are useful but need to be authentic,1,Quality Loyalists
R003022,quality_first,46,6572.1,tier_2,tmall,home_cleaning,5.99,8.08,6.64,6.48,28.35,0,1,1,1,3,8.68,8,quality,I care about ingredients and product safety,1,Quality Loyalists
R003023,quality_first,42,16309.31,tier_2,jd,home_cleaning,5.38,9.35,7.58,6.09,31.46,1,1,1,1,7,8.34,7,quality,the product quality is stable and trustworthy,1,Quality Loyalists
R003024,new_explorers,26,5384.17,tier_2,private_domain,personal_care,6.85,5.39,5.85,7.44,18.52,1,1,1,1,2,7.94,7,price,discount bundles make me more willing to buy,0,High Value Fans
R003025,value_seekers,22,12947.19,tier_3_plus,private_domain,personal_care,9.47,5.56,6.73,5.15,23.06,1,1,0,0,0,6.13,5,delivery,stockouts make me switch to other brands,2,Value Seekers
R003026,eco_advocates,27,13095.73,new_tier_1,douyin,ready_to_drink,5.48,9.15,7.75,9.9,29.67,0,1,0,0,0,7.02,7,promotion,membership coupons can increase repeat purchase,4,Eco Advocates
R003027,quality_first,34,13976.25,new_tier_1,xiaohongshu,healthy_snack,4.2,9.23,6.67,7.1,28.08,0,1,0,0,0,7.82,8,packaging,the packaging is convenient but could look more premium,1,Quality Loyalists
R003028,new_explorers,18,6567.87,tier_1,private_domain,ready_to_drink,7.47,6.26,6.1,6.62,22.86,1,1,1,1,4,6.82,6,promotion,livestream promotion helps me discover new products,2,Value Seekers
R003029,new_explorers,36,17690.92,tier_3_plus,xiaohongshu,personal_care,5.23,6.12,5.66,4.91,21.17,1,0,0,0,1,7.89,8,delivery,offline availability is not always convenient,0,High Value Fans
R003030,convenience_first,34,13409.47,tier_2,tmall,ready_to_drink,5.64,6.97,8.03,5.06,20.54,1,1,1,0,1,8.91,9,packaging,portable packaging is useful for work and travel,3,Convenience Driven
R003031,eco_advocates,41,15217.49,tier_1,jd,healthy_snack,4.92,7.83,6.11,8.65,34.97,1,1,1,1,2,8.96,10,packaging,the package design should show product benefits more clearly,4,Eco Advocates
R003032,new_explorers,28,8959.81,tier_1,offline_supermarket,personal_care,7.82,7.79,5.57,5.26,21.01,1,1,0,0,1,6.07,5,sustainability,sustainability claims need to be more credible,2,Value Seekers
R003033,quality_first,29,6025.2,tier_3_plus,jd,ready_to_drink,4.38,8.31,6.39,6.69,28.27,1,1,1,0,1,5.19,4,price,I compare price across platforms before purchase,2,Value Seekers
R003034,value_seekers,30,5556.85,tier_2,douyin,healthy_snack,8.39,6.21,5.85,6.92,20.23,0,0,0,0,0,6.86,7,delivery,stockouts make me switch to other brands,2,Value Seekers
R003035,new_explorers,38,15043.88,tier_2,tmall,ready_to_drink,6.36,6.11,7.0,5.63,16.4,1,1,1,1,11,9.76,8,price,I compare price across platforms before purchase,0,High Value Fans
R003036,eco_advocates,29,9799.14,new_tier_1,xiaohongshu,healthy_snack,5.24,6.86,7.4,9.47,31.88,1,1,0,1,3,8.93,10,sustainability,low carbon packaging would improve brand impression,4,Eco Advocates
R003037,new_explorers,23,16308.55,tier_1,tmall,healthy_snack,6.63,7.25,5.52,5.75,21.21,1,1,0,0,0,7.02,6,price,the price feels high without promotion,2,Value Seekers
R003038,value_seekers,18,25608.22,new_tier_1,douyin,ready_to_drink,8.19,6.43,5.79,5.72,15.14,1,1,1,0,0,4.66,6,promotion,livestream promotion helps me discover new products,2,Value Seekers
R003039,eco_advocates,32,13011.09,tier_1,douyin,personal_care,4.0,7.49,7.02,9.89,34.36,0,1,1,1,3,7.79,7,delivery,stockouts make me switch to other brands,4,Eco Advocates
R003040,eco_advocates,27,10017.89,tier_1,offline_supermarket,home_cleaning,5.36,8.86,6.32,8.42,28.92,1,1,1,1,4,9.98,9,delivery,stockouts make me switch to other brands,1,Quality Loyalists
R003041,eco_advocates,22,24256.63,tier_2,private_domain,ready_to_drink,3.87,7.68,6.34,9.59,32.08,1,1,1,1,0,9.35,9,quality,quality improvement would make me repurchase more often,4,Eco Advocates
R003042,new_explorers,45,9815.46,new_tier_1,douyin,healthy_snack,7.69,7.54,7.36,5.59,25.34,1,1,0,1,2,9.24,10,promotion,livestream promotion helps me discover new products,3,Convenience Driven
R003043,new_explorers,36,6237.32,tier_1,jd,home_cleaning,7.57,5.37,7.19,5.33,19.34,0,1,1,1,7,7.39,8,promotion,membership coupons can increase repeat purchase,0,High Value Fans
R003044,new_explorers,22,17293.7,tier_1,tmall,ready_to_drink,4.82,6.44,7.19,5.09,21.89,1,1,0,1,7,8.67,7,packaging,the packaging is convenient but could look more premium,3,Convenience Driven
R003045,quality_first,21,19205.28,new_tier_1,tmall,healthy_snack,4.89,7.99,5.94,7.13,35.97,1,1,1,1,4,9.16,10,delivery,stockouts make me switch to other brands,1,Quality Loyalists
R003046,value_seekers,42,9393.64,tier_3_plus,douyin,healthy_snack,7.86,6.14,5.47,5.34,17.66,1,1,1,1,2,5.85,6,promotion,livestream promotion helps me discover new products,2,Value Seekers
R003047,quality_first,45,16918.69,new_tier_1,xiaohongshu,healthy_snack,4.94,9.51,5.82,6.05,31.89,1,0,0,0,0,6.74,6,quality,I care about ingredients and product safety,1,Quality Loyalists
R003048,value_seekers,29,4085.55,new_tier_1,tmall,healthy_snack,8.0,5.9,5.69,5.28,18.54,1,1,1,1,2,7.0,6,promotion,KOL reviews are useful but need to be authentic,2,Value Seekers
R003049,convenience_first,38,13795.78,new_tier_1,offline_supermarket,healthy_snack,6.84,7.72,8.56,7.05,24.46,0,1,1,1,3,10.0,10,quality,the product quality is stable and trustworthy,3,Convenience Driven
R003050,quality_first,25,12287.59,new_tier_1,private_domain,ready_to_drink,4.02,7.46,4.5,6.67,27.91,0,1,1,1,3,10.0,9,price,I compare price across platforms before purchase,1,Quality Loyalists
R003051,value_seekers,36,15607.09,tier_2,jd,home_cleaning,7.6,6.87,7.06,4.97,18.65,1,1,1,1,4,7.71,10,promotion,KOL reviews are useful but need to be authentic,0,High Value Fans
R003052,new_explorers,26,11578.84,tier_2,douyin,ready_to_drink,5.77,7.8,6.41,6.83,27.67,0,1,1,1,2,9.15,7,quality,I care about ingredients and product safety,1,Quality Loyalists
R003053,quality_first,29,22581.51,tier_1,private_domain,healthy_snack,4.18,8.97,6.69,4.78,39.15,1,1,1,0,2,7.99,5,sustainability,I prefer brands with recyclable packaging,1,Quality Loyalists
R003054,new_explorers,25,6594.68,tier_1,xiaohongshu,personal_care,7.0,6.4,6.24,5.68,24.46,1,1,1,1,6,7.14,7,promotion,membership coupons can increase repeat purchase,0,High Value Fans
R003055,convenience_first,27,5447.95,tier_1,douyin,ready_to_drink,4.91,6.91,7.86,6.12,26.86,1,1,1,1,2,8.75,9,promotion,KOL reviews are useful but need to be authentic,3,Convenience Driven
R003056,quality_first,29,22525.92,new_tier_1,tmall,ready_to_drink,5.04,8.63,6.89,5.85,31.73,0,0,0,1,4,9.61,8,quality,the product quality is stable and trustworthy,1,Quality Loyalists
R003057,value_seekers,26,10578.71,tier_2,xiaohongshu,personal_care,8.76,6.3,6.17,5.2,15.6,1,1,1,1,5,6.75,5,sustainability,low carbon packaging would improve brand impression,2,Value Seekers
R003058,eco_advocates,32,8073.86,new_tier_1,douyin,healthy_snack,3.99,7.31,7.37,9.57,33.53,1,1,1,1,5,10.0,10,quality,the product quality is stable and trustworthy,4,Eco Advocates
R003059,value_seekers,37,6219.44,tier_2,jd,home_cleaning,9.71,7.16,5.92,5.45,20.49,1,1,0,0,1,5.49,6,price,discount bundles make me more willing to buy,2,Value Seekers
R003060,new_explorers,38,4262.76,new_tier_1,jd,ready_to_drink,6.36,7.65,5.49,7.03,26.6,0,0,1,1,2,7.32,6,packaging,the packaging is convenient but could look more premium,0,High Value Fans
R003061,eco_advocates,25,9793.13,tier_2,tmall,healthy_snack,5.92,7.06,7.18,7.69,36.58,1,1,1,1,5,8.32,9,packaging,the package design should show product benefits more clearly,4,Eco Advocates
R003062,convenience_first,40,9996.47,tier_3_plus,xiaohongshu,home_cleaning,5.88,6.28,8.47,6.3,26.99,1,0,0,1,5,8.35,9,promotion,membership coupons can increase repeat purchase,3,Convenience Driven
R003063,eco_advocates,32,10905.77,tier_2,jd,healthy_snack,5.48,7.84,5.58,8.32,29.97,0,1,1,0,1,7.82,6,sustainability,I prefer brands with recyclable packaging,4,Eco Advocates
R003064,value_seekers,31,10118.16,tier_1,xiaohongshu,ready_to_drink,9.47,6.8,4.7,5.63,15.22,1,1,1,0,1,6.03,2,sustainability,low carbon packaging would improve brand impression,2,Value Seekers
R003065,quality_first,22,9551.3,tier_1,offline_supermarket,personal_care,5.49,10.0,5.87,7.78,30.4,1,1,0,0,1,8.32,7,quality,the product quality is stable and trustworthy,1,Quality Loyalists
R003066,eco_advocates,33,17774.57,tier_1,tmall,ready_to_drink,5.2,7.92,6.79,10.0,36.06,1,1,0,1,8,10.0,9,sustainability,low carbon packaging would improve brand impression,4,Eco Advocates
R003067,value_seekers,36,4079.61,tier_1,douyin,ready_to_drink,10.0,6.88,5.98,4.51,13.69,1,1,0,0,1,6.29,5,price,I compare price across platforms before purchase,2,Value Seekers
R003068,quality_first,25,9174.04,tier_2,offline_supermarket,ready_to_drink,4.58,7.74,6.89,6.16,30.76,1,0,1,1,4,8.43,8,quality,quality improvement would make me repurchase more often,1,Quality Loyalists
R003069,new_explorers,28,7537.64,tier_1,tmall,home_cleaning,6.73,7.12,6.33,5.24,17.61,0,1,1,0,0,7.92,7,delivery,offline availability is not always convenient,0,High Value Fans
R003070,quality_first,26,14070.68,new_tier_1,jd,home_cleaning,4.82,8.61,7.93,5.24,31.65,1,1,1,1,4,10.0,8,delivery,offline availability is not always convenient,1,Quality Loyalists
R003071,value_seekers,30,27066.02,new_tier_1,douyin,home_cleaning,6.97,7.36,6.66,4.99,17.24,1,1,1,1,4,6.95,4,quality,quality improvement would make me repurchase more often,2,Value Seekers
R003072,quality_first,27,10385.1,new_tier_1,xiaohongshu,healthy_snack,5.87,8.42,6.09,6.2,34.02,0,1,1,1,3,9.26,10,promotion,livestream promotion helps me discover new products,1,Quality Loyalists
R003073,value_seekers,31,4826.03,tier_2,xiaohongshu,healthy_snack,8.18,7.15,5.38,4.02,19.19,0,1,1,1,3,4.13,5,quality,I care about ingredients and product safety,2,Value Seekers
R003074,value_seekers,25,12557.4,tier_2,private_domain,ready_to_drink,8.48,5.79,4.49,5.15,14.03,1,0,0,0,0,8.24,7,quality,the product quality is stable and trustworthy,0,High Value Fans
R003075,new_explorers,31,12473.26,new_tier_1,jd,ready_to_drink,6.42,7.16,4.62,6.48,23.06,1,0,0,0,0,7.61,7,price,I compare price across platforms before purchase,0,High Value Fans
R003076,quality_first,27,17379.69,tier_3_plus,tmall,ready_to_drink,4.42,7.95,6.23,6.7,34.44,1,1,0,0,0,9.14,9,delivery,stockouts make me switch to other brands,1,Quality Loyalists
R003077,quality_first,36,10770.32,tier_2,xiaohongshu,personal_care,6.43,10.0,6.55,6.62,34.13,1,1,1,1,5,9.57,10,quality,quality improvement would make me repurchase more often,1,Quality Loyalists
R003078,value_seekers,31,11841.96,new_tier_1,douyin,personal_care,9.16,5.73,6.67,6.09,15.51,1,1,0,1,4,6.63,7,price,the price feels high without promotion,2,Value Seekers
R003079,quality_first,40,6775.27,new_tier_1,tmall,healthy_snack,4.0,9.49,4.94,7.03,25.84,1,1,1,1,4,9.48,10,delivery,delivery speed affects whether I choose the brand,1,Quality Loyalists
R003080,value_seekers,48,4555.03,tier_3_plus,tmall,healthy_snack,9.22,5.37,6.77,3.46,18.1,1,0,0,0,0,7.81,7,promotion,membership coupons can increase repeat purchase,2,Value Seekers
R003081,value_seekers,22,6367.87,tier_3_plus,jd,healthy_snack,7.99,6.43,6.61,5.07,17.91,1,1,1,1,5,7.28,7,promotion,livestream promotion helps me discover new products,0,High Value Fans
R003082,convenience_first,26,8129.34,tier_2,tmall,personal_care,6.73,7.46,8.47,5.02,22.52,1,1,1,1,3,8.67,10,delivery,stockouts make me switch to other brands,3,Convenience Driven
R003083,new_explorers,36,10703.45,tier_3_plus,jd,home_cleaning,5.72,7.27,6.78,5.33,22.96,0,0,0,1,6,8.71,8,sustainability,sustainability claims need to be more credible,3,Convenience Driven
R003084,value_seekers,37,6017.48,tier_2,offline_supermarket,healthy_snack,8.62,6.03,5.04,5.39,16.74,0,1,1,1,2,6.04,5,quality,the product quality is stable and trustworthy,2,Value Seekers
R003085,convenience_first,37,12739.93,new_tier_1,jd,home_cleaning,7.14,6.41,7.95,6.82,22.56,1,1,1,1,7,7.84,7,delivery,offline availability is not always convenient,3,Convenience Driven
R003086,quality_first,40,13177.83,new_tier_1,douyin,home_cleaning,6.04,9.08,5.4,5.02,36.82,0,1,1,1,2,10.0,9,promotion,KOL reviews are useful but need to be authentic,1,Quality Loyalists
R003087,convenience_first,33,9000.31,new_tier_1,douyin,healthy_snack,3.74,6.45,8.21,5.11,27.1,1,1,1,1,2,8.98,10,price,I compare price across platforms before purchase,3,Convenience Driven
R003088,new_explorers,23,26746.77,tier_2,douyin,healthy_snack,5.5,6.8,6.26,5.33,19.96,1,1,1,1,5,8.52,10,delivery,delivery speed affects whether I choose the brand,0,High Value Fans
R003089,value_seekers,43,5883.88,tier_2,private_domain,ready_to_drink,8.96,5.15,6.26,5.41,12.12,0,0,0,0,0,6.77,7,price,discount bundles make me more willing to buy,2,Value Seekers
R003090,convenience_first,33,18257.77,tier_3_plus,tmall,ready_to_drink,5.3,8.04,8.72,5.35,27.95,0,1,0,1,5,10.0,9,delivery,delivery speed affects whether I choose the brand,3,Convenience Driven
R003091,new_explorers,32,6956.28,tier_3_plus,xiaohongshu,home_cleaning,7.48,5.63,7.1,6.72,22.9,1,1,0,1,1,7.99,8,price,I compare price across platforms before purchase,0,High Value Fans
R003092,convenience_first,23,8575.59,new_tier_1,jd,healthy_snack,5.99,6.3,7.9,6.78,24.27,0,0,1,1,3,8.64,8,delivery,offline availability is not always convenient,3,Convenience Driven
R003093,quality_first,36,12081.4,tier_1,jd,home_cleaning,6.22,8.58,7.24,5.38,29.45,1,1,1,1,1,9.31,10,quality,I care about ingredients and product safety,1,Quality Loyalists
R003094,value_seekers,35,4344.27,tier_2,douyin,personal_care,8.01,4.87,3.29,5.42,12.65,1,0,0,0,1,4.51,4,promotion,membership coupons can increase repeat purchase,2,Value Seekers
R003095,convenience_first,33,10945.73,tier_2,douyin,personal_care,5.74,5.76,7.99,7.09,24.81,1,1,1,0,2,8.39,10,delivery,delivery speed affects whether I choose the brand,3,Convenience Driven
R003096,convenience_first,24,9095.22,tier_1,jd,healthy_snack,5.33,5.75,9.68,6.12,25.64,0,0,1,1,5,9.12,8,sustainability,sustainability claims need to be more credible,3,Convenience Driven
R003097,quality_first,42,9142.82,tier_1,tmall,healthy_snack,6.25,9.95,7.48,5.65,36.84,0,1,1,1,3,9.58,9,promotion,livestream promotion helps me discover new products,1,Quality Loyalists
R003098,quality_first,27,6680.39,tier_3_plus,private_domain,personal_care,3.91,10.0,8.04,7.03,31.77,1,1,0,1,4,7.75,9,quality,I care about ingredients and product safety,1,Quality Loyalists
R003099,value_seekers,35,7131.4,tier_2,offline_supermarket,personal_care,8.91,5.41,5.13,4.52,16.71,1,1,1,1,4,6.72,5,promotion,membership coupons can increase repeat purchase,2,Value Seekers
R003100,quality_first,41,11766.74,tier_3_plus,douyin,healthy_snack,4.01,10.0,5.82,5.6,39.28,0,1,1,1,1,10.0,8,price,discount bundles make me more willing to buy,1,Quality Loyalists
R003101,convenience_first,27,23975.9,tier_2,tmall,personal_care,4.48,7.41,7.61,4.73,26.3,0,1,1,1,5,8.03,8,packaging,the packaging is convenient but could look more premium,3,Convenience Driven
R003102,new_explorers,29,12878.86,tier_1,offline_supermarket,healthy_snack,6.65,6.35,5.55,5.33,23.38,0,1,1,1,3,8.28,6,promotion,membership coupons can increase repeat purchase,0,High Value Fans
R003103,eco_advocates,36,8868.16,tier_2,offline_supermarket,home_cleaning,5.92,8.04,7.3,9.17,33.69,1,1,0,0,1,8.98,8,promotion,membership coupons can increase repeat purchase,4,Eco Advocates
R003104,quality_first,40,23934.23,new_tier_1,offline_supermarket,home_cleaning,4.34,10.0,7.22,5.18,36.41,1,1,0,1,1,10.0,10,price,discount bundles make me more willing to buy,1,Quality Loyalists
R003105,eco_advocates,40,15709.46,tier_1,private_domain,healthy_snack,6.65,7.26,5.94,10.0,37.61,1,1,1,1,5,9.14,9,sustainability,sustainability claims need to be more credible,4,Eco Advocates
R003106,quality_first,21,7980.18,tier_1,douyin,ready_to_drink,3.72,7.6,5.93,7.14,40.77,1,1,1,1,3,8.79,7,sustainability,I prefer brands with recyclable packaging,4,Eco Advocates
R003107,quality_first,37,6039.71,tier_2,xiaohongshu,personal_care,6.09,10.0,7.54,5.52,28.63,0,0,0,0,0,9.76,10,promotion,membership coupons can increase repeat purchase,1,Quality Loyalists
R003108,quality_first,35,14049.58,new_tier_1,jd,personal_care,4.04,8.53,7.3,6.58,32.66,0,0,0,0,0,8.97,8,quality,quality improvement would make me repurchase more often,1,Quality Loyalists
R003109,quality_first,18,8417.75,new_tier_1,xiaohongshu,ready_to_drink,4.75,7.83,5.88,5.65,27.47,0,0,1,1,3,10.0,10,promotion,KOL reviews are useful but need to be authentic,1,Quality Loyalists
R003110,quality_first,22,10022.91,new_tier_1,douyin,ready_to_drink,5.5,9.12,6.9,7.0,32.61,1,1,1,1,2,7.97,6,packaging,the package design should show product benefits more clearly,1,Quality Loyalists
R003111,eco_advocates,30,13161.67,new_tier_1,douyin,healthy_snack,4.44,8.4,7.33,8.96,34.88,0,0,0,1,0,8.49,10,packaging,the package design should show product benefits more clearly,4,Eco Advocates
R003112,convenience_first,34,9222.06,tier_2,xiaohongshu,healthy_snack,4.89,7.0,9.98,4.85,34.16,1,1,1,1,6,9.0,10,promotion,membership coupons can increase repeat purchase,3,Convenience Driven
R003113,new_explorers,46,9157.33,tier_2,offline_supermarket,home_cleaning,5.34,7.17,7.37,7.44,17.09,1,1,1,1,1,10.0,10,promotion,livestream promotion helps me discover new products,3,Convenience Driven
R003114,convenience_first,37,9535.6,tier_1,tmall,healthy_snack,6.03,7.58,8.86,5.54,29.56,1,1,1,1,6,10.0,9,delivery,offline availability is not always convenient,3,Convenience Driven
R003115,new_explorers,39,12190.68,tier_2,tmall,ready_to_drink,7.63,7.37,5.81,6.39,28.35,1,1,1,1,2,8.8,9,price,the price feels high without promotion,0,High Value Fans
R003116,convenience_first,31,10675.86,tier_1,offline_supermarket,ready_to_drink,5.83,7.78,8.74,6.2,28.1,1,1,0,1,5,8.97,10,delivery,offline availability is not always convenient,3,Convenience Driven
R003117,convenience_first,35,8664.43,tier_3_plus,offline_supermarket,healthy_snack,7.13,5.63,8.72,5.27,28.37,0,0,1,0,0,6.35,6,packaging,the packaging is convenient but could look more premium,2,Value Seekers
R003118,new_explorers,41,10641.66,tier_2,offline_supermarket,home_cleaning,6.84,7.44,5.29,5.87,20.66,1,1,1,1,6,7.85,10,packaging,portable packaging is useful for work and travel,0,High Value Fans
R003119,new_explorers,29,25844.11,tier_1,private_domain,home_cleaning,8.11,5.89,6.28,5.74,26.78,1,1,1,1,4,6.62,5,price,the price feels high without promotion,2,Value Seekers
R003120,quality_first,26,6499.15,tier_1,xiaohongshu,healthy_snack,5.58,8.63,6.17,7.76,29.98,1,1,1,1,2,9.68,9,quality,I care about ingredients and product safety,1,Quality Loyalists
R003121,quality_first,31,7606.32,tier_1,jd,healthy_snack,3.49,7.88,6.31,6.64,39.95,1,0,0,0,0,9.26,8,promotion,membership coupons can increase repeat purchase,1,Quality Loyalists
R003122,eco_advocates,27,9630.17,tier_1,xiaohongshu,home_cleaning,5.97,7.23,7.5,9.25,31.17,1,0,1,1,4,10.0,9,sustainability,I prefer brands with recyclable packaging,4,Eco Advocates
R003123,convenience_first,20,13160.64,tier_2,offline_supermarket,ready_to_drink,6.31,7.86,7.79,5.1,28.3,0,1,1,0,0,8.41,8,packaging,the packaging is convenient but could look more premium,3,Convenience Driven
R003124,value_seekers,19,12661.71,new_tier_1,jd,personal_care,7.3,6.0,6.13,5.33,22.78,1,1,0,0,1,6.53,7,price,I compare price across platforms before purchase,2,Value Seekers
R003125,new_explorers,40,4428.53,new_tier_1,douyin,ready_to_drink,6.81,6.15,7.17,5.54,21.45,1,1,0,1,2,6.87,7,promotion,KOL reviews are useful but need to be authentic,0,High Value Fans
R003126,convenience_first,22,21069.91,new_tier_1,offline_supermarket,healthy_snack,4.69,6.09,8.31,5.88,33.25,0,1,0,1,2,7.87,10,price,the price feels high without promotion,3,Convenience Driven
R003127,value_seekers,26,15149.16,tier_1,offline_supermarket,home_cleaning,8.61,5.19,6.66,4.71,19.03,1,1,1,1,5,5.92,6,price,I compare price across platforms before purchase,2,Value Seekers
R003128,convenience_first,27,9083.11,tier_2,douyin,personal_care,5.28,7.87,8.12,5.7,21.57,1,1,1,1,5,9.77,10,delivery,offline availability is not always convenient,3,Convenience Driven
R003129,eco_advocates,25,34080.82,tier_2,xiaohongshu,personal_care,4.94,8.58,4.88,10.0,38.36,1,1,1,1,2,8.73,9,delivery,stockouts make me switch to other brands,4,Eco Advocates
R003130,quality_first,20,11208.69,new_tier_1,xiaohongshu,personal_care,5.06,10.0,7.38,6.16,38.06,0,1,0,0,0,7.3,8,promotion,KOL reviews are useful but need to be authentic,1,Quality Loyalists
R003131,eco_advocates,36,10003.49,tier_3_plus,xiaohongshu,healthy_snack,5.68,8.06,5.99,10.0,29.07,0,0,0,1,3,8.77,10,delivery,delivery speed affects whether I choose the brand,4,Eco Advocates
R003132,value_seekers,33,7104.56,tier_2,jd,personal_care,8.31,6.52,5.15,6.25,20.44,1,0,0,0,0,5.82,3,price,the price feels high without promotion,2,Value Seekers
R003133,eco_advocates,35,5908.41,tier_2,private_domain,home_cleaning,3.87,6.67,6.17,8.65,28.6,0,0,0,1,4,9.16,10,sustainability,sustainability claims need to be more credible,4,Eco Advocates
R003134,quality_first,39,10461.6,new_tier_1,douyin,personal_care,4.63,9.3,6.38,5.47,34.38,1,1,1,1,7,8.17,8,delivery,stockouts make me switch to other brands,1,Quality Loyalists
R003135,quality_first,37,11753.67,new_tier_1,private_domain,ready_to_drink,4.97,9.6,7.09,7.26,34.03,0,0,1,1,3,9.56,10,quality,the product quality is stable and trustworthy,1,Quality Loyalists
R003136,value_seekers,25,12590.67,tier_1,tmall,ready_to_drink,7.86,6.64,6.0,5.79,15.39,1,1,0,1,2,7.91,6,price,I compare price across platforms before purchase,0,High Value Fans
R003137,quality_first,37,13855.43,new_tier_1,tmall,home_cleaning,4.36,8.51,7.47,6.06,28.29,0,0,0,1,4,10.0,8,packaging,portable packaging is useful for work and travel,1,Quality Loyalists
R003138,value_seekers,28,7520.07,tier_3_plus,douyin,home_cleaning,10.0,6.05,4.55,4.03,22.94,1,1,1,1,3,5.33,4,sustainability,low carbon packaging would improve brand impression,2,Value Seekers
R003139,quality_first,46,5714.65,tier_2,tmall,healthy_snack,5.82,9.34,6.85,5.14,29.31,1,0,0,1,4,10.0,10,price,discount bundles make me more willing to buy,1,Quality Loyalists
R003140,convenience_first,25,13286.25,tier_1,douyin,healthy_snack,5.2,7.35,7.82,4.2,26.01,0,0,1,1,4,8.11,7,promotion,KOL reviews are useful but need to be authentic,3,Convenience Driven
R003141,eco_advocates,31,7714.55,tier_3_plus,jd,personal_care,5.1,6.59,6.56,9.91,29.91,1,1,0,1,3,9.79,9,sustainability,sustainability claims need to be more credible,4,Eco Advocates
R003142,quality_first,20,24825.95,new_tier_1,jd,ready_to_drink,4.11,8.38,5.07,6.9,39.7,0,0,1,1,2,8.95,10,packaging,the packaging is convenient but could look more premium,1,Quality Loyalists
R003143,convenience_first,31,8206.85,tier_3_plus,jd,ready_to_drink,7.5,5.67,7.38,4.2,23.67,1,0,0,0,3,5.71,6,price,I compare price across platforms before purchase,2,Value Seekers
R003144,quality_first,40,13469.76,tier_2,offline_supermarket,ready_to_drink,2.38,9.99,7.13,7.21,34.33,1,1,1,1,5,10.0,9,price,I compare price across platforms before purchase,1,Quality Loyalists
R003145,eco_advocates,46,5769.84,tier_2,douyin,home_cleaning,4.21,7.15,6.28,10.0,26.79,1,1,1,1,2,9.78,10,price,discount bundles make me more willing to buy,4,Eco Advocates
R003146,convenience_first,21,15180.61,tier_1,xiaohongshu,personal_care,5.52,6.42,10.0,4.32,24.12,1,1,1,1,6,9.26,10,delivery,offline availability is not always convenient,3,Convenience Driven
R003147,quality_first,33,16749.19,new_tier_1,tmall,ready_to_drink,5.52,7.98,5.26,6.33,43.5,1,1,1,1,1,8.49,8,delivery,stockouts make me switch to other brands,1,Quality Loyalists
R003148,convenience_first,34,18241.76,new_tier_1,jd,healthy_snack,5.57,7.41,8.57,6.21,30.92,1,0,0,0,2,9.02,6,packaging,the package design should show product benefits more clearly,3,Convenience Driven
R003149,quality_first,31,9978.9,new_tier_1,private_domain,home_cleaning,3.99,8.06,6.09,6.22,25.24,0,1,1,1,4,8.3,10,quality,I care about ingredients and product safety,1,Quality Loyalists
R003150,new_explorers,36,5315.08,tier_3_plus,tmall,ready_to_drink,6.44,7.67,6.75,7.12,18.05,1,1,0,1,3,9.11,7,quality,I care about ingredients and product safety,0,High Value Fans
R003151,new_explorers,27,10434.46,tier_3_plus,xiaohongshu,home_cleaning,6.82,8.51,4.35,6.31,20.28,1,1,0,1,1,7.59,5,promotion,livestream promotion helps me discover new products,2,Value Seekers
R003152,value_seekers,21,6456.15,tier_1,private_domain,healthy_snack,8.84,5.5,6.6,6.3,15.32,1,1,1,0,1,5.56,5,price,discount bundles make me more willing to buy,2,Value Seekers
R003153,eco_advocates,26,5643.59,tier_3_plus,xiaohongshu,personal_care,6.79,6.61,7.1,8.39,25.73,1,1,1,0,2,7.18,7,delivery,delivery speed affects whether I choose the brand,4,Eco Advocates
R003154,value_seekers,41,8144.58,tier_2,private_domain,personal_care,7.22,6.85,6.8,3.74,19.51,1,0,0,0,0,6.89,6,price,I compare price across platforms before purchase,2,Value Seekers
R003155,convenience_first,28,8134.42,tier_2,private_domain,healthy_snack,6.48,6.72,8.68,5.78,22.24,1,0,0,1,4,10.0,10,promotion,KOL reviews are useful but need to be authentic,3,Convenience Driven
R003156,new_explorers,40,7749.0,tier_2,douyin,healthy_snack,7.55,6.74,5.66,5.93,20.11,1,1,1,1,4,7.52,8,price,discount bundles make me more willing to buy,0,High Value Fans
R003157,convenience_first,36,10606.55,tier_2,xiaohongshu,ready_to_drink,4.96,7.22,10.0,6.92,31.59,1,1,1,0,1,10.0,10,promotion,livestream promotion helps me discover new products,3,Convenience Driven
R003158,convenience_first,18,9864.56,new_tier_1,douyin,ready_to_drink,8.25,7.39,8.49,7.31,20.97,1,1,1,1,6,6.97,8,quality,I care about ingredients and product safety,0,High Value Fans
R003159,quality_first,24,9606.24,tier_1,tmall,healthy_snack,2.99,8.75,5.95,6.88,36.4,0,1,1,1,1,10.0,9,promotion,membership coupons can increase repeat purchase,1,Quality Loyalists
R003160,new_explorers,34,6185.04,new_tier_1,douyin,ready_to_drink,7.12,7.55,5.31,7.76,22.78,1,1,1,1,2,8.87,10,delivery,delivery speed affects whether I choose the brand,0,High Value Fans
R003161,quality_first,34,20260.33,tier_1,xiaohongshu,healthy_snack,6.89,8.91,6.97,5.84,32.85,1,1,0,0,0,8.5,10,quality,I care about ingredients and product safety,1,Quality Loyalists
R003162,quality_first,42,8531.58,tier_1,tmall,ready_to_drink,3.99,9.56,6.69,6.93,35.88,1,1,1,1,3,10.0,10,quality,quality improvement would make me repurchase more often,1,Quality Loyalists
R003163,quality_first,34,10440.34,tier_2,tmall,home_cleaning,5.26,7.34,6.27,7.02,31.72,0,0,1,1,4,10.0,10,quality,the product quality is stable and trustworthy,1,Quality Loyalists
R003164,eco_advocates,43,7789.81,tier_2,douyin,personal_care,5.36,7.83,5.36,9.2,28.52,1,1,1,1,3,7.06,6,delivery,stockouts make me switch to other brands,4,Eco Advocates
R003165,value_seekers,27,17490.18,tier_1,offline_supermarket,ready_to_drink,6.9,6.2,3.98,4.26,17.52,0,0,0,0,0,6.54,5,quality,quality improvement would make me repurchase more often,2,Value Seekers
R003166,value_seekers,32,8278.12,tier_2,jd,ready_to_drink,7.57,5.6,4.91,5.44,14.0,0,0,0,0,0,8.16,6,delivery,delivery speed affects whether I choose the brand,2,Value Seekers
R003167,convenience_first,36,15779.09,tier_2,offline_supermarket,healthy_snack,5.74,7.86,9.47,4.78,27.62,1,1,1,1,9,10.0,10,delivery,offline availability is not always convenient,3,Convenience Driven
R003168,value_seekers,33,10022.9,new_tier_1,offline_supermarket,healthy_snack,8.64,5.99,4.07,6.54,17.05,1,0,0,1,1,6.8,6,sustainability,sustainability claims need to be more credible,2,Value Seekers
R003169,convenience_first,36,9735.78,tier_3_plus,douyin,healthy_snack,5.55,8.25,9.16,5.8,34.02,1,1,1,1,1,10.0,10,packaging,the packaging is convenient but could look more premium,3,Convenience Driven
R003170,convenience_first,23,9896.17,tier_1,jd,healthy_snack,4.11,7.8,9.3,6.45,27.32,0,1,0,1,5,9.78,10,delivery,stockouts make me switch to other brands,3,Convenience Driven
R003171,value_seekers,32,12433.99,tier_2,xiaohongshu,personal_care,8.22,6.43,6.82,5.68,15.5,1,1,1,1,1,8.89,9,price,the price feels high without promotion,0,High Value Fans
R003172,quality_first,31,13825.88,new_tier_1,xiaohongshu,personal_care,6.33,8.98,6.97,8.28,33.01,1,0,0,1,2,10.0,10,packaging,portable packaging is useful for work and travel,1,Quality Loyalists
R003173,convenience_first,34,9402.78,tier_2,offline_supermarket,healthy_snack,6.1,7.95,9.2,6.44,28.1,1,1,1,0,2,6.31,5,delivery,stockouts make me switch to other brands,3,Convenience Driven
R003174,quality_first,25,9567.89,tier_2,private_domain,ready_to_drink,5.31,7.87,7.07,7.83,30.5,1,0,1,1,2,10.0,10,packaging,the packaging is convenient but could look more premium,4,Eco Advocates
R003175,quality_first,42,8952.02,tier_3_plus,offline_supermarket,personal_care,5.58,8.91,5.49,5.68,31.72,0,1,0,0,0,8.89,8,delivery,stockouts make me switch to other brands,1,Quality Loyalists
R003176,new_explorers,35,19314.4,tier_3_plus,xiaohongshu,personal_care,6.67,6.21,6.84,6.78,22.89,1,1,1,1,4,7.42,8,promotion,livestream promotion helps me discover new products,0,High Value Fans
R003177,convenience_first,24,24081.41,tier_1,jd,healthy_snack,5.63,6.05,10.0,6.07,23.13,0,0,0,0,1,8.02,9,delivery,delivery speed affects whether I choose the brand,3,Convenience Driven
R003178,value_seekers,38,9082.37,tier_2,jd,healthy_snack,10.0,6.52,3.78,5.16,13.92,0,0,0,0,1,4.71,5,delivery,offline availability is not always convenient,2,Value Seekers
R003179,value_seekers,32,8601.71,tier_2,douyin,ready_to_drink,8.58,6.38,5.82,6.14,18.75,1,1,1,0,2,4.75,6,promotion,membership coupons can increase repeat purchase,2,Value Seekers
R003180,convenience_first,37,7033.79,tier_2,jd,personal_care,4.77,8.7,9.11,5.89,25.14,1,1,1,1,2,10.0,9,delivery,delivery speed affects whether I choose the brand,3,Convenience Driven
R003181,convenience_first,38,9411.1,new_tier_1,douyin,ready_to_drink,5.56,7.51,9.33,5.6,20.84,1,1,1,1,5,10.0,10,price,discount bundles make me more willing to buy,3,Convenience Driven
R003182,value_seekers,24,6888.45,tier_3_plus,jd,personal_care,8.04,6.27,5.51,6.48,19.29,1,1,0,0,0,7.87,6,quality,quality improvement would make me repurchase more often,2,Value Seekers
R003183,value_seekers,29,7217.17,tier_3_plus,tmall,home_cleaning,8.65,5.65,6.51,5.2,20.05,0,0,0,0,0,4.89,5,price,I compare price across platforms before purchase,2,Value Seekers
R003184,quality_first,25,19114.0,tier_2,douyin,ready_to_drink,4.71,9.27,5.43,5.15,31.22,1,1,1,1,5,10.0,10,quality,I care about ingredients and product safety,1,Quality Loyalists
R003185,new_explorers,41,7854.67,tier_1,jd,ready_to_drink,7.48,6.99,5.92,5.52,12.18,1,1,1,0,1,7.21,8,promotion,KOL reviews are useful but need to be authentic,0,High Value Fans
R003186,eco_advocates,33,17232.47,tier_2,jd,personal_care,4.62,5.67,5.65,9.04,34.13,1,1,0,1,3,7.73,9,quality,I care about ingredients and product safety,4,Eco Advocates
R003187,new_explorers,35,8335.58,new_tier_1,private_domain,home_cleaning,7.65,7.6,6.43,6.74,23.7,0,1,1,1,3,6.11,5,price,I compare price across platforms before purchase,2,Value Seekers
R003188,convenience_first,36,9774.32,tier_2,private_domain,healthy_snack,5.96,7.86,9.3,4.37,27.49,0,0,0,0,0,7.6,10,delivery,offline availability is not always convenient,3,Convenience Driven
R003189,eco_advocates,28,14768.31,tier_3_plus,jd,ready_to_drink,6.4,8.26,5.82,9.73,32.07,0,1,0,0,0,8.28,10,sustainability,low carbon packaging would improve brand impression,4,Eco Advocates
R003190,new_explorers,30,9492.33,tier_2,offline_supermarket,healthy_snack,5.59,7.9,5.36,6.39,15.77,1,1,1,0,1,9.71,10,price,discount bundles make me more willing to buy,0,High Value Fans
R003191,eco_advocates,32,12015.56,new_tier_1,xiaohongshu,healthy_snack,5.48,7.71,7.24,9.87,32.28,1,1,1,1,2,10.0,10,packaging,the packaging is convenient but could look more premium,4,Eco Advocates
R003192,value_seekers,29,5702.68,new_tier_1,offline_supermarket,ready_to_drink,9.39,5.82,5.57,4.37,15.88,0,0,0,0,0,6.52,7,price,I compare price across platforms before purchase,2,Value Seekers
R003193,value_seekers,27,7103.95,tier_1,douyin,ready_to_drink,8.16,4.52,5.47,3.6,14.54,1,0,0,0,0,8.33,7,packaging,the package design should show product benefits more clearly,2,Value Seekers
R003194,eco_advocates,27,9207.32,new_tier_1,jd,ready_to_drink,5.53,7.81,6.22,9.9,34.55,0,1,1,1,1,9.51,9,promotion,membership coupons can increase repeat purchase,4,Eco Advocates
R003195,new_explorers,22,12356.85,tier_1,offline_supermarket,ready_to_drink,5.13,7.65,7.01,6.63,25.78,1,1,1,1,2,8.73,9,sustainability,sustainability claims need to be more credible,1,Quality Loyalists
R003196,quality_first,25,10703.9,new_tier_1,jd,healthy_snack,4.87,10.0,6.65,6.3,32.02,1,1,1,1,4,9.71,9,quality,the product quality is stable and trustworthy,1,Quality Loyalists
R003197,convenience_first,30,8595.3,tier_3_plus,jd,ready_to_drink,5.63,6.89,8.11,6.21,29.71,0,0,0,0,1,7.68,8,packaging,the packaging is convenient but could look more premium,3,Convenience Driven
R003198,value_seekers,19,17890.42,tier_1,private_domain,ready_to_drink,7.16,6.28,5.18,6.97,21.77,1,1,1,1,0,8.33,7,delivery,offline availability is not always convenient,0,High Value Fans
R003199,convenience_first,35,14713.71,tier_3_plus,tmall,ready_to_drink,5.42,5.37,9.43,6.6,28.77,0,0,1,0,4,8.65,9,delivery,delivery speed affects whether I choose the brand,3,Convenience Driven
R003200,value_seekers,37,15766.22,tier_2,douyin,ready_to_drink,8.0,6.3,6.58,5.1,17.09,0,0,0,1,5,7.25,7,price,I compare price across platforms before purchase,0,High Value Fans
R003201,value_seekers,23,7833.76,tier_2,tmall,healthy_snack,8.47,6.22,6.85,3.77,15.19,1,1,0,0,0,8.02,8,quality,quality improvement would make me repurchase more often,0,High Value Fans
R003202,eco_advocates,30,7672.34,tier_1,douyin,personal_care,5.75,7.81,5.92,10.0,34.35,1,1,1,0,0,8.07,7,promotion,livestream promotion helps me discover new products,4,Eco Advocates
R003203,convenience_first,35,9827.48,new_tier_1,douyin,home_cleaning,7.44,6.83,9.01,4.5,25.0,1,1,1,1,2,8.0,7,packaging,the packaging is convenient but could look more premium,3,Convenience Driven
R003204,eco_advocates,21,23457.92,new_tier_1,offline_supermarket,healthy_snack,6.52,8.39,7.23,9.23,33.93,1,1,1,1,4,8.56,7,sustainability,sustainability claims need to be more credible,4,Eco Advocates
R003205,quality_first,51,10769.38,tier_2,offline_supermarket,personal_care,4.85,8.97,7.36,4.69,29.3,1,1,0,0,0,8.82,9,quality,the product quality is stable and trustworthy,1,Quality Loyalists
R003206,new_explorers,35,9700.25,tier_2,tmall,healthy_snack,6.56,6.42,6.18,6.48,15.42,1,1,1,1,5,9.25,10,promotion,livestream promotion helps me discover new products,0,High Value Fans
R003207,quality_first,35,6381.62,tier_2,offline_supermarket,personal_care,4.92,9.01,7.87,6.67,25.31,0,0,1,1,3,8.93,10,quality,the product quality is stable and trustworthy,1,Quality Loyalists
R003208,value_seekers,44,12072.52,tier_3_plus,private_domain,ready_to_drink,8.7,6.97,4.14,4.89,18.87,0,1,0,0,0,6.74,7,delivery,offline availability is not always convenient,2,Value Seekers
R003209,value_seekers,40,9165.26,tier_1,private_domain,healthy_snack,6.62,6.17,5.37,4.87,12.21,1,0,0,1,3,8.41,6,price,I compare price across platforms before purchase,0,High Value Fans
R003210,value_seekers,36,9042.22,tier_3_plus,jd,personal_care,9.04,7.27,5.4,5.71,16.1,1,1,0,0,0,5.81,4,price,the price feels high without promotion,2,Value Seekers
R003211,convenience_first,37,17572.52,tier_3_plus,jd,ready_to_drink,4.16,7.56,7.75,6.56,30.85,1,1,1,1,1,7.43,6,sustainability,I prefer brands with recyclable packaging,3,Convenience Driven
R003212,new_explorers,38,5619.04,tier_3_plus,jd,healthy_snack,6.21,7.11,5.82,6.24,20.57,0,1,1,0,3,8.83,8,sustainability,low carbon packaging would improve brand impression,0,High Value Fans
R003213,convenience_first,27,7714.44,tier_1,jd,healthy_snack,8.69,7.86,7.44,6.89,24.65,1,1,0,0,1,7.2,8,price,I compare price across platforms before purchase,0,High Value Fans
R003214,value_seekers,32,12187.95,tier_1,tmall,ready_to_drink,8.62,4.74,6.37,5.03,13.69,1,0,0,0,1,6.17,8,packaging,the packaging is convenient but could look more premium,2,Value Seekers
R003215,value_seekers,27,5795.71,tier_1,offline_supermarket,home_cleaning,9.93,7.53,4.99,5.42,12.9,1,1,1,1,2,6.69,8,promotion,membership coupons can increase repeat purchase,0,High Value Fans
R003216,eco_advocates,29,18094.65,tier_1,xiaohongshu,ready_to_drink,5.19,8.84,5.97,9.1,36.38,0,0,0,0,0,10.0,9,promotion,KOL reviews are useful but need to be authentic,4,Eco Advocates
R003217,value_seekers,34,16119.33,tier_2,jd,ready_to_drink,9.46,4.98,5.25,5.04,18.28,0,1,0,0,0,4.73,7,price,the price feels high without promotion,2,Value Seekers
R003218,eco_advocates,18,20037.92,new_tier_1,jd,personal_care,5.76,6.85,6.74,9.33,31.29,1,1,0,0,1,8.63,9,promotion,KOL reviews are useful but need to be authentic,4,Eco Advocates
R003219,quality_first,32,25378.1,new_tier_1,xiaohongshu,ready_to_drink,3.01,9.16,6.17,5.46,41.3,0,0,0,1,5,10.0,10,packaging,the package design should show product benefits more clearly,1,Quality Loyalists
R003220,eco_advocates,35,11906.38,tier_3_plus,douyin,ready_to_drink,6.83,8.31,4.77,8.88,31.63,1,1,0,0,0,7.51,7,sustainability,low carbon packaging would improve brand impression,4,Eco Advocates
R003221,convenience_first,33,9957.68,tier_1,douyin,home_cleaning,6.19,7.75,8.45,3.84,25.79,1,1,1,1,4,8.91,10,packaging,the packaging is convenient but could look more premium,3,Convenience Driven
R003222,quality_first,20,11631.06,tier_2,jd,healthy_snack,5.85,8.26,6.98,5.89,32.78,0,0,0,0,0,7.01,5,delivery,stockouts make me switch to other brands,1,Quality Loyalists
R003223,value_seekers,32,9368.33,tier_1,offline_supermarket,ready_to_drink,6.67,7.69,5.36,2.48,21.5,1,1,1,1,3,5.32,7,quality,the product quality is stable and trustworthy,2,Value Seekers
R003224,convenience_first,40,18153.68,tier_2,private_domain,healthy_snack,6.31,7.49,7.78,5.21,27.65,1,1,1,1,2,8.09,6,delivery,delivery speed affects whether I choose the brand,3,Convenience Driven
R003225,convenience_first,41,8816.64,tier_3_plus,offline_supermarket,home_cleaning,5.12,5.99,7.2,5.26,22.21,0,1,1,0,2,5.59,5,packaging,portable packaging is useful for work and travel,2,Value Seekers
R003226,value_seekers,32,9849.03,tier_2,tmall,home_cleaning,9.05,5.97,5.32,5.28,15.66,1,1,0,0,0,5.53,5,price,discount bundles make me more willing to buy,2,Value Seekers
R003227,quality_first,20,6474.4,tier_2,douyin,ready_to_drink,5.14,9.92,6.92,6.55,30.56,1,1,1,1,2,10.0,8,packaging,portable packaging is useful for work and travel,1,Quality Loyalists
R003228,eco_advocates,31,30199.25,new_tier_1,tmall,personal_care,4.91,8.73,7.39,9.42,37.2,1,1,0,0,0,6.9,7,quality,the product quality is stable and trustworthy,4,Eco Advocates
R003229,value_seekers,20,25750.1,tier_2,tmall,healthy_snack,8.93,6.66,5.89,3.65,17.69,1,0,0,1,4,8.73,9,sustainability,low carbon packaging would improve brand impression,0,High Value Fans
R003230,eco_advocates,32,17536.46,tier_2,private_domain,home_cleaning,4.36,7.11,8.05,10.0,37.16,1,1,1,1,4,8.0,9,sustainability,I prefer brands with recyclable packaging,4,Eco Advocates
R003231,quality_first,26,11036.77,tier_2,private_domain,personal_care,5.18,8.38,8.08,5.5,30.04,1,1,1,1,2,9.19,8,sustainability,I prefer brands with recyclable packaging,1,Quality Loyalists
R003232,convenience_first,32,7353.05,new_tier_1,offline_supermarket,ready_to_drink,5.98,7.53,8.33,6.32,31.48,0,0,0,1,4,10.0,10,delivery,delivery speed affects whether I choose the brand,3,Convenience Driven
R003233,new_explorers,23,6293.65,new_tier_1,xiaohongshu,ready_to_drink,6.78,6.73,5.43,6.13,24.64,1,1,1,1,3,7.51,8,sustainability,I prefer brands with recyclable packaging,0,High Value Fans
R003234,value_seekers,34,16171.06,tier_2,private_domain,home_cleaning,9.2,5.33,5.99,5.11,10.81,1,0,0,0,0,6.04,6,quality,quality improvement would make me repurchase more often,2,Value Seekers
R003235,new_explorers,31,7434.02,new_tier_1,xiaohongshu,healthy_snack,5.47,6.7,7.09,6.76,22.59,1,1,1,1,3,10.0,10,packaging,the packaging is convenient but could look more premium,3,Convenience Driven
R003236,new_explorers,23,9039.59,tier_2,jd,personal_care,6.61,7.25,5.62,7.19,20.77,0,0,1,1,4,7.58,8,delivery,offline availability is not always convenient,0,High Value Fans
R003237,convenience_first,41,9773.17,tier_1,xiaohongshu,home_cleaning,4.57,5.72,9.86,5.71,27.83,1,1,1,0,1,9.43,10,sustainability,low carbon packaging would improve brand impression,3,Convenience Driven
R003238,value_seekers,24,14992.37,new_tier_1,jd,ready_to_drink,8.91,7.68,7.34,5.64,15.49,1,1,0,0,1,7.15,7,packaging,the packaging is convenient but could look more premium,2,Value Seekers
R003239,eco_advocates,38,21131.33,new_tier_1,douyin,personal_care,5.59,6.29,7.09,10.0,30.97,1,1,1,1,4,8.23,7,price,I compare price across platforms before purchase,4,Eco Advocates
R003240,convenience_first,22,12318.75,tier_1,jd,healthy_snack,5.5,5.77,9.85,4.92,23.5,0,0,1,1,5,9.03,10,delivery,stockouts make me switch to other brands,3,Convenience Driven
R003241,quality_first,18,8592.32,tier_2,xiaohongshu,personal_care,2.57,8.94,6.87,5.6,27.74,1,0,1,1,1,8.53,10,packaging,portable packaging is useful for work and travel,1,Quality Loyalists
R003242,value_seekers,28,13735.29,tier_1,jd,healthy_snack,8.31,6.89,5.1,5.3,21.89,1,0,0,1,5,7.75,8,promotion,membership coupons can increase repeat purchase,0,High Value Fans
R003243,quality_first,38,13027.04,tier_1,offline_supermarket,healthy_snack,5.59,9.92,4.91,5.68,31.43,0,1,0,0,0,7.95,6,price,the price feels high without promotion,1,Quality Loyalists
R003244,value_seekers,26,10998.81,tier_2,xiaohongshu,home_cleaning,9.48,7.05,5.51,5.99,21.35,1,1,1,1,3,6.57,9,packaging,the package design should show product benefits more clearly,0,High Value Fans
R003245,quality_first,35,5276.06,tier_3_plus,douyin,healthy_snack,5.27,9.04,6.91,5.12,24.32,0,0,0,1,4,9.48,10,price,the price feels high without promotion,1,Quality Loyalists
R003246,value_seekers,25,8906.05,tier_1,douyin,personal_care,9.88,6.87,6.56,6.86,15.99,1,1,0,1,3,8.56,7,quality,I care about ingredients and product safety,0,High Value Fans
R003247,convenience_first,36,12568.19,tier_2,jd,healthy_snack,5.77,6.08,9.24,5.27,24.59,0,1,1,1,1,9.43,9,sustainability,low carbon packaging would improve brand impression,3,Convenience Driven
R003248,convenience_first,41,15049.74,tier_2,tmall,healthy_snack,4.29,6.2,8.65,4.72,25.1,0,0,1,1,4,10.0,10,delivery,stockouts make me switch to other brands,3,Convenience Driven
R003249,value_seekers,35,9134.62,tier_2,tmall,home_cleaning,9.68,7.38,5.99,4.62,15.68,1,0,0,0,0,5.47,7,sustainability,sustainability claims need to be more credible,2,Value Seekers
R003250,convenience_first,22,8899.94,new_tier_1,tmall,personal_care,7.14,7.97,9.02,5.93,33.26,1,1,1,1,2,7.9,7,price,discount bundles make me more willing to buy,3,Convenience Driven
R003251,value_seekers,29,8213.36,tier_3_plus,xiaohongshu,personal_care,8.59,7.35,5.22,6.28,16.58,1,0,0,0,0,5.47,6,price,I compare price across platforms before purchase,2,Value Seekers
R003252,value_seekers,31,7910.74,tier_2,private_domain,personal_care,9.37,5.38,5.35,4.09,22.81,1,1,0,0,0,5.99,5,promotion,membership coupons can increase repeat purchase,2,Value Seekers
R003253,quality_first,22,9603.03,new_tier_1,jd,personal_care,4.71,8.43,7.21,5.69,38.42,1,1,1,1,8,8.93,9,price,the price feels high without promotion,1,Quality Loyalists
R003254,value_seekers,18,8516.91,tier_1,jd,personal_care,9.87,7.93,3.91,4.79,15.75,1,1,0,0,0,7.3,7,delivery,delivery speed affects whether I choose the brand,2,Value Seekers
R003255,quality_first,30,9297.79,new_tier_1,tmall,personal_care,4.34,8.09,6.88,6.78,36.26,0,0,0,0,0,7.0,7,quality,the product quality is stable and trustworthy,1,Quality Loyalists
R003256,convenience_first,29,9993.95,tier_3_plus,douyin,healthy_snack,6.27,8.0,9.48,4.98,25.5,1,1,1,0,2,5.72,7,packaging,portable packaging is useful for work and travel,3,Convenience Driven
R003257,quality_first,29,9421.23,tier_1,jd,personal_care,6.35,8.47,7.43,7.49,35.96,0,0,0,0,1,7.85,8,sustainability,I prefer brands with recyclable packaging,4,Eco Advocates
R003258,convenience_first,41,17971.24,tier_2,tmall,healthy_snack,6.3,7.21,10.0,3.91,29.1,0,0,0,0,0,10.0,10,promotion,KOL reviews are useful but need to be authentic,3,Convenience Driven
R003259,eco_advocates,39,27637.58,tier_2,xiaohongshu,personal_care,4.62,6.68,7.91,8.41,29.41,0,1,1,1,1,9.16,8,quality,quality improvement would make me repurchase more often,4,Eco Advocates
R003260,new_explorers,42,10558.72,tier_3_plus,douyin,healthy_snack,6.77,7.93,6.56,5.64,24.4,1,1,1,1,7,8.49,8,quality,quality improvement would make me repurchase more often,0,High Value Fans
R003261,value_seekers,38,6594.93,tier_2,offline_supermarket,ready_to_drink,7.78,5.8,5.56,5.68,13.82,1,1,0,0,0,6.41,9,packaging,the package design should show product benefits more clearly,0,High Value Fans
R003262,convenience_first,21,7147.91,tier_1,douyin,home_cleaning,6.47,6.4,8.34,4.28,21.42,1,1,1,1,3,9.7,10,promotion,membership coupons can increase repeat purchase,3,Convenience Driven
R003263,value_seekers,18,11531.78,new_tier_1,jd,ready_to_drink,8.24,5.07,6.14,5.2,18.31,0,0,0,0,3,4.98,6,packaging,portable packaging is useful for work and travel,2,Value Seekers
R003264,convenience_first,30,13200.44,new_tier_1,offline_supermarket,healthy_snack,5.62,6.43,7.4,3.59,22.75,1,1,1,1,4,7.56,7,price,I compare price across platforms before purchase,3,Convenience Driven
R003265,quality_first,40,12718.47,tier_2,tmall,healthy_snack,4.49,8.26,7.28,7.23,31.32,1,1,1,1,2,9.6,8,sustainability,low carbon packaging would improve brand impression,1,Quality Loyalists
R003266,value_seekers,37,7588.86,tier_3_plus,douyin,ready_to_drink,10.0,6.56,5.43,5.01,15.52,0,0,0,0,0,5.23,5,price,discount bundles make me more willing to buy,2,Value Seekers
R003267,new_explorers,29,17669.64,new_tier_1,tmall,home_cleaning,7.01,5.56,5.08,6.31,27.27,1,1,1,0,1,7.01,7,quality,the product quality is stable and trustworthy,2,Value Seekers
R003268,quality_first,35,9544.1,tier_2,tmall,home_cleaning,4.9,9.18,6.62,6.09,37.61,1,1,1,1,6,9.87,9,quality,I care about ingredients and product safety,1,Quality Loyalists
R003269,convenience_first,25,35189.88,tier_2,xiaohongshu,home_cleaning,4.58,5.64,9.36,6.27,28.65,0,0,1,1,6,8.77,8,sustainability,I prefer brands with recyclable packaging,3,Convenience Driven
R003270,eco_advocates,35,6336.19,new_tier_1,tmall,healthy_snack,5.72,6.27,6.73,8.36,32.14,1,0,0,0,1,8.14,7,quality,quality improvement would make me repurchase more often,4,Eco Advocates
R003271,convenience_first,41,6537.99,tier_3_plus,jd,personal_care,6.85,5.78,8.8,4.95,25.68,0,1,0,0,0,8.06,6,quality,the product quality is stable and trustworthy,3,Convenience Driven
R003272,new_explorers,36,5755.5,new_tier_1,private_domain,healthy_snack,6.81,5.71,5.94,6.63,11.82,1,1,1,1,1,9.29,10,price,discount bundles make me more willing to buy,0,High Value Fans
R003273,value_seekers,36,4056.95,tier_1,offline_supermarket,healthy_snack,8.64,5.64,4.93,4.8,9.21,0,1,0,0,1,4.59,6,delivery,stockouts make me switch to other brands,2,Value Seekers
R003274,value_seekers,26,7247.94,new_tier_1,xiaohongshu,healthy_snack,9.53,6.92,5.14,5.38,13.59,1,1,1,1,4,7.17,7,quality,quality improvement would make me repurchase more often,0,High Value Fans
R003275,value_seekers,34,14731.23,new_tier_1,douyin,personal_care,10.0,4.86,5.46,5.67,24.91,0,0,0,0,0,6.65,7,price,I compare price across platforms before purchase,2,Value Seekers
R003276,convenience_first,29,11570.57,tier_3_plus,tmall,healthy_snack,6.12,6.74,7.14,5.89,34.0,1,1,1,1,4,10.0,10,price,the price feels high without promotion,3,Convenience Driven
R003277,convenience_first,31,8996.94,new_tier_1,douyin,ready_to_drink,7.17,7.35,8.66,5.33,21.68,1,1,1,1,5,7.7,7,quality,quality improvement would make me repurchase more often,3,Convenience Driven
R003278,value_seekers,29,5875.06,tier_3_plus,offline_supermarket,ready_to_drink,8.25,6.0,5.5,5.18,18.08,0,0,0,1,3,7.75,8,sustainability,low carbon packaging would improve brand impression,0,High Value Fans
R003279,value_seekers,32,8399.04,new_tier_1,private_domain,ready_to_drink,9.19,7.98,4.86,5.23,16.74,0,1,0,0,0,5.99,5,price,discount bundles make me more willing to buy,2,Value Seekers
R003280,convenience_first,31,21057.49,tier_1,douyin,healthy_snack,3.68,7.51,8.68,4.3,27.04,1,1,0,0,0,8.79,7,quality,quality improvement would make me repurchase more often,3,Convenience Driven
R003281,new_explorers,25,9601.55,tier_2,offline_supermarket,ready_to_drink,5.02,7.05,6.28,5.32,27.25,1,1,1,1,3,7.63,8,promotion,livestream promotion helps me discover new products,0,High Value Fans
R003282,value_seekers,26,12271.27,tier_2,offline_supermarket,healthy_snack,8.08,7.09,6.19,3.29,19.71,1,1,0,1,2,8.26,7,sustainability,sustainability claims need to be more credible,0,High Value Fans
R003283,quality_first,33,3278.95,tier_3_plus,douyin,healthy_snack,5.01,9.39,6.26,6.01,28.28,0,1,1,1,5,10.0,10,delivery,stockouts make me switch to other brands,1,Quality Loyalists
R003284,eco_advocates,38,6371.45,tier_2,private_domain,personal_care,5.76,6.15,5.99,9.15,29.28,1,1,0,1,6,8.65,7,promotion,livestream promotion helps me discover new products,4,Eco Advocates
R003285,eco_advocates,38,9854.67,new_tier_1,private_domain,home_cleaning,4.71,8.15,6.34,8.79,36.67,0,1,1,1,4,10.0,9,promotion,livestream promotion helps me discover new products,4,Eco Advocates
R003286,convenience_first,44,23888.32,tier_2,douyin,ready_to_drink,4.92,6.42,9.51,4.93,28.24,1,1,1,1,7,10.0,10,delivery,offline availability is not always convenient,3,Convenience Driven
R003287,eco_advocates,20,5739.67,tier_3_plus,tmall,home_cleaning,5.31,7.83,7.5,8.8,23.63,0,0,0,1,5,10.0,10,sustainability,low carbon packaging would improve brand impression,4,Eco Advocates
R003288,quality_first,37,7128.14,tier_2,jd,healthy_snack,5.95,8.35,6.92,7.17,30.85,1,1,1,1,4,10.0,9,quality,quality improvement would make me repurchase more often,1,Quality Loyalists
R003289,eco_advocates,30,18363.74,tier_2,xiaohongshu,healthy_snack,4.37,8.17,5.37,9.16,37.04,1,1,1,1,3,10.0,9,promotion,KOL reviews are useful but need to be authentic,4,Eco Advocates
R003290,value_seekers,27,10591.26,tier_1,jd,ready_to_drink,7.64,6.58,5.82,5.03,12.92,1,1,1,0,1,5.01,3,promotion,livestream promotion helps me discover new products,2,Value Seekers
R003291,value_seekers,43,10255.96,tier_2,douyin,ready_to_drink,9.4,6.11,5.11,5.44,15.13,1,1,0,0,0,5.54,5,packaging,the package design should show product benefits more clearly,2,Value Seekers
R003292,convenience_first,27,10313.01,tier_3_plus,douyin,home_cleaning,5.24,6.75,7.53,5.39,29.78,1,1,0,1,2,8.03,10,promotion,membership coupons can increase repeat purchase,3,Convenience Driven
R003293,eco_advocates,30,11619.26,new_tier_1,private_domain,healthy_snack,4.71,8.27,5.87,8.87,36.46,1,1,1,1,0,10.0,10,quality,I care about ingredients and product safety,4,Eco Advocates
R003294,new_explorers,37,7092.02,new_tier_1,private_domain,ready_to_drink,7.39,6.65,6.49,7.05,17.57,1,1,1,1,3,6.42,5,packaging,the package design should show product benefits more clearly,2,Value Seekers
R003295,quality_first,32,20418.95,tier_3_plus,xiaohongshu,personal_care,4.53,9.44,6.47,7.04,31.11,0,1,1,1,4,8.86,9,quality,I care about ingredients and product safety,1,Quality Loyalists
R003296,convenience_first,25,12272.59,tier_2,jd,healthy_snack,5.8,8.87,8.13,5.14,24.54,0,0,0,0,0,8.2,7,delivery,offline availability is not always convenient,3,Convenience Driven
R003297,new_explorers,27,10955.84,tier_2,tmall,personal_care,6.64,7.02,5.76,5.43,20.03,1,1,1,0,3,8.48,8,price,discount bundles make me more willing to buy,0,High Value Fans
R003298,new_explorers,43,9446.66,tier_2,douyin,healthy_snack,6.83,8.27,5.17,5.89,24.62,1,1,1,1,2,9.71,9,promotion,livestream promotion helps me discover new products,1,Quality Loyalists
R003299,quality_first,20,6178.49,tier_3_plus,tmall,healthy_snack,4.12,7.88,7.09,6.66,30.84,1,1,1,1,1,10.0,10,price,the price feels high without promotion,1,Quality Loyalists
R003300,quality_first,46,8684.86,new_tier_1,offline_supermarket,personal_care,4.86,8.62,6.04,7.68,25.76,1,1,1,1,2,10.0,8,promotion,livestream promotion helps me discover new products,1,Quality Loyalists
R003301,value_seekers,27,6928.92,tier_2,tmall,healthy_snack,8.97,6.71,6.93,3.02,20.2,1,1,1,1,2,7.42,7,price,I compare price across platforms before purchase,2,Value Seekers
R003302,quality_first,45,9285.54,tier_3_plus,jd,healthy_snack,3.66,7.92,7.3,6.78,29.51,1,1,0,1,7,9.35,10,quality,the product quality is stable and trustworthy,1,Quality Loyalists
R003303,value_seekers,36,9222.66,tier_3_plus,douyin,ready_to_drink,9.76,6.3,4.87,5.87,19.08,1,1,0,1,3,6.88,6,promotion,membership coupons can increase repeat purchase,2,Value Seekers
R003304,value_seekers,43,12039.4,tier_2,douyin,healthy_snack,7.79,5.37,5.13,3.95,11.62,0,0,0,1,1,7.67,8,quality,the product quality is stable and trustworthy,0,High Value Fans
R003305,convenience_first,49,17201.96,new_tier_1,douyin,healthy_snack,4.86,8.33,10.0,6.01,33.58,0,1,0,1,6,9.88,9,price,I compare price across platforms before purchase,3,Convenience Driven
R003306,quality_first,23,10553.12,tier_2,offline_supermarket,healthy_snack,5.77,9.31,6.15,6.9,35.98,0,0,1,1,2,9.66,10,quality,the product quality is stable and trustworthy,1,Quality Loyalists
R003307,quality_first,24,9097.77,new_tier_1,jd,home_cleaning,5.66,8.95,8.2,5.83,36.01,1,1,1,1,4,9.01,10,quality,the product quality is stable and trustworthy,1,Quality Loyalists
R003308,quality_first,29,22241.79,tier_2,douyin,personal_care,3.61,7.8,6.49,6.12,38.12,0,1,1,1,5,7.97,9,quality,the product quality is stable and trustworthy,1,Quality Loyalists
R003309,quality_first,26,16785.81,tier_2,xiaohongshu,ready_to_drink,4.59,8.33,7.13,6.36,32.17,1,1,1,1,1,9.49,8,quality,the product quality is stable and trustworthy,1,Quality Loyalists
R003310,new_explorers,34,13254.83,new_tier_1,offline_supermarket,home_cleaning,5.88,7.58,6.4,5.53,21.26,1,1,0,0,0,7.03,6,delivery,delivery speed affects whether I choose the brand,2,Value Seekers
R003311,value_seekers,25,14029.38,tier_1,douyin,personal_care,8.73,5.0,6.15,3.87,9.84,1,1,0,0,0,7.93,9,price,the price feels high without promotion,0,High Value Fans
R003312,quality_first,48,7992.45,tier_3_plus,tmall,ready_to_drink,5.45,9.82,5.52,6.78,32.94,0,0,0,0,0,8.5,8,promotion,membership coupons can increase repeat purchase,1,Quality Loyalists
R003313,eco_advocates,33,10308.38,tier_2,xiaohongshu,home_cleaning,5.87,7.9,7.0,10.0,30.93,1,1,0,1,4,9.56,8,promotion,KOL reviews are useful but need to be authentic,4,Eco Advocates
R003314,quality_first,37,7840.61,new_tier_1,douyin,personal_care,5.27,8.65,5.97,6.71,35.04,1,1,1,1,5,10.0,10,promotion,membership coupons can increase repeat purchase,1,Quality Loyalists
R003315,value_seekers,51,9351.75,tier_2,douyin,home_cleaning,9.42,5.77,5.35,5.39,22.83,0,0,0,0,0,3.87,3,sustainability,I prefer brands with recyclable packaging,2,Value Seekers
R003316,eco_advocates,36,7045.07,tier_3_plus,tmall,home_cleaning,6.84,8.31,8.19,9.66,30.11,1,1,1,0,0,8.74,8,delivery,delivery speed affects whether I choose the brand,4,Eco Advocates
R003317,new_explorers,27,18770.41,tier_2,douyin,healthy_snack,5.89,6.38,6.28,4.43,20.06,1,0,0,0,1,6.81,7,price,discount bundles make me more willing to buy,2,Value Seekers
R003318,value_seekers,20,8532.0,new_tier_1,offline_supermarket,home_cleaning,9.34,6.73,5.37,5.44,14.71,1,1,0,0,1,6.57,8,price,the price feels high without promotion,2,Value Seekers
R003319,new_explorers,34,18844.43,tier_2,tmall,healthy_snack,7.24,6.2,6.48,5.7,23.95,0,0,0,0,0,5.39,4,price,discount bundles make me more willing to buy,2,Value Seekers
R003320,quality_first,20,9911.21,new_tier_1,jd,personal_care,4.36,8.26,5.32,6.86,30.42,0,1,1,1,4,10.0,6,packaging,portable packaging is useful for work and travel,1,Quality Loyalists
R003321,eco_advocates,27,8249.83,new_tier_1,offline_supermarket,home_cleaning,6.66,6.23,6.99,9.11,29.81,0,1,1,1,1,8.93,8,sustainability,I prefer brands with recyclable packaging,4,Eco Advocates
R003322,eco_advocates,31,5426.09,tier_2,tmall,home_cleaning,5.14,8.68,6.52,8.69,36.5,1,1,1,0,1,8.37,10,delivery,delivery speed affects whether I choose the brand,4,Eco Advocates
R003323,quality_first,28,6970.6,tier_3_plus,private_domain,healthy_snack,5.35,9.33,7.62,6.28,35.08,0,0,0,1,6,10.0,10,promotion,livestream promotion helps me discover new products,1,Quality Loyalists
R003324,quality_first,38,20468.3,tier_3_plus,private_domain,ready_to_drink,4.85,8.56,7.67,5.58,25.55,1,1,1,1,5,9.1,6,promotion,membership coupons can increase repeat purchase,3,Convenience Driven
R003325,quality_first,31,14484.92,tier_2,jd,home_cleaning,4.39,8.34,6.82,6.64,33.36,1,1,1,1,1,8.4,6,quality,I care about ingredients and product safety,1,Quality Loyalists
R003326,quality_first,29,8506.88,tier_2,jd,home_cleaning,3.39,8.82,6.61,6.17,31.65,1,1,1,1,1,10.0,9,packaging,the package design should show product benefits more clearly,1,Quality Loyalists
R003327,value_seekers,18,11080.44,new_tier_1,douyin,ready_to_drink,9.46,5.39,6.24,5.33,18.71,1,0,1,0,1,7.38,8,delivery,stockouts make me switch to other brands,0,High Value Fans
R003328,quality_first,32,21907.81,new_tier_1,offline_supermarket,ready_to_drink,4.73,8.91,5.78,5.93,37.65,1,1,1,1,2,10.0,10,price,discount bundles make me more willing to buy,1,Quality Loyalists
R003329,value_seekers,21,10493.34,tier_3_plus,private_domain,ready_to_drink,9.7,6.25,5.91,5.0,21.25,1,1,0,0,0,6.92,6,sustainability,low carbon packaging would improve brand impression,2,Value Seekers
R003330,value_seekers,38,7470.58,tier_1,jd,healthy_snack,8.21,6.84,6.88,5.05,17.78,0,1,1,1,4,9.71,10,price,discount bundles make me more willing to buy,0,High Value Fans
R003331,eco_advocates,36,10259.58,new_tier_1,tmall,ready_to_drink,5.56,8.22,7.13,9.62,36.86,1,1,1,1,2,10.0,9,sustainability,low carbon packaging would improve brand impression,4,Eco Advocates
R003332,quality_first,30,11625.01,new_tier_1,douyin,personal_care,5.17,8.45,7.12,5.5,30.09,1,1,0,1,6,10.0,10,packaging,the package design should show product benefits more clearly,1,Quality Loyalists
R003333,quality_first,41,14048.78,new_tier_1,jd,personal_care,5.27,10.0,6.87,6.32,33.13,1,1,0,0,0,7.79,7,promotion,KOL reviews are useful but need to be authentic,1,Quality Loyalists
R003334,value_seekers,37,9016.76,new_tier_1,douyin,healthy_snack,8.14,7.65,6.42,5.43,17.65,0,0,0,0,0,3.73,5,price,I compare price across platforms before purchase,2,Value Seekers
R003335,convenience_first,37,13386.03,tier_2,douyin,healthy_snack,5.72,7.94,8.32,4.97,24.93,0,1,0,0,0,7.13,10,promotion,KOL reviews are useful but need to be authentic,3,Convenience Driven
R003336,convenience_first,27,12390.59,new_tier_1,douyin,personal_care,5.03,7.55,8.17,6.8,28.62,1,1,1,1,4,8.78,9,promotion,livestream promotion helps me discover new products,3,Convenience Driven
R003337,quality_first,43,4730.14,tier_3_plus,private_domain,ready_to_drink,4.71,8.68,5.93,5.93,34.09,0,0,0,1,4,9.78,10,promotion,KOL reviews are useful but need to be authentic,1,Quality Loyalists
R003338,quality_first,32,9258.24,tier_3_plus,offline_supermarket,ready_to_drink,4.17,9.26,5.69,7.16,34.39,0,0,0,0,0,9.93,10,sustainability,sustainability claims need to be more credible,1,Quality Loyalists
R003339,convenience_first,28,9805.24,tier_2,offline_supermarket,healthy_snack,4.75,7.29,8.86,6.81,23.14,0,1,1,1,2,10.0,10,packaging,the packaging is convenient but could look more premium,3,Convenience Driven
R003340,convenience_first,21,7998.71,new_tier_1,jd,ready_to_drink,6.13,6.08,8.28,5.27,28.31,1,1,1,1,4,9.49,9,promotion,KOL reviews are useful but need to be authentic,3,Convenience Driven
R003341,value_seekers,18,11587.2,tier_3_plus,offline_supermarket,ready_to_drink,8.21,7.6,4.87,4.84,18.78,0,0,0,0,3,8.36,6,promotion,membership coupons can increase repeat purchase,0,High Value Fans
R003342,quality_first,24,8742.55,new_tier_1,jd,home_cleaning,6.85,8.62,7.31,5.34,27.96,0,0,0,1,4,5.48,5,quality,the product quality is stable and trustworthy,2,Value Seekers
R003343,convenience_first,27,12586.44,tier_2,tmall,home_cleaning,6.46,7.75,7.46,4.16,29.63,1,1,0,0,2,7.41,8,promotion,membership coupons can increase repeat purchase,3,Convenience Driven
R003344,quality_first,33,9793.18,new_tier_1,douyin,personal_care,5.25,8.65,7.63,7.09,30.69,0,1,1,1,4,9.41,8,delivery,stockouts make me switch to other brands,1,Quality Loyalists
R003345,eco_advocates,33,8968.06,tier_2,jd,personal_care,5.96,7.73,6.07,8.7,36.71,1,1,1,1,3,7.57,8,promotion,livestream promotion helps me discover new products,4,Eco Advocates
R003346,convenience_first,24,9624.15,new_tier_1,jd,ready_to_drink,6.49,8.05,8.92,5.17,25.8,1,1,1,1,2,8.64,9,delivery,stockouts make me switch to other brands,3,Convenience Driven
R003347,convenience_first,35,8856.3,tier_3_plus,jd,personal_care,5.18,6.7,7.53,5.33,33.64,0,0,1,1,3,8.34,9,packaging,the package design should show product benefits more clearly,3,Convenience Driven
R003348,convenience_first,37,18952.28,tier_1,xiaohongshu,ready_to_drink,6.13,7.39,9.23,6.48,33.38,1,1,1,1,3,9.8,9,price,the price feels high without promotion,3,Convenience Driven
R003349,new_explorers,22,5643.89,new_tier_1,private_domain,healthy_snack,6.75,6.97,6.83,5.57,20.16,0,0,0,0,0,9.66,10,packaging,the packaging is convenient but could look more premium,0,High Value Fans
R003350,value_seekers,33,6601.45,tier_2,tmall,healthy_snack,8.81,6.99,5.76,3.75,21.94,1,1,0,0,0,4.42,4,price,discount bundles make me more willing to buy,2,Value Seekers
R003351,eco_advocates,26,7730.37,tier_3_plus,tmall,home_cleaning,4.71,7.64,6.95,8.6,35.79,1,0,0,1,7,9.88,9,sustainability,low carbon packaging would improve brand impression,4,Eco Advocates
R003352,quality_first,28,12626.63,tier_1,jd,home_cleaning,4.39,9.57,7.58,6.02,40.4,0,0,0,0,0,9.17,8,promotion,livestream promotion helps me discover new products,1,Quality Loyalists
R003353,quality_first,21,12944.15,tier_3_plus,tmall,healthy_snack,3.95,8.26,6.63,6.47,34.16,1,1,1,1,4,10.0,8,quality,the product quality is stable and trustworthy,1,Quality Loyalists
R003354,eco_advocates,18,7959.82,tier_2,jd,healthy_snack,5.32,7.04,7.04,8.44,32.05,1,1,1,1,2,10.0,10,quality,quality improvement would make me repurchase more often,4,Eco Advocates
R003355,eco_advocates,18,25632.64,tier_2,douyin,healthy_snack,5.57,7.73,6.4,8.76,35.99,1,0,0,1,3,9.18,10,sustainability,low carbon packaging would improve brand impression,4,Eco Advocates
R003356,convenience_first,38,14747.34,tier_2,douyin,personal_care,4.42,7.01,10.0,5.8,34.31,1,1,1,1,4,9.15,10,delivery,delivery speed affects whether I choose the brand,3,Convenience Driven
R003357,new_explorers,18,18367.14,tier_1,offline_supermarket,ready_to_drink,4.85,7.3,5.65,6.82,22.05,1,1,1,1,1,8.31,8,sustainability,I prefer brands with recyclable packaging,0,High Value Fans
R003358,value_seekers,32,7102.56,tier_2,jd,ready_to_drink,9.51,6.11,5.29,5.32,17.52,1,1,0,1,3,9.08,6,quality,I care about ingredients and product safety,0,High Value Fans
R003359,value_seekers,38,6884.56,new_tier_1,jd,personal_care,8.38,6.49,4.67,5.92,13.85,0,0,1,1,3,8.89,10,quality,I care about ingredients and product safety,0,High Value Fans
R003360,convenience_first,41,8021.99,tier_1,offline_supermarket,healthy_snack,5.06,6.92,8.17,5.53,35.2,0,1,1,1,2,10.0,10,quality,I care about ingredients and product safety,3,Convenience Driven
R003361,quality_first,31,18255.54,tier_2,douyin,personal_care,5.43,8.67,7.52,6.9,29.52,1,0,1,1,1,10.0,9,quality,I care about ingredients and product safety,1,Quality Loyalists
R003362,value_seekers,26,24506.82,tier_3_plus,xiaohongshu,healthy_snack,7.12,6.84,5.38,4.63,28.46,0,0,0,0,1,5.39,4,delivery,offline availability is not always convenient,2,Value Seekers
R003363,eco_advocates,58,15817.28,tier_1,douyin,ready_to_drink,3.63,7.73,6.18,9.13,36.45,1,1,1,0,3,8.06,7,promotion,membership coupons can increase repeat purchase,4,Eco Advocates
R003364,new_explorers,32,4900.13,new_tier_1,offline_supermarket,healthy_snack,7.02,5.69,5.09,6.46,23.39,1,0,0,0,0,8.84,9,delivery,offline availability is not always convenient,0,High Value Fans
R003365,quality_first,18,19059.22,tier_2,douyin,home_cleaning,3.61,7.77,5.77,6.81,30.96,1,1,1,1,4,10.0,10,price,discount bundles make me more willing to buy,1,Quality Loyalists
R003366,quality_first,45,13729.6,tier_1,xiaohongshu,ready_to_drink,3.83,8.92,7.36,6.62,37.79,1,1,1,1,6,10.0,10,quality,quality improvement would make me repurchase more often,1,Quality Loyalists
R003367,value_seekers,32,7012.84,tier_3_plus,private_domain,personal_care,10.0,7.17,5.85,6.73,18.1,0,0,0,0,1,6.97,6,price,I compare price across platforms before purchase,2,Value Seekers
R003368,new_explorers,20,5589.81,new_tier_1,tmall,ready_to_drink,8.08,6.8,6.86,5.6,21.81,1,1,1,1,2,7.25,7,promotion,membership coupons can increase repeat purchase,0,High Value Fans
R003369,new_explorers,19,10008.47,tier_1,tmall,personal_care,7.81,6.26,7.28,7.09,24.05,1,1,1,1,4,8.14,9,price,I compare price across platforms before purchase,0,High Value Fans
R003370,convenience_first,27,10814.49,tier_1,private_domain,healthy_snack,4.54,5.69,9.14,5.54,26.37,1,0,0,0,1,8.67,10,packaging,the packaging is convenient but could look more premium,3,Convenience Driven
R003371,quality_first,50,10267.07,tier_2,private_domain,healthy_snack,5.41,8.06,6.58,7.08,26.57,0,0,0,0,1,7.79,8,quality,quality improvement would make me repurchase more often,1,Quality Loyalists
R003372,value_seekers,35,13859.5,tier_1,xiaohongshu,ready_to_drink,9.21,5.13,6.75,3.63,20.17,0,0,0,0,2,6.39,6,packaging,the packaging is convenient but could look more premium,2,Value Seekers
R003373,quality_first,21,6640.34,tier_1,tmall,home_cleaning,4.65,8.84,6.3,7.09,27.13,1,1,0,0,1,10.0,10,promotion,membership coupons can increase repeat purchase,1,Quality Loyalists
R003374,value_seekers,19,9394.02,new_tier_1,tmall,ready_to_drink,8.21,7.34,5.47,4.63,22.93,1,1,1,1,2,8.36,8,delivery,offline availability is not always convenient,0,High Value Fans
R003375,new_explorers,37,7798.35,tier_1,offline_supermarket,healthy_snack,5.97,7.09,4.82,7.75,24.69,1,1,1,1,6,8.35,6,price,discount bundles make me more willing to buy,0,High Value Fans
R003376,value_seekers,18,6202.61,tier_3_plus,offline_supermarket,healthy_snack,9.61,6.18,5.02,5.89,14.32,0,0,0,0,0,5.47,5,promotion,KOL reviews are useful but need to be authentic,2,Value Seekers
R003377,value_seekers,32,9680.1,tier_3_plus,douyin,ready_to_drink,7.35,5.87,5.97,4.41,19.33,0,0,0,0,0,6.52,8,quality,the product quality is stable and trustworthy,2,Value Seekers
R003378,value_seekers,28,19663.07,tier_3_plus,jd,healthy_snack,8.67,7.27,6.12,4.02,16.77,0,1,1,0,0,7.23,7,quality,quality improvement would make me repurchase more often,2,Value Seekers
R003379,convenience_first,32,6650.63,tier_2,jd,home_cleaning,6.96,7.0,7.85,4.27,23.46,1,1,1,1,3,10.0,10,promotion,livestream promotion helps me discover new products,3,Convenience Driven
R003380,quality_first,40,13902.84,tier_3_plus,jd,healthy_snack,4.95,8.23,7.3,6.85,38.33,1,1,1,1,5,10.0,10,price,the price feels high without promotion,1,Quality Loyalists
R003381,quality_first,34,13905.35,tier_2,jd,home_cleaning,5.9,8.44,8.14,5.44,34.29,1,1,1,0,4,10.0,9,quality,quality improvement would make me repurchase more often,1,Quality Loyalists
R003382,quality_first,27,7699.74,tier_2,jd,home_cleaning,5.1,9.32,8.08,7.33,38.68,1,1,0,1,1,10.0,10,delivery,offline availability is not always convenient,1,Quality Loyalists
R003383,value_seekers,28,7292.94,tier_1,jd,healthy_snack,9.95,6.3,5.58,5.81,11.44,1,1,1,0,1,7.48,4,price,I compare price across platforms before purchase,2,Value Seekers
R003384,convenience_first,20,10747.56,tier_2,jd,home_cleaning,6.49,7.61,7.5,4.64,26.47,1,1,1,0,1,7.72,7,delivery,offline availability is not always convenient,3,Convenience Driven
R003385,value_seekers,41,9354.29,new_tier_1,douyin,ready_to_drink,7.21,7.01,5.11,5.25,21.88,1,0,0,0,0,9.04,8,promotion,membership coupons can increase repeat purchase,0,High Value Fans
R003386,new_explorers,35,6736.99,new_tier_1,jd,home_cleaning,6.35,6.64,4.93,5.59,24.62,0,1,0,0,3,7.09,8,price,the price feels high without promotion,0,High Value Fans
R003387,new_explorers,43,6817.77,tier_3_plus,offline_supermarket,healthy_snack,5.8,6.11,7.04,6.68,21.19,1,1,0,0,1,9.0,9,delivery,delivery speed affects whether I choose the brand,0,High Value Fans
R003388,quality_first,18,10625.72,tier_3_plus,offline_supermarket,ready_to_drink,4.47,8.91,6.88,4.71,37.27,1,1,1,1,1,9.4,10,delivery,delivery speed affects whether I choose the brand,1,Quality Loyalists
R003389,eco_advocates,33,9386.51,tier_2,xiaohongshu,ready_to_drink,7.23,7.73,7.53,9.99,35.03,0,1,1,1,4,9.6,10,quality,quality improvement would make me repurchase more often,4,Eco Advocates
R003390,quality_first,22,11258.54,tier_1,tmall,healthy_snack,3.53,9.06,6.33,6.58,27.72,0,0,1,1,5,9.12,8,quality,I care about ingredients and product safety,1,Quality Loyalists
R003391,value_seekers,21,6509.33,tier_1,jd,healthy_snack,10.0,6.39,6.01,5.97,14.39,0,0,0,0,0,5.21,4,sustainability,sustainability claims need to be more credible,2,Value Seekers
R003392,value_seekers,31,7784.48,tier_1,douyin,home_cleaning,8.22,6.13,4.54,6.2,14.0,0,0,0,0,0,6.38,2,quality,quality improvement would make me repurchase more often,2,Value Seekers
R003393,convenience_first,29,7678.4,new_tier_1,tmall,personal_care,5.01,7.79,7.64,6.0,25.82,1,0,0,1,3,9.51,9,promotion,KOL reviews are useful but need to be authentic,3,Convenience Driven
R003394,value_seekers,34,7300.2,new_tier_1,offline_supermarket,ready_to_drink,8.39,6.67,6.21,4.29,22.29,1,1,1,1,0,6.32,6,delivery,offline availability is not always convenient,2,Value Seekers
R003395,eco_advocates,33,11899.51,tier_2,xiaohongshu,home_cleaning,4.53,6.92,6.6,9.81,33.68,1,1,1,1,1,10.0,9,sustainability,sustainability claims need to be more credible,4,Eco Advocates
R003396,eco_advocates,42,17692.11,tier_1,tmall,healthy_snack,5.76,5.83,8.13,9.6,34.62,0,0,0,1,3,10.0,10,sustainability,I prefer brands with recyclable packaging,4,Eco Advocates
R003397,new_explorers,34,8411.67,tier_2,jd,home_cleaning,6.8,4.99,6.0,6.91,23.14,1,1,1,1,4,8.91,8,delivery,delivery speed affects whether I choose the brand,0,High Value Fans
R003398,new_explorers,43,7944.04,tier_3_plus,douyin,home_cleaning,6.75,8.16,7.6,6.99,23.36,0,0,0,0,0,6.43,5,delivery,offline availability is not always convenient,2,Value Seekers
R003399,quality_first,35,13494.07,tier_1,douyin,ready_to_drink,4.22,10.0,7.83,6.74,32.18,1,1,1,1,4,9.19,9,quality,I care about ingredients and product safety,1,Quality Loyalists
R003400,eco_advocates,29,10553.42,new_tier_1,douyin,ready_to_drink,3.75,8.36,6.89,9.89,32.75,1,1,1,1,6,10.0,10,sustainability,sustainability claims need to be more credible,4,Eco Advocates
R003401,convenience_first,37,6051.49,tier_3_plus,tmall,healthy_snack,3.78,7.69,8.4,5.67,27.07,1,0,1,1,4,10.0,10,quality,quality improvement would make me repurchase more often,3,Convenience Driven
R003402,value_seekers,18,18385.3,new_tier_1,douyin,healthy_snack,8.74,7.17,6.36,5.26,21.85,1,1,1,1,4,8.85,7,price,I compare price across platforms before purchase,0,High Value Fans
R003403,convenience_first,19,3728.32,tier_2,tmall,ready_to_drink,6.66,8.11,8.39,5.77,30.67,1,1,1,1,2,7.69,8,promotion,membership coupons can increase repeat purchase,3,Convenience Driven
R003404,value_seekers,18,8506.14,tier_2,tmall,healthy_snack,9.35,7.47,6.27,5.42,17.97,0,0,0,0,0,6.7,4,promotion,livestream promotion helps me discover new products,2,Value Seekers
R003405,value_seekers,21,18483.06,tier_2,douyin,healthy_snack,8.16,8.28,5.8,3.86,20.85,1,0,0,1,3,7.94,9,price,I compare price across platforms before purchase,0,High Value Fans
R003406,eco_advocates,29,9705.63,new_tier_1,tmall,personal_care,4.51,7.6,8.03,9.88,28.44,1,1,1,1,5,7.48,6,price,I compare price across platforms before purchase,4,Eco Advocates
R003407,convenience_first,37,17199.79,new_tier_1,jd,ready_to_drink,3.65,6.91,8.44,3.72,23.25,0,0,0,0,0,8.9,7,packaging,the packaging is convenient but could look more premium,3,Convenience Driven
R003408,quality_first,28,22197.2,tier_2,tmall,home_cleaning,3.07,7.91,7.36,5.58,31.29,0,1,1,1,4,10.0,10,quality,quality improvement would make me repurchase more often,1,Quality Loyalists
R003409,convenience_first,31,11006.66,new_tier_1,xiaohongshu,home_cleaning,5.27,6.56,10.0,5.13,32.34,0,1,1,0,0,8.52,7,promotion,KOL reviews are useful but need to be authentic,3,Convenience Driven
R003410,value_seekers,31,15384.52,tier_2,douyin,personal_care,9.78,5.63,6.19,5.26,19.33,1,1,0,0,1,5.82,5,delivery,offline availability is not always convenient,2,Value Seekers
R003411,convenience_first,41,8444.74,tier_1,douyin,ready_to_drink,5.71,6.31,9.44,7.42,28.06,1,1,1,1,3,9.03,8,delivery,stockouts make me switch to other brands,3,Convenience Driven
R003412,quality_first,27,8299.59,tier_2,offline_supermarket,home_cleaning,4.25,9.31,5.8,7.35,28.43,0,1,0,1,4,8.74,10,price,I compare price across platforms before purchase,1,Quality Loyalists
R003413,value_seekers,34,8692.9,tier_2,xiaohongshu,home_cleaning,10.0,5.98,6.07,6.3,20.33,0,0,0,0,0,7.07,7,quality,quality improvement would make me repurchase more often,2,Value Seekers
R003414,eco_advocates,26,9920.49,new_tier_1,tmall,ready_to_drink,5.01,7.8,7.2,9.62,27.8,0,0,1,1,3,8.42,9,packaging,the package design should show product benefits more clearly,4,Eco Advocates
R003415,new_explorers,27,7351.93,tier_2,tmall,ready_to_drink,7.77,7.87,5.6,6.63,19.96,1,0,0,0,0,6.56,5,packaging,the package design should show product benefits more clearly,2,Value Seekers
R003416,quality_first,26,5908.38,tier_3_plus,jd,ready_to_drink,4.74,8.25,7.64,7.98,29.64,1,0,0,1,3,7.17,6,price,I compare price across platforms before purchase,4,Eco Advocates
R003417,quality_first,42,15932.28,new_tier_1,douyin,home_cleaning,3.85,9.45,5.58,6.58,36.05,0,0,0,1,3,10.0,10,price,discount bundles make me more willing to buy,1,Quality Loyalists
R003418,value_seekers,18,10609.13,tier_2,jd,home_cleaning,6.86,6.66,6.23,4.53,21.11,1,0,0,1,4,9.82,10,promotion,membership coupons can increase repeat purchase,0,High Value Fans
R003419,quality_first,32,18310.17,tier_3_plus,private_domain,healthy_snack,5.25,9.39,6.44,7.24,34.45,1,1,0,0,0,10.0,10,sustainability,I prefer brands with recyclable packaging,1,Quality Loyalists
R003420,eco_advocates,45,14985.75,tier_3_plus,offline_supermarket,ready_to_drink,5.01,8.59,6.25,9.53,31.13,1,1,0,0,2,9.06,10,sustainability,low carbon packaging would improve brand impression,4,Eco Advocates
R003421,value_seekers,29,11579.14,tier_1,tmall,home_cleaning,9.49,7.66,4.42,5.66,16.48,1,1,0,0,1,8.47,6,price,I compare price across platforms before purchase,2,Value Seekers
R003422,new_explorers,50,14295.6,tier_1,douyin,home_cleaning,6.51,6.36,6.86,5.45,21.37,1,1,1,1,1,8.98,9,delivery,delivery speed affects whether I choose the brand,0,High Value Fans
R003423,convenience_first,29,6552.7,tier_1,jd,home_cleaning,6.58,7.24,8.6,6.29,24.37,1,1,1,1,6,10.0,9,packaging,the packaging is convenient but could look more premium,3,Convenience Driven
R003424,new_explorers,26,14036.6,tier_2,offline_supermarket,healthy_snack,7.95,7.18,5.7,7.1,25.11,1,1,1,1,1,7.18,5,price,the price feels high without promotion,2,Value Seekers
R003425,new_explorers,18,6310.28,tier_2,douyin,home_cleaning,5.98,6.6,6.91,6.74,16.22,1,1,1,1,3,10.0,8,sustainability,low carbon packaging would improve brand impression,0,High Value Fans
R003426,convenience_first,28,4811.74,tier_2,offline_supermarket,home_cleaning,5.24,7.68,8.72,4.69,26.44,1,1,1,1,1,8.95,9,quality,I care about ingredients and product safety,3,Convenience Driven
R003427,value_seekers,37,7032.76,tier_2,tmall,personal_care,10.0,5.8,5.85,6.53,14.53,0,0,0,0,0,4.78,4,packaging,the packaging is convenient but could look more premium,2,Value Seekers
R003428,convenience_first,52,5748.26,new_tier_1,douyin,personal_care,6.13,5.12,10.0,6.04,20.82,1,1,1,1,2,10.0,10,price,I compare price across platforms before purchase,3,Convenience Driven
R003429,quality_first,28,10052.77,tier_2,xiaohongshu,ready_to_drink,3.59,9.94,8.09,6.71,27.76,0,1,1,1,3,10.0,10,quality,the product quality is stable and trustworthy,1,Quality Loyalists
R003430,convenience_first,24,9447.84,new_tier_1,tmall,home_cleaning,6.65,7.9,8.44,7.0,26.76,1,1,0,0,1,7.87,6,quality,quality improvement would make me repurchase more often,3,Convenience Driven
R003431,quality_first,33,11880.69,tier_3_plus,jd,ready_to_drink,4.19,7.67,5.1,6.68,28.35,1,1,1,1,5,8.39,9,promotion,KOL reviews are useful but need to be authentic,1,Quality Loyalists
R003432,value_seekers,33,13553.85,tier_3_plus,tmall,healthy_snack,9.0,8.06,5.54,3.75,24.31,1,1,1,1,8,9.05,10,price,I compare price across platforms before purchase,0,High Value Fans
R003433,quality_first,30,9692.2,tier_2,private_domain,ready_to_drink,5.63,9.94,6.4,5.94,35.56,1,1,1,1,1,8.06,6,packaging,portable packaging is useful for work and travel,1,Quality Loyalists
R003434,value_seekers,36,22965.2,tier_3_plus,offline_supermarket,personal_care,10.0,6.74,4.77,5.26,17.98,1,0,0,0,0,3.99,4,packaging,portable packaging is useful for work and travel,2,Value Seekers
R003435,new_explorers,34,8497.94,tier_2,douyin,ready_to_drink,7.68,6.29,7.5,4.44,21.9,0,0,0,0,0,7.79,7,promotion,KOL reviews are useful but need to be authentic,0,High Value Fans
R003436,quality_first,18,7343.93,new_tier_1,douyin,personal_care,4.04,8.06,6.92,6.41,29.19,0,1,0,1,5,10.0,9,delivery,stockouts make me switch to other brands,1,Quality Loyalists
R003437,value_seekers,42,5163.69,tier_3_plus,jd,healthy_snack,7.75,5.79,6.15,3.79,11.58,0,0,0,1,2,6.12,4,quality,the product quality is stable and trustworthy,2,Value Seekers
R003438,quality_first,34,9308.56,new_tier_1,offline_supermarket,healthy_snack,5.76,10.0,5.99,6.05,27.04,1,1,0,0,0,8.62,7,quality,the product quality is stable and trustworthy,1,Quality Loyalists
R003439,eco_advocates,31,10324.93,tier_1,offline_supermarket,healthy_snack,5.34,7.29,7.04,8.49,37.98,0,1,1,1,1,8.74,8,promotion,KOL reviews are useful but need to be authentic,4,Eco Advocates
R003440,new_explorers,27,17887.65,tier_2,jd,personal_care,5.55,7.93,5.98,6.0,24.66,1,1,1,1,6,8.34,9,price,discount bundles make me more willing to buy,1,Quality Loyalists
R003441,quality_first,25,13112.08,tier_2,offline_supermarket,personal_care,4.79,9.79,6.28,7.18,31.03,0,0,1,1,0,10.0,10,quality,the product quality is stable and trustworthy,1,Quality Loyalists
R003442,quality_first,25,10587.88,tier_2,offline_supermarket,home_cleaning,5.67,9.1,4.3,5.61,36.22,1,1,0,0,0,8.07,10,price,the price feels high without promotion,1,Quality Loyalists
R003443,value_seekers,39,9330.02,new_tier_1,douyin,personal_care,9.91,5.45,7.19,5.17,18.54,1,0,0,0,1,5.54,6,price,discount bundles make me more willing to buy,2,Value Seekers
R003444,new_explorers,18,6958.9,tier_2,douyin,healthy_snack,5.99,6.24,5.96,6.24,19.87,1,1,1,1,3,8.58,9,price,the price feels high without promotion,0,High Value Fans
R003445,value_seekers,39,9685.49,new_tier_1,private_domain,ready_to_drink,10.0,6.09,6.38,5.73,25.04,1,1,1,0,2,6.96,7,quality,I care about ingredients and product safety,2,Value Seekers
R003446,value_seekers,30,9283.52,new_tier_1,offline_supermarket,personal_care,7.79,4.66,4.82,4.19,19.67,1,1,1,1,6,6.11,5,promotion,membership coupons can increase repeat purchase,2,Value Seekers
R003447,value_seekers,21,13331.0,new_tier_1,douyin,healthy_snack,7.73,6.6,6.29,6.13,21.84,0,0,0,0,1,9.04,9,price,discount bundles make me more willing to buy,0,High Value Fans
R003448,convenience_first,36,22685.98,tier_2,offline_supermarket,personal_care,5.64,7.24,7.35,4.69,26.49,1,1,1,1,2,10.0,8,price,the price feels high without promotion,3,Convenience Driven
R003449,value_seekers,23,7627.78,tier_1,douyin,ready_to_drink,8.23,6.71,6.41,4.46,23.39,1,1,1,1,2,7.98,10,price,I compare price across platforms before purchase,0,High Value Fans
R003450,eco_advocates,40,11726.49,new_tier_1,douyin,healthy_snack,5.84,7.47,7.39,8.15,37.6,1,1,0,1,4,9.8,9,promotion,KOL reviews are useful but need to be authentic,4,Eco Advocates
R003451,eco_advocates,44,15897.01,new_tier_1,jd,healthy_snack,5.06,8.0,7.25,8.2,36.99,1,1,1,1,5,9.71,10,sustainability,sustainability claims need to be more credible,4,Eco Advocates
R003452,eco_advocates,41,4669.04,tier_2,tmall,healthy_snack,5.27,8.57,6.94,7.91,36.37,1,1,1,1,1,9.38,10,sustainability,low carbon packaging would improve brand impression,1,Quality Loyalists
R003453,value_seekers,29,9432.05,tier_1,private_domain,healthy_snack,8.47,6.85,5.72,4.44,23.16,1,1,1,0,1,7.19,5,price,the price feels high without promotion,2,Value Seekers
R003454,convenience_first,22,6433.53,tier_2,douyin,personal_care,5.11,7.69,7.59,6.4,21.01,1,1,1,1,4,6.1,5,delivery,delivery speed affects whether I choose the brand,2,Value Seekers
R003455,new_explorers,25,17980.54,tier_2,tmall,ready_to_drink,7.32,7.65,5.14,6.18,17.41,1,1,1,1,6,4.78,6,price,discount bundles make me more willing to buy,2,Value Seekers
R003456,eco_advocates,18,17034.9,tier_2,douyin,home_cleaning,5.79,8.49,7.38,8.45,29.55,1,1,1,1,5,9.21,8,sustainability,I prefer brands with recyclable packaging,4,Eco Advocates
R003457,value_seekers,31,10503.36,new_tier_1,tmall,healthy_snack,8.24,6.73,5.23,5.61,23.19,1,1,1,0,0,6.98,7,delivery,offline availability is not always convenient,2,Value Seekers
R003458,value_seekers,22,7122.58,tier_2,douyin,healthy_snack,10.0,8.14,6.01,5.72,19.32,1,1,1,1,5,7.06,6,promotion,membership coupons can increase repeat purchase,2,Value Seekers
R003459,convenience_first,27,15663.36,new_tier_1,douyin,personal_care,4.65,5.84,8.97,3.75,24.01,1,1,1,1,6,8.56,6,price,discount bundles make me more willing to buy,3,Convenience Driven
R003460,value_seekers,34,24504.21,new_tier_1,xiaohongshu,home_cleaning,8.04,7.01,4.71,7.2,21.7,1,1,0,0,1,7.26,7,promotion,KOL reviews are useful but need to be authentic,0,High Value Fans
R003461,value_seekers,21,8316.1,tier_2,tmall,ready_to_drink,9.03,5.76,5.97,4.13,24.18,1,0,1,0,0,6.51,5,price,discount bundles make me more willing to buy,2,Value Seekers
R003462,value_seekers,20,10345.02,tier_1,xiaohongshu,ready_to_drink,9.28,6.87,5.35,5.55,18.87,0,0,0,0,0,6.56,7,sustainability,low carbon packaging would improve brand impression,2,Value Seekers
R003463,quality_first,39,5450.26,tier_3_plus,tmall,personal_care,5.28,8.16,5.31,6.15,30.09,0,0,0,0,0,7.65,6,delivery,stockouts make me switch to other brands,1,Quality Loyalists
R003464,convenience_first,23,16063.6,tier_2,jd,personal_care,6.42,5.73,8.62,5.26,25.89,0,0,0,0,1,6.67,5,delivery,delivery speed affects whether I choose the brand,2,Value Seekers
R003465,value_seekers,36,8666.53,new_tier_1,tmall,healthy_snack,8.44,6.18,6.59,5.38,21.95,0,0,0,0,0,8.19,8,price,discount bundles make me more willing to buy,0,High Value Fans
R003466,value_seekers,28,7600.96,new_tier_1,private_domain,healthy_snack,9.17,6.19,5.45,3.98,17.37,0,1,1,0,1,3.69,4,quality,quality improvement would make me repurchase more often,2,Value Seekers
R003467,value_seekers,26,13603.58,tier_1,private_domain,personal_care,8.64,6.42,5.53,4.28,18.4,0,0,0,0,0,6.99,7,quality,quality improvement would make me repurchase more often,2,Value Seekers
R003468,eco_advocates,23,6727.12,tier_2,douyin,ready_to_drink,5.14,6.87,8.43,9.08,40.8,1,1,1,0,2,8.17,9,sustainability,low carbon packaging would improve brand impression,4,Eco Advocates
R003469,value_seekers,35,6407.15,tier_3_plus,xiaohongshu,ready_to_drink,8.11,5.39,6.58,4.3,17.66,1,1,1,1,4,8.3,8,delivery,delivery speed affects whether I choose the brand,0,High Value Fans
R003470,value_seekers,38,8072.19,tier_3_plus,tmall,healthy_snack,10.0,7.84,4.42,5.0,11.94,1,1,0,0,0,7.87,7,delivery,stockouts make me switch to other brands,2,Value Seekers
R003471,eco_advocates,28,4073.55,new_tier_1,tmall,healthy_snack,6.49,7.58,5.12,8.4,28.55,0,0,1,1,2,7.99,7,sustainability,sustainability claims need to be more credible,4,Eco Advocates
R003472,eco_advocates,24,6285.0,new_tier_1,jd,ready_to_drink,7.01,7.6,6.38,8.85,31.89,0,0,0,0,0,7.92,9,quality,I care about ingredients and product safety,4,Eco Advocates
R003473,value_seekers,36,22605.3,tier_1,tmall,home_cleaning,8.91,5.79,4.76,6.38,23.16,1,1,0,1,3,6.86,5,price,I compare price across platforms before purchase,2,Value Seekers
R003474,quality_first,29,8119.95,tier_3_plus,douyin,healthy_snack,6.37,7.28,6.45,6.85,29.49,0,1,0,1,6,8.96,7,quality,quality improvement would make me repurchase more often,4,Eco Advocates
R003475,new_explorers,25,12226.87,new_tier_1,douyin,home_cleaning,5.61,8.07,6.26,6.13,20.52,1,1,1,1,1,9.26,10,price,discount bundles make me more willing to buy,1,Quality Loyalists
R003476,value_seekers,38,9110.23,tier_3_plus,douyin,personal_care,8.98,6.38,6.08,3.08,17.08,1,1,1,1,1,8.7,8,price,the price feels high without promotion,0,High Value Fans
R003477,eco_advocates,31,16898.48,new_tier_1,douyin,personal_care,4.89,7.6,6.33,9.4,32.94,1,1,1,0,0,7.19,4,sustainability,sustainability claims need to be more credible,4,Eco Advocates
R003478,quality_first,35,9330.13,tier_2,offline_supermarket,home_cleaning,4.79,8.65,5.19,8.36,37.44,1,1,1,1,4,9.41,9,price,the price feels high without promotion,4,Eco Advocates
R003479,eco_advocates,31,13711.69,tier_3_plus,douyin,ready_to_drink,5.12,7.92,6.66,8.33,36.59,1,1,1,1,4,10.0,10,quality,quality improvement would make me repurchase more often,4,Eco Advocates
R003480,quality_first,38,23264.57,tier_3_plus,offline_supermarket,ready_to_drink,4.86,8.56,5.9,5.81,33.76,0,0,0,0,0,9.74,10,quality,the product quality is stable and trustworthy,1,Quality Loyalists
R003481,quality_first,31,9735.34,tier_2,douyin,ready_to_drink,6.0,9.33,6.93,7.13,35.04,1,1,1,1,7,10.0,10,delivery,delivery speed affects whether I choose the brand,1,Quality Loyalists
R003482,value_seekers,33,5192.41,new_tier_1,tmall,home_cleaning,8.42,7.21,5.34,4.55,20.08,1,1,1,1,4,8.34,8,price,I compare price across platforms before purchase,0,High Value Fans
R003483,convenience_first,30,8535.57,tier_1,tmall,healthy_snack,3.97,7.36,7.37,5.3,27.91,0,0,1,1,4,8.71,8,promotion,membership coupons can increase repeat purchase,3,Convenience Driven
R003484,new_explorers,45,15841.98,new_tier_1,xiaohongshu,home_cleaning,6.93,7.85,6.43,6.63,25.21,0,1,0,0,1,8.3,10,promotion,membership coupons can increase repeat purchase,0,High Value Fans
R003485,quality_first,33,12316.54,new_tier_1,tmall,healthy_snack,3.6,10.0,6.57,7.37,35.7,1,1,1,1,5,10.0,10,sustainability,low carbon packaging would improve brand impression,1,Quality Loyalists
R003486,quality_first,29,18572.37,tier_3_plus,private_domain,home_cleaning,4.97,7.35,7.39,6.81,35.2,1,1,1,1,3,9.52,10,delivery,stockouts make me switch to other brands,1,Quality Loyalists
R003487,eco_advocates,35,6350.49,tier_2,xiaohongshu,healthy_snack,6.3,6.68,6.51,8.88,30.15,0,1,1,1,4,10.0,10,sustainability,sustainability claims need to be more credible,4,Eco Advocates
R003488,convenience_first,18,6584.84,tier_3_plus,jd,ready_to_drink,4.84,6.48,8.86,4.38,21.73,0,0,0,0,0,5.17,5,promotion,livestream promotion helps me discover new products,2,Value Seekers
R003489,eco_advocates,31,8397.19,tier_1,jd,ready_to_drink,5.14,6.91,6.69,8.66,33.7,1,1,1,1,1,8.64,7,promotion,membership coupons can increase repeat purchase,4,Eco Advocates
R003490,value_seekers,37,8984.25,tier_2,tmall,ready_to_drink,7.44,7.8,5.13,4.37,23.9,1,1,1,0,1,7.08,6,price,discount bundles make me more willing to buy,2,Value Seekers
R003491,eco_advocates,36,16565.86,new_tier_1,tmall,personal_care,5.61,7.53,5.68,9.91,30.73,1,1,1,1,2,10.0,10,sustainability,low carbon packaging would improve brand impression,4,Eco Advocates
R003492,new_explorers,37,21105.4,new_tier_1,douyin,personal_care,6.95,7.84,5.76,7.04,28.7,0,1,1,1,2,10.0,10,promotion,livestream promotion helps me discover new products,1,Quality Loyalists
R003493,convenience_first,43,11072.21,new_tier_1,douyin,personal_care,5.02,8.14,8.9,5.55,24.15,0,1,1,1,5,10.0,9,price,discount bundles make me more willing to buy,3,Convenience Driven
R003494,value_seekers,23,12190.18,tier_1,tmall,ready_to_drink,9.5,6.58,5.66,3.91,16.81,1,1,1,1,3,7.49,10,price,discount bundles make me more willing to buy,0,High Value Fans
R003495,convenience_first,37,8405.31,tier_3_plus,xiaohongshu,personal_care,6.24,6.39,8.87,6.07,20.68,0,0,0,0,0,5.69,6,delivery,delivery speed affects whether I choose the brand,2,Value Seekers
R003496,quality_first,51,8790.15,new_tier_1,douyin,home_cleaning,5.15,9.52,6.91,6.38,32.6,1,1,1,1,3,9.95,10,price,the price feels high without promotion,1,Quality Loyalists
R003497,new_explorers,30,5306.21,new_tier_1,offline_supermarket,ready_to_drink,8.38,9.67,6.14,4.72,27.05,0,0,0,0,0,6.86,7,delivery,delivery speed affects whether I choose the brand,2,Value Seekers
R003498,convenience_first,25,10283.28,tier_1,douyin,home_cleaning,6.74,6.49,8.62,4.46,24.75,0,0,0,1,2,7.19,7,price,I compare price across platforms before purchase,3,Convenience Driven
R003499,quality_first,34,16418.27,tier_2,jd,home_cleaning,4.97,8.58,5.68,8.27,31.34,1,1,1,1,1,10.0,10,packaging,the packaging is convenient but could look more premium,4,Eco Advocates
R003500,quality_first,48,7174.06,tier_3_plus,jd,healthy_snack,4.4,8.83,6.75,7.15,34.67,0,0,0,0,0,7.85,7,packaging,portable packaging is useful for work and travel,1,Quality Loyalists
R003501,quality_first,18,9200.54,new_tier_1,offline_supermarket,personal_care,5.16,8.33,6.85,5.8,39.1,0,1,1,1,1,7.59,6,delivery,delivery speed affects whether I choose the brand,1,Quality Loyalists
R003502,new_explorers,38,16236.09,tier_3_plus,tmall,home_cleaning,5.7,5.0,5.3,8.33,21.82,0,0,0,0,1,8.9,9,promotion,membership coupons can increase repeat purchase,0,High Value Fans
R003503,convenience_first,19,25708.39,tier_3_plus,offline_supermarket,home_cleaning,5.0,8.59,10.0,6.48,30.68,1,1,0,0,0,10.0,10,sustainability,sustainability claims need to be more credible,3,Convenience Driven
R003504,eco_advocates,26,7486.07,tier_3_plus,tmall,healthy_snack,6.99,8.49,6.2,8.38,35.23,1,1,1,1,2,9.93,10,packaging,the package design should show product benefits more clearly,4,Eco Advocates
R003505,convenience_first,30,6438.67,new_tier_1,offline_supermarket,healthy_snack,5.78,7.06,8.32,6.42,20.75,0,0,1,1,4,10.0,10,delivery,delivery speed affects whether I choose the brand,3,Convenience Driven
R003506,value_seekers,21,13598.49,tier_1,jd,personal_care,8.66,7.69,5.69,5.03,27.7,0,1,1,1,4,6.34,5,promotion,KOL reviews are useful but need to be authentic,2,Value Seekers
R003507,convenience_first,35,5657.46,tier_2,tmall,home_cleaning,4.75,8.57,9.83,5.25,27.98,1,1,1,1,3,10.0,10,promotion,KOL reviews are useful but need to be authentic,3,Convenience Driven
R003508,value_seekers,20,12364.99,tier_3_plus,jd,personal_care,8.04,7.23,5.8,4.81,14.1,0,0,0,1,2,9.03,10,delivery,offline availability is not always convenient,0,High Value Fans
R003509,value_seekers,22,6164.0,new_tier_1,private_domain,healthy_snack,9.26,5.8,5.46,5.62,16.03,0,1,0,0,1,6.25,5,packaging,the package design should show product benefits more clearly,2,Value Seekers
R003510,quality_first,38,11988.79,tier_3_plus,tmall,personal_care,3.96,9.52,7.22,5.08,34.13,0,0,1,1,2,9.28,8,promotion,KOL reviews are useful but need to be authentic,1,Quality Loyalists
R003511,convenience_first,43,8032.98,tier_3_plus,tmall,home_cleaning,4.92,7.11,9.71,5.61,27.12,0,1,1,1,5,9.8,9,price,the price feels high without promotion,3,Convenience Driven
R003512,convenience_first,38,7808.65,tier_2,tmall,ready_to_drink,4.85,5.26,9.37,6.19,26.57,1,1,1,1,7,9.54,8,quality,the product quality is stable and trustworthy,3,Convenience Driven
R003513,new_explorers,35,13264.54,tier_3_plus,douyin,ready_to_drink,7.47,7.0,6.08,6.87,24.4,1,1,1,1,0,8.71,9,promotion,KOL reviews are useful but need to be authentic,0,High Value Fans
R003514,quality_first,32,11264.36,tier_2,douyin,healthy_snack,3.97,10.0,7.23,6.14,39.27,1,1,1,0,1,10.0,9,quality,I care about ingredients and product safety,1,Quality Loyalists
R003515,eco_advocates,35,8173.79,tier_3_plus,douyin,personal_care,5.75,7.2,6.25,10.0,36.2,0,0,1,1,4,8.68,8,promotion,membership coupons can increase repeat purchase,4,Eco Advocates
R003516,quality_first,32,7788.04,tier_1,offline_supermarket,healthy_snack,4.29,7.8,5.96,5.29,27.15,0,1,1,1,4,9.24,9,packaging,portable packaging is useful for work and travel,1,Quality Loyalists
R003517,eco_advocates,33,4960.15,tier_3_plus,tmall,ready_to_drink,4.09,8.22,7.8,9.48,32.48,0,1,1,1,2,7.85,7,sustainability,low carbon packaging would improve brand impression,4,Eco Advocates
R003518,convenience_first,38,11473.25,new_tier_1,jd,ready_to_drink,5.45,6.59,8.75,4.08,26.56,1,1,1,1,1,10.0,9,delivery,offline availability is not always convenient,3,Convenience Driven
R003519,quality_first,41,13865.67,new_tier_1,xiaohongshu,healthy_snack,4.68,9.28,5.9,6.54,33.7,1,1,1,1,4,10.0,10,delivery,offline availability is not always convenient,1,Quality Loyalists
R003520,quality_first,20,20873.53,tier_3_plus,tmall,home_cleaning,4.12,9.82,6.5,7.4,32.19,1,1,1,0,1,8.51,9,delivery,delivery speed affects whether I choose the brand,1,Quality Loyalists
R003521,quality_first,22,8000.4,tier_2,xiaohongshu,ready_to_drink,4.53,9.22,6.79,5.7,35.93,0,1,1,1,7,10.0,10,delivery,offline availability is not always convenient,1,Quality Loyalists
R003522,convenience_first,18,16478.84,tier_3_plus,jd,ready_to_drink,5.21,8.18,10.0,5.19,26.28,1,1,1,1,4,10.0,9,price,I compare price across platforms before purchase,3,Convenience Driven
R003523,eco_advocates,40,8778.48,tier_1,tmall,healthy_snack,5.5,7.52,7.91,7.03,32.04,1,1,1,1,3,9.89,10,sustainability,low carbon packaging would improve brand impression,1,Quality Loyalists
R003524,value_seekers,31,8428.8,tier_3_plus,tmall,ready_to_drink,8.37,7.42,6.51,4.77,21.41,1,1,1,1,3,5.41,6,price,the price feels high without promotion,2,Value Seekers
R003525,quality_first,27,14019.28,tier_2,xiaohongshu,healthy_snack,4.19,9.55,6.9,7.08,40.23,0,0,0,0,0,9.8,10,quality,I care about ingredients and product safety,1,Quality Loyalists
R003526,eco_advocates,28,20227.22,new_tier_1,tmall,home_cleaning,4.58,5.9,6.76,6.64,27.57,1,1,1,1,7,10.0,9,sustainability,I prefer brands with recyclable packaging,3,Convenience Driven
R003527,quality_first,29,10834.57,tier_1,offline_supermarket,ready_to_drink,5.88,8.02,6.35,7.93,30.43,1,1,0,0,0,9.06,9,quality,quality improvement would make me repurchase more often,4,Eco Advocates
R003528,convenience_first,37,4662.11,new_tier_1,douyin,home_cleaning,5.15,6.92,9.06,5.39,25.77,0,0,0,0,0,7.29,8,sustainability,I prefer brands with recyclable packaging,3,Convenience Driven
R003529,new_explorers,29,4815.62,tier_2,douyin,healthy_snack,6.23,5.71,6.43,7.01,24.58,1,0,0,0,1,7.46,7,quality,quality improvement would make me repurchase more often,0,High Value Fans
R003530,convenience_first,46,30918.5,tier_3_plus,private_domain,ready_to_drink,4.84,7.36,9.94,4.84,30.9,1,0,0,0,0,9.21,6,delivery,stockouts make me switch to other brands,3,Convenience Driven
R003531,eco_advocates,43,11666.69,tier_2,private_domain,healthy_snack,6.08,9.61,7.18,8.98,39.93,1,0,0,0,1,8.58,8,promotion,KOL reviews are useful but need to be authentic,4,Eco Advocates
R003532,value_seekers,36,33335.24,new_tier_1,jd,healthy_snack,7.9,5.92,5.23,4.71,24.39,1,1,1,0,0,6.05,6,price,the price feels high without promotion,2,Value Seekers
R003533,convenience_first,26,17981.06,tier_3_plus,private_domain,personal_care,6.05,5.89,10.0,5.06,29.95,1,1,1,1,4,8.78,8,quality,I care about ingredients and product safety,3,Convenience Driven
R003534,convenience_first,32,7664.76,new_tier_1,jd,healthy_snack,5.96,6.88,9.62,5.02,19.27,0,0,1,1,3,10.0,10,quality,quality improvement would make me repurchase more often,3,Convenience Driven
R003535,convenience_first,35,8272.81,tier_1,private_domain,healthy_snack,6.42,6.89,9.24,3.78,22.15,0,1,1,1,1,8.04,8,delivery,delivery speed affects whether I choose the brand,3,Convenience Driven
R003536,value_seekers,36,9343.9,tier_2,xiaohongshu,personal_care,7.9,7.06,6.65,5.42,18.12,1,1,1,1,4,8.65,7,price,the price feels high without promotion,0,High Value Fans
R003537,value_seekers,35,7182.7,new_tier_1,private_domain,personal_care,8.61,6.7,4.82,5.16,16.32,1,1,1,1,4,8.02,7,price,discount bundles make me more willing to buy,0,High Value Fans
R003538,convenience_first,34,11968.32,tier_1,jd,home_cleaning,5.33,8.28,7.43,5.3,24.27,0,0,0,1,6,10.0,9,delivery,delivery speed affects whether I choose the brand,3,Convenience Driven
R003539,value_seekers,35,7071.52,tier_3_plus,private_domain,personal_care,8.59,6.11,6.15,5.28,21.18,1,0,0,0,1,4.95,4,price,I compare price across platforms before purchase,2,Value Seekers
R003540,convenience_first,40,13350.25,tier_2,tmall,home_cleaning,4.82,7.63,9.98,4.72,29.9,1,1,1,0,0,7.34,7,packaging,the packaging is convenient but could look more premium,3,Convenience Driven
R003541,convenience_first,29,16235.59,tier_3_plus,xiaohongshu,healthy_snack,6.21,6.46,7.87,5.92,31.39,0,0,0,0,0,8.74,10,delivery,offline availability is not always convenient,3,Convenience Driven
R003542,new_explorers,27,9727.88,tier_1,jd,healthy_snack,6.41,7.2,4.97,6.04,22.78,1,0,0,0,1,7.09,5,quality,the product quality is stable and trustworthy,2,Value Seekers
R003543,new_explorers,33,13681.95,tier_3_plus,xiaohongshu,ready_to_drink,5.16,6.66,6.2,5.51,23.68,1,1,1,0,2,8.31,7,promotion,KOL reviews are useful but need to be authentic,0,High Value Fans
R003544,convenience_first,28,9677.06,tier_2,offline_supermarket,healthy_snack,4.65,6.32,8.77,5.51,21.76,1,0,0,0,0,9.22,10,delivery,stockouts make me switch to other brands,3,Convenience Driven
R003545,new_explorers,27,14937.17,tier_3_plus,tmall,ready_to_drink,7.31,5.91,6.66,6.02,24.1,1,1,1,1,3,8.51,7,quality,quality improvement would make me repurchase more often,0,High Value Fans
R003546,convenience_first,30,19671.05,tier_2,offline_supermarket,healthy_snack,4.2,7.13,9.22,6.13,28.86,1,1,1,1,6,9.72,10,packaging,portable packaging is useful for work and travel,3,Convenience Driven
R003547,convenience_first,28,11405.1,tier_3_plus,jd,home_cleaning,5.88,7.49,7.93,5.18,29.35,1,1,1,1,2,8.87,9,quality,I care about ingredients and product safety,3,Convenience Driven
R003548,quality_first,33,17669.07,tier_2,douyin,healthy_snack,4.92,8.86,6.93,6.38,31.79,0,1,1,1,5,10.0,9,delivery,offline availability is not always convenient,1,Quality Loyalists
R003549,eco_advocates,34,17777.53,tier_2,private_domain,healthy_snack,4.58,7.17,4.15,8.84,32.93,0,1,0,0,0,5.97,6,delivery,stockouts make me switch to other brands,4,Eco Advocates
R003550,value_seekers,32,8602.41,tier_1,private_domain,personal_care,9.15,5.69,5.37,4.94,20.56,1,1,1,1,1,7.0,7,price,discount bundles make me more willing to buy,2,Value Seekers
R003551,value_seekers,33,14074.08,new_tier_1,douyin,ready_to_drink,7.98,6.06,4.7,4.41,22.42,1,1,1,1,5,6.44,7,promotion,KOL reviews are useful but need to be authentic,2,Value Seekers
R003552,convenience_first,32,19063.12,new_tier_1,douyin,ready_to_drink,4.1,6.58,9.6,5.1,26.65,1,1,1,1,2,7.55,8,price,I compare price across platforms before purchase,3,Convenience Driven
R003553,eco_advocates,32,11667.02,new_tier_1,douyin,ready_to_drink,5.61,6.57,5.7,9.48,33.18,1,1,1,1,5,10.0,9,delivery,delivery speed affects whether I choose the brand,4,Eco Advocates
R003554,value_seekers,28,8045.25,tier_2,offline_supermarket,ready_to_drink,9.39,6.45,5.51,3.21,16.08,1,0,0,0,0,5.39,5,quality,the product quality is stable and trustworthy,2,Value Seekers
R003555,new_explorers,27,4936.27,tier_1,tmall,ready_to_drink,6.34,6.82,6.52,5.1,17.86,1,1,1,1,6,8.58,8,promotion,KOL reviews are useful but need to be authentic,0,High Value Fans
R003556,eco_advocates,25,12563.16,new_tier_1,jd,personal_care,5.68,8.69,5.62,9.56,37.18,1,1,0,0,0,9.28,7,packaging,the package design should show product benefits more clearly,4,Eco Advocates
R003557,value_seekers,28,15032.13,new_tier_1,douyin,home_cleaning,9.02,6.05,4.83,6.3,17.73,1,1,1,1,3,5.3,5,price,I compare price across platforms before purchase,2,Value Seekers
R003558,eco_advocates,33,8220.86,tier_2,tmall,healthy_snack,5.4,8.83,6.78,10.0,31.56,1,1,1,1,5,9.54,10,sustainability,sustainability claims need to be more credible,4,Eco Advocates
R003559,value_seekers,30,12761.13,new_tier_1,private_domain,home_cleaning,7.41,7.0,6.53,3.7,17.53,1,1,1,1,5,8.62,9,price,discount bundles make me more willing to buy,0,High Value Fans
R003560,eco_advocates,29,9601.56,tier_1,jd,ready_to_drink,6.88,7.68,7.0,6.88,36.32,0,0,0,0,0,9.01,8,sustainability,low carbon packaging would improve brand impression,4,Eco Advocates
R003561,quality_first,28,11010.08,tier_2,offline_supermarket,ready_to_drink,3.7,7.94,8.81,7.67,24.48,1,1,1,1,6,10.0,10,promotion,livestream promotion helps me discover new products,3,Convenience Driven
R003562,value_seekers,29,20180.01,tier_3_plus,offline_supermarket,healthy_snack,9.77,5.05,5.95,4.86,22.41,1,1,1,1,4,5.7,6,promotion,livestream promotion helps me discover new products,2,Value Seekers
R003563,quality_first,30,5266.97,tier_1,private_domain,ready_to_drink,5.07,10.0,7.18,6.74,30.67,0,1,0,0,0,8.62,8,delivery,delivery speed affects whether I choose the brand,1,Quality Loyalists
R003564,convenience_first,28,16325.62,tier_1,douyin,healthy_snack,4.27,5.56,8.95,5.02,31.4,0,0,1,1,3,9.54,10,promotion,KOL reviews are useful but need to be authentic,3,Convenience Driven
R003565,convenience_first,21,26268.36,tier_3_plus,douyin,healthy_snack,5.19,6.31,8.33,5.53,36.84,1,0,0,1,6,8.78,10,sustainability,sustainability claims need to be more credible,3,Convenience Driven
R003566,quality_first,22,7773.37,tier_2,xiaohongshu,personal_care,5.52,9.6,6.28,6.31,28.57,1,1,1,1,6,8.72,9,delivery,stockouts make me switch to other brands,1,Quality Loyalists
R003567,eco_advocates,23,18117.25,new_tier_1,douyin,ready_to_drink,4.55,5.75,5.48,6.79,36.58,0,0,0,0,1,7.06,7,quality,the product quality is stable and trustworthy,4,Eco Advocates
R003568,quality_first,38,11854.16,new_tier_1,douyin,ready_to_drink,5.33,9.28,5.5,7.16,31.16,1,1,1,1,4,10.0,9,quality,quality improvement would make me repurchase more often,1,Quality Loyalists
R003569,quality_first,40,7574.18,tier_1,jd,ready_to_drink,6.47,9.95,5.57,5.51,27.93,1,1,1,1,1,9.02,10,packaging,portable packaging is useful for work and travel,1,Quality Loyalists
R003570,convenience_first,28,10928.52,tier_2,jd,personal_care,4.35,7.29,7.3,5.14,25.22,1,1,1,1,5,10.0,10,promotion,membership coupons can increase repeat purchase,3,Convenience Driven
R003571,eco_advocates,19,8432.32,tier_3_plus,tmall,healthy_snack,4.2,7.67,7.29,8.94,35.66,1,1,1,1,4,10.0,9,packaging,portable packaging is useful for work and travel,4,Eco Advocates
R003572,new_explorers,30,5977.29,new_tier_1,offline_supermarket,personal_care,7.94,6.43,7.68,7.45,21.84,1,0,0,0,0,7.48,7,price,I compare price across platforms before purchase,0,High Value Fans
R003573,value_seekers,23,19642.13,tier_2,xiaohongshu,home_cleaning,9.93,6.48,6.65,5.98,18.35,1,1,0,1,1,8.76,8,price,discount bundles make me more willing to buy,0,High Value Fans
R003574,new_explorers,20,13017.71,tier_3_plus,douyin,personal_care,6.58,7.52,5.39,6.74,21.9,0,1,1,0,0,7.1,8,price,I compare price across platforms before purchase,0,High Value Fans
R003575,value_seekers,18,5638.2,tier_2,xiaohongshu,healthy_snack,8.56,5.76,5.5,4.75,16.82,1,1,1,1,5,5.99,5,price,I compare price across platforms before purchase,2,Value Seekers
R003576,value_seekers,36,20168.72,tier_2,xiaohongshu,healthy_snack,6.91,7.36,5.74,4.5,24.29,1,1,1,1,3,8.4,4,price,I compare price across platforms before purchase,2,Value Seekers
R003577,convenience_first,28,6820.62,tier_1,offline_supermarket,home_cleaning,6.7,6.83,8.14,6.83,29.51,1,1,1,0,2,8.77,9,promotion,KOL reviews are useful but need to be authentic,3,Convenience Driven
R003578,value_seekers,31,6545.34,new_tier_1,offline_supermarket,personal_care,8.54,5.98,6.58,4.93,15.05,0,1,1,1,3,6.95,7,price,discount bundles make me more willing to buy,2,Value Seekers
R003579,convenience_first,44,9444.43,new_tier_1,douyin,home_cleaning,6.38,6.94,8.46,5.71,30.28,0,1,1,1,3,9.02,9,price,discount bundles make me more willing to buy,3,Convenience Driven
R003580,quality_first,19,11263.96,tier_2,private_domain,ready_to_drink,4.89,7.32,6.29,6.46,30.9,1,1,1,1,2,8.8,8,quality,quality improvement would make me repurchase more often,1,Quality Loyalists
R003581,new_explorers,26,13971.72,new_tier_1,private_domain,home_cleaning,6.06,7.44,6.12,6.04,21.28,0,0,0,1,2,10.0,10,sustainability,I prefer brands with recyclable packaging,0,High Value Fans
R003582,eco_advocates,35,12098.54,tier_3_plus,tmall,home_cleaning,6.19,6.7,7.04,8.27,31.94,1,1,1,1,5,8.68,9,delivery,delivery speed affects whether I choose the brand,4,Eco Advocates
R003583,quality_first,36,8418.55,tier_1,jd,personal_care,5.19,8.54,6.81,7.44,29.16,0,0,0,1,4,9.31,6,delivery,delivery speed affects whether I choose the brand,1,Quality Loyalists
R003584,convenience_first,37,9754.88,tier_2,xiaohongshu,ready_to_drink,6.09,6.78,9.08,7.04,26.43,1,1,1,1,6,8.17,7,promotion,livestream promotion helps me discover new products,3,Convenience Driven
R003585,value_seekers,21,10819.47,tier_2,xiaohongshu,personal_care,7.76,6.66,7.08,5.73,17.51,1,1,0,1,2,7.17,8,price,discount bundles make me more willing to buy,0,High Value Fans
R003586,convenience_first,45,11170.93,tier_2,offline_supermarket,healthy_snack,4.94,6.84,7.5,5.54,25.0,1,1,1,1,3,7.92,7,delivery,delivery speed affects whether I choose the brand,3,Convenience Driven
R003587,eco_advocates,18,18469.53,tier_2,tmall,healthy_snack,6.56,7.76,6.52,9.9,30.27,0,0,0,0,0,8.56,7,sustainability,sustainability claims need to be more credible,4,Eco Advocates
R003588,convenience_first,32,9057.33,new_tier_1,douyin,home_cleaning,5.83,7.06,9.18,5.37,22.7,1,1,1,1,4,7.99,6,delivery,stockouts make me switch to other brands,3,Convenience Driven
R003589,quality_first,33,6576.62,new_tier_1,xiaohongshu,ready_to_drink,6.64,8.84,6.58,5.18,36.79,1,1,0,0,1,9.4,10,packaging,the package design should show product benefits more clearly,1,Quality Loyalists
R003590,value_seekers,53,18371.85,tier_2,tmall,healthy_snack,9.09,6.84,6.43,4.58,19.17,1,1,1,1,3,9.13,9,promotion,membership coupons can increase repeat purchase,0,High Value Fans
R003591,quality_first,29,10329.66,tier_2,tmall,home_cleaning,4.36,10.0,6.78,6.87,35.62,0,1,1,1,2,10.0,10,price,the price feels high without promotion,1,Quality Loyalists
R003592,eco_advocates,39,11944.64,tier_2,jd,personal_care,4.97,8.07,7.99,8.99,31.11,1,1,1,1,5,9.89,10,quality,quality improvement would make me repurchase more often,4,Eco Advocates
R003593,eco_advocates,38,7637.14,tier_2,jd,ready_to_drink,4.93,6.64,6.7,8.49,26.53,0,1,1,1,6,9.67,10,sustainability,sustainability claims need to be more credible,4,Eco Advocates
R003594,value_seekers,30,8012.39,new_tier_1,offline_supermarket,personal_care,10.0,7.4,4.86,5.73,11.65,0,0,0,0,1,7.66,10,price,the price feels high without promotion,0,High Value Fans
R003595,quality_first,33,5805.86,tier_2,douyin,ready_to_drink,6.33,9.33,5.9,4.96,30.06,0,0,0,1,2,8.8,7,packaging,the package design should show product benefits more clearly,1,Quality Loyalists
R003596,quality_first,27,9666.37,new_tier_1,xiaohongshu,ready_to_drink,5.34,7.86,7.8,6.29,33.7,1,0,1,1,3,8.57,9,packaging,portable packaging is useful for work and travel,1,Quality Loyalists
R003597,quality_first,34,18626.47,tier_1,xiaohongshu,ready_to_drink,3.78,8.59,5.22,6.19,34.35,0,0,1,1,3,8.15,8,quality,the product quality is stable and trustworthy,1,Quality Loyalists
R003598,new_explorers,29,9037.47,tier_1,tmall,healthy_snack,7.28,7.77,7.49,6.94,11.64,0,1,0,0,1,8.5,8,delivery,stockouts make me switch to other brands,0,High Value Fans
R003599,eco_advocates,26,8366.4,tier_2,jd,ready_to_drink,5.13,7.59,5.61,9.08,38.66,0,1,1,1,8,8.58,10,promotion,membership coupons can increase repeat purchase,4,Eco Advocates
R003600,value_seekers,36,8823.89,tier_3_plus,xiaohongshu,personal_care,8.68,7.81,6.11,4.99,12.06,0,1,0,0,2,6.5,5,price,discount bundles make me more willing to buy,2,Value Seekers
R003601,convenience_first,28,12153.39,new_tier_1,jd,home_cleaning,5.46,7.57,9.1,4.79,27.69,0,0,1,1,3,8.92,10,delivery,delivery speed affects whether I choose the brand,3,Convenience Driven
R003602,value_seekers,18,17162.12,tier_3_plus,tmall,personal_care,8.08,6.72,6.1,6.58,21.46,1,1,0,0,0,7.44,5,packaging,portable packaging is useful for work and travel,2,Value Seekers
R003603,quality_first,18,9446.62,new_tier_1,jd,healthy_snack,5.8,9.29,5.38,7.03,35.31,1,1,1,1,4,8.69,10,quality,I care about ingredients and product safety,1,Quality Loyalists
R003604,convenience_first,25,18087.13,new_tier_1,xiaohongshu,home_cleaning,7.21,6.77,7.34,4.68,26.83,0,0,0,0,0,6.78,7,delivery,offline availability is not always convenient,2,Value Seekers
R003605,quality_first,45,7995.87,new_tier_1,douyin,ready_to_drink,5.59,8.08,7.16,6.17,30.7,0,0,0,1,3,10.0,10,packaging,the package design should show product benefits more clearly,1,Quality Loyalists
R003606,quality_first,37,8686.06,tier_2,jd,personal_care,4.5,7.72,6.92,6.54,30.0,1,1,1,1,4,8.47,6,promotion,membership coupons can increase repeat purchase,1,Quality Loyalists
R003607,convenience_first,23,3183.69,new_tier_1,xiaohongshu,personal_care,5.72,6.14,10.0,6.4,26.63,1,0,0,0,0,7.94,6,quality,I care about ingredients and product safety,3,Convenience Driven
R003608,value_seekers,28,5109.37,tier_2,offline_supermarket,home_cleaning,8.75,5.75,5.5,3.43,16.38,1,1,0,0,0,6.73,7,packaging,portable packaging is useful for work and travel,2,Value Seekers
R003609,value_seekers,39,12577.27,tier_2,douyin,personal_care,8.77,6.85,6.93,5.0,14.64,1,1,1,1,4,8.04,8,price,discount bundles make me more willing to buy,0,High Value Fans
R003610,convenience_first,27,5262.75,tier_3_plus,douyin,healthy_snack,4.89,7.11,9.69,4.79,32.77,1,1,1,1,3,10.0,10,sustainability,I prefer brands with recyclable packaging,3,Convenience Driven
R003611,convenience_first,43,8712.37,tier_3_plus,jd,ready_to_drink,4.44,5.92,8.8,5.35,32.1,0,0,0,0,0,7.77,7,delivery,delivery speed affects whether I choose the brand,3,Convenience Driven
R003612,new_explorers,43,15623.1,new_tier_1,jd,personal_care,5.59,5.98,5.62,6.39,24.71,1,1,1,1,9,8.58,7,price,the price feels high without promotion,0,High Value Fans
R003613,value_seekers,18,3638.97,tier_3_plus,douyin,healthy_snack,7.7,6.37,5.2,5.39,12.52,0,0,0,0,0,7.7,7,promotion,livestream promotion helps me discover new products,2,Value Seekers
R003614,new_explorers,34,7185.29,tier_2,jd,personal_care,7.46,6.4,6.23,5.5,24.07,1,0,0,0,2,6.25,6,promotion,KOL reviews are useful but need to be authentic,2,Value Seekers
R003615,value_seekers,28,6775.74,tier_2,tmall,healthy_snack,8.04,6.65,5.06,4.75,12.42,1,1,0,0,1,8.76,10,price,discount bundles make me more willing to buy,0,High Value Fans
R003616,eco_advocates,33,5709.53,new_tier_1,tmall,healthy_snack,4.17,8.14,5.68,7.28,35.76,0,0,1,1,6,9.44,9,price,the price feels high without promotion,1,Quality Loyalists
R003617,quality_first,22,7308.2,tier_2,douyin,home_cleaning,6.01,7.75,6.83,6.14,35.64,0,0,0,1,0,8.01,9,quality,quality improvement would make me repurchase more often,1,Quality Loyalists
R003618,new_explorers,38,16824.32,new_tier_1,jd,healthy_snack,5.99,7.66,6.23,7.33,22.11,0,0,0,1,2,10.0,9,packaging,the packaging is convenient but could look more premium,1,Quality Loyalists
R003619,value_seekers,25,8337.69,new_tier_1,douyin,ready_to_drink,9.39,6.66,6.82,5.62,14.71,1,1,1,1,0,7.03,6,promotion,livestream promotion helps me discover new products,2,Value Seekers
R003620,value_seekers,36,5276.09,new_tier_1,offline_supermarket,healthy_snack,8.91,5.77,5.94,5.59,18.15,1,1,1,0,3,6.14,5,price,the price feels high without promotion,2,Value Seekers
R003621,convenience_first,36,7056.14,tier_2,douyin,personal_care,5.06,5.75,9.49,4.03,25.89,1,1,1,1,8,7.94,8,quality,the product quality is stable and trustworthy,3,Convenience Driven
R003622,eco_advocates,34,10492.35,tier_1,douyin,ready_to_drink,5.05,7.0,7.33,7.47,36.6,0,1,0,1,7,10.0,10,sustainability,sustainability claims need to be more credible,4,Eco Advocates
R003623,eco_advocates,41,5314.9,new_tier_1,private_domain,healthy_snack,5.83,8.3,6.86,8.68,37.24,0,0,0,0,0,8.68,8,sustainability,low carbon packaging would improve brand impression,4,Eco Advocates
R003624,new_explorers,28,19223.69,tier_2,offline_supermarket,healthy_snack,5.52,5.48,7.15,5.3,28.49,0,0,0,0,1,6.81,6,quality,I care about ingredients and product safety,2,Value Seekers
R003625,eco_advocates,44,12824.73,tier_3_plus,jd,ready_to_drink,5.42,8.01,6.45,9.08,36.14,1,1,1,1,2,9.54,10,sustainability,low carbon packaging would improve brand impression,4,Eco Advocates
R003626,new_explorers,21,17401.73,tier_1,jd,personal_care,7.23,6.95,6.66,6.42,18.95,0,0,1,1,4,7.08,7,quality,the product quality is stable and trustworthy,0,High Value Fans
R003627,value_seekers,25,15449.5,tier_2,tmall,ready_to_drink,9.01,8.21,6.54,6.34,21.17,1,1,0,1,5,8.02,8,packaging,portable packaging is useful for work and travel,0,High Value Fans
R003628,quality_first,44,12033.49,new_tier_1,tmall,healthy_snack,4.82,8.01,6.51,6.46,29.25,1,1,1,1,5,8.61,9,packaging,portable packaging is useful for work and travel,1,Quality Loyalists
R003629,value_seekers,38,17001.68,new_tier_1,offline_supermarket,home_cleaning,9.01,5.97,5.99,5.03,13.95,1,1,0,0,0,6.75,9,price,the price feels high without promotion,0,High Value Fans
R003630,eco_advocates,23,14350.95,new_tier_1,tmall,ready_to_drink,4.94,8.69,6.74,10.0,37.23,0,0,0,1,5,10.0,10,quality,quality improvement would make me repurchase more often,4,Eco Advocates
R003631,quality_first,33,13182.75,tier_2,jd,healthy_snack,4.93,9.44,6.69,5.9,30.62,1,1,1,1,5,9.94,9,quality,I care about ingredients and product safety,1,Quality Loyalists
R003632,convenience_first,35,14647.51,new_tier_1,offline_supermarket,ready_to_drink,5.11,7.13,9.59,6.56,28.1,1,1,0,0,1,9.16,9,packaging,the packaging is convenient but could look more premium,3,Convenience Driven
R003633,quality_first,35,5123.69,tier_1,tmall,home_cleaning,5.02,7.63,6.33,5.51,26.95,0,1,1,1,4,8.28,8,promotion,KOL reviews are useful but need to be authentic,1,Quality Loyalists
R003634,new_explorers,18,13254.37,tier_1,offline_supermarket,home_cleaning,6.3,6.42,6.74,5.15,23.36,1,1,0,0,1,5.16,4,promotion,membership coupons can increase repeat purchase,2,Value Seekers
R003635,quality_first,23,11444.17,tier_3_plus,tmall,personal_care,4.84,9.01,6.38,4.58,34.89,0,1,1,1,4,7.9,6,promotion,KOL reviews are useful but need to be authentic,1,Quality Loyalists
R003636,value_seekers,31,13078.37,tier_1,douyin,ready_to_drink,7.22,5.34,6.2,3.97,21.95,1,1,1,1,6,8.26,6,price,I compare price across platforms before purchase,0,High Value Fans
R003637,value_seekers,34,5435.26,tier_1,douyin,personal_care,8.75,6.64,6.42,5.65,18.26,1,1,1,1,4,6.87,5,quality,I care about ingredients and product safety,2,Value Seekers
R003638,convenience_first,29,14954.94,new_tier_1,xiaohongshu,ready_to_drink,4.21,7.67,8.51,5.86,25.37,1,1,0,1,6,10.0,8,promotion,livestream promotion helps me discover new products,3,Convenience Driven
R003639,convenience_first,33,15905.47,tier_1,tmall,home_cleaning,5.43,7.65,8.95,5.91,32.04,0,1,1,1,4,8.51,7,delivery,stockouts make me switch to other brands,3,Convenience Driven
R003640,eco_advocates,28,8772.37,tier_2,jd,healthy_snack,6.29,6.31,8.6,8.4,34.41,1,1,0,0,0,8.03,7,promotion,KOL reviews are useful but need to be authentic,4,Eco Advocates
R003641,value_seekers,35,10775.3,tier_2,xiaohongshu,healthy_snack,9.49,6.66,5.8,4.35,18.21,1,0,1,1,0,6.92,5,packaging,the package design should show product benefits more clearly,2,Value Seekers
R003642,value_seekers,21,33748.52,new_tier_1,xiaohongshu,home_cleaning,8.66,6.44,6.6,4.99,20.84,1,0,0,1,1,7.06,6,quality,the product quality is stable and trustworthy,2,Value Seekers
R003643,quality_first,33,20401.69,tier_1,offline_supermarket,home_cleaning,6.0,9.25,6.1,5.21,35.17,1,1,0,1,6,10.0,7,quality,the product quality is stable and trustworthy,1,Quality Loyalists
R003644,value_seekers,35,5742.82,tier_2,tmall,ready_to_drink,9.29,5.63,6.3,4.88,12.28,0,1,1,0,0,5.02,6,price,discount bundles make me more willing to buy,2,Value Seekers
R003645,convenience_first,37,6657.44,tier_3_plus,offline_supermarket,ready_to_drink,5.41,5.93,10.0,5.03,31.43,1,1,0,0,1,7.25,7,delivery,offline availability is not always convenient,3,Convenience Driven
R003646,eco_advocates,31,7796.19,new_tier_1,offline_supermarket,healthy_snack,4.77,7.91,5.93,8.62,32.36,1,0,1,1,5,9.93,10,packaging,the package design should show product benefits more clearly,4,Eco Advocates
R003647,quality_first,29,7486.86,new_tier_1,jd,healthy_snack,4.98,8.85,6.12,7.89,33.65,0,1,1,1,10,10.0,10,price,discount bundles make me more willing to buy,1,Quality Loyalists
R003648,value_seekers,22,8281.18,new_tier_1,tmall,ready_to_drink,7.39,5.86,4.74,5.06,15.02,0,1,1,0,3,8.37,10,price,discount bundles make me more willing to buy,0,High Value Fans
R003649,new_explorers,40,8013.07,tier_2,offline_supermarket,ready_to_drink,6.43,6.54,6.15,7.01,22.79,1,0,0,1,4,10.0,10,promotion,livestream promotion helps me discover new products,0,High Value Fans
R003650,new_explorers,36,12885.46,tier_1,tmall,ready_to_drink,6.95,7.38,6.98,6.13,22.14,1,0,0,1,0,8.89,9,delivery,offline availability is not always convenient,0,High Value Fans
R003651,quality_first,24,9940.19,new_tier_1,jd,personal_care,5.3,8.09,6.08,7.19,29.12,1,1,1,1,4,9.41,9,quality,quality improvement would make me repurchase more often,1,Quality Loyalists
R003652,eco_advocates,36,9748.34,new_tier_1,offline_supermarket,healthy_snack,5.34,7.78,7.47,10.0,36.21,1,1,1,1,1,9.67,7,delivery,delivery speed affects whether I choose the brand,4,Eco Advocates
R003653,value_seekers,37,8707.7,new_tier_1,jd,ready_to_drink,8.82,6.55,6.94,5.32,18.67,1,1,1,1,5,6.79,8,price,discount bundles make me more willing to buy,0,High Value Fans
R003654,eco_advocates,20,9328.34,tier_1,xiaohongshu,healthy_snack,6.84,8.27,4.14,8.76,29.32,1,1,1,1,4,7.81,7,delivery,offline availability is not always convenient,4,Eco Advocates
R003655,value_seekers,24,7856.44,new_tier_1,tmall,personal_care,8.9,6.2,6.36,4.31,15.69,0,1,1,1,2,6.92,6,price,the price feels high without promotion,2,Value Seekers
R003656,eco_advocates,28,15556.67,tier_3_plus,jd,personal_care,6.64,8.61,7.93,9.27,28.06,1,1,1,1,2,10.0,10,promotion,membership coupons can increase repeat purchase,4,Eco Advocates
R003657,quality_first,39,11017.91,tier_3_plus,tmall,ready_to_drink,5.64,8.47,5.81,6.17,34.44,1,1,1,1,2,7.57,7,price,discount bundles make me more willing to buy,1,Quality Loyalists
R003658,convenience_first,47,9102.34,new_tier_1,private_domain,ready_to_drink,6.27,7.44,8.49,4.7,27.71,1,0,1,1,3,8.97,10,delivery,offline availability is not always convenient,3,Convenience Driven
R003659,convenience_first,42,9726.19,tier_3_plus,douyin,healthy_snack,5.15,7.83,9.86,6.33,27.61,1,1,0,1,2,9.36,10,quality,I care about ingredients and product safety,3,Convenience Driven
R003660,eco_advocates,35,11537.21,tier_2,tmall,healthy_snack,5.64,7.07,7.0,8.98,30.9,1,1,1,0,1,5.62,6,sustainability,low carbon packaging would improve brand impression,4,Eco Advocates
R003661,quality_first,29,8495.95,tier_2,offline_supermarket,personal_care,5.29,8.69,5.48,7.03,29.31,0,1,1,1,2,6.9,6,promotion,livestream promotion helps me discover new products,1,Quality Loyalists
R003662,convenience_first,28,8412.29,new_tier_1,xiaohongshu,home_cleaning,5.13,7.33,8.48,5.16,27.7,1,1,1,0,2,8.23,10,delivery,offline availability is not always convenient,3,Convenience Driven
R003663,value_seekers,25,9442.17,new_tier_1,xiaohongshu,ready_to_drink,9.81,6.9,5.84,5.1,16.18,0,0,0,1,2,8.85,10,promotion,livestream promotion helps me discover new products,0,High Value Fans
R003664,quality_first,27,11844.36,tier_3_plus,tmall,personal_care,5.11,9.13,7.44,7.56,34.0,1,1,0,0,0,6.63,6,quality,I care about ingredients and product safety,1,Quality Loyalists
R003665,quality_first,25,10852.61,tier_1,offline_supermarket,ready_to_drink,3.03,9.59,6.86,6.7,30.21,1,1,0,1,4,10.0,9,quality,I care about ingredients and product safety,1,Quality Loyalists
R003666,quality_first,39,7058.43,tier_2,douyin,home_cleaning,5.09,7.68,7.05,6.3,29.74,1,1,1,1,4,9.32,10,price,the price feels high without promotion,1,Quality Loyalists
R003667,convenience_first,41,6018.04,tier_1,offline_supermarket,personal_care,6.21,7.99,8.13,5.28,28.99,0,1,1,1,5,9.71,10,delivery,offline availability is not always convenient,3,Convenience Driven
R003668,new_explorers,40,4232.45,tier_3_plus,jd,ready_to_drink,6.65,7.2,6.93,7.2,18.19,1,1,0,0,1,8.57,9,delivery,delivery speed affects whether I choose the brand,0,High Value Fans
R003669,value_seekers,47,35790.4,new_tier_1,offline_supermarket,healthy_snack,7.64,6.34,4.71,4.57,17.91,1,1,1,1,4,5.58,6,promotion,membership coupons can increase repeat purchase,2,Value Seekers
R003670,quality_first,34,12997.7,tier_3_plus,douyin,personal_care,4.89,10.0,6.14,5.33,30.09,1,1,1,1,6,9.1,9,sustainability,sustainability claims need to be more credible,1,Quality Loyalists
R003671,value_seekers,47,7326.5,tier_2,tmall,healthy_snack,8.25,5.63,6.81,5.67,18.26,0,0,0,0,2,5.96,5,price,discount bundles make me more willing to buy,2,Value Seekers
R003672,value_seekers,37,20093.84,tier_1,offline_supermarket,home_cleaning,7.22,6.89,3.35,4.4,16.38,1,1,1,0,0,7.11,10,delivery,offline availability is not always convenient,0,High Value Fans
R003673,value_seekers,35,11578.39,tier_1,douyin,healthy_snack,8.76,6.64,5.73,6.44,15.79,0,1,0,0,0,6.83,6,packaging,portable packaging is useful for work and travel,2,Value Seekers
R003674,new_explorers,29,14554.43,tier_3_plus,xiaohongshu,ready_to_drink,6.89,6.54,7.21,5.5,23.49,0,1,1,1,2,9.56,10,price,I compare price across platforms before purchase,0,High Value Fans
R003675,eco_advocates,34,11822.81,tier_1,tmall,personal_care,6.18,7.42,6.98,9.04,30.14,1,0,0,0,0,8.3,10,sustainability,sustainability claims need to be more credible,4,Eco Advocates
R003676,value_seekers,24,13971.31,new_tier_1,private_domain,personal_care,7.83,7.32,7.66,5.57,20.36,1,1,1,1,2,10.0,10,quality,the product quality is stable and trustworthy,0,High Value Fans
R003677,eco_advocates,31,7755.87,tier_2,xiaohongshu,personal_care,6.47,7.0,6.41,7.1,30.14,1,1,1,0,1,8.03,7,sustainability,low carbon packaging would improve brand impression,4,Eco Advocates
R003678,value_seekers,28,14718.22,tier_3_plus,offline_supermarket,personal_care,8.0,8.44,6.82,4.19,21.47,1,0,1,1,4,7.56,5,sustainability,I prefer brands with recyclable packaging,2,Value Seekers
R003679,convenience_first,34,9868.2,tier_1,douyin,healthy_snack,6.76,8.79,9.06,5.98,24.92,0,0,1,1,3,10.0,10,price,I compare price across platforms before purchase,3,Convenience Driven
R003680,quality_first,36,21877.74,tier_3_plus,tmall,ready_to_drink,5.11,8.67,6.89,7.37,38.15,0,0,0,1,5,9.59,9,quality,quality improvement would make me repurchase more often,1,Quality Loyalists
R003681,eco_advocates,36,14276.55,tier_3_plus,offline_supermarket,ready_to_drink,4.81,7.33,7.59,9.67,35.0,0,1,1,1,3,8.85,10,sustainability,low carbon packaging would improve brand impression,4,Eco Advocates
R003682,convenience_first,34,18004.44,tier_2,douyin,ready_to_drink,4.63,6.64,7.46,6.34,26.87,1,1,1,0,1,6.06,4,price,the price feels high without promotion,2,Value Seekers
R003683,eco_advocates,29,8882.18,tier_2,xiaohongshu,personal_care,5.01,5.96,7.7,9.06,25.56,0,1,1,0,2,8.99,9,sustainability,I prefer brands with recyclable packaging,4,Eco Advocates
R003684,eco_advocates,18,5180.86,tier_2,private_domain,ready_to_drink,5.84,7.55,7.7,8.97,30.82,0,0,0,0,2,8.21,8,quality,I care about ingredients and product safety,4,Eco Advocates
R003685,new_explorers,41,12638.48,new_tier_1,douyin,personal_care,6.92,8.3,7.09,6.67,23.35,0,1,0,1,2,8.55,9,quality,the product quality is stable and trustworthy,0,High Value Fans
R003686,convenience_first,20,16429.43,tier_2,offline_supermarket,ready_to_drink,5.79,7.16,9.49,6.44,26.35,1,1,1,1,9,9.59,9,delivery,offline availability is not always convenient,3,Convenience Driven
R003687,convenience_first,37,12279.0,tier_1,private_domain,healthy_snack,4.91,5.23,10.0,5.64,31.56,1,0,1,1,4,8.16,8,delivery,delivery speed affects whether I choose the brand,3,Convenience Driven
R003688,quality_first,33,5865.55,new_tier_1,douyin,personal_care,5.76,7.48,8.16,6.71,29.74,1,1,1,1,3,8.84,10,packaging,portable packaging is useful for work and travel,3,Convenience Driven
R003689,convenience_first,34,5427.63,tier_2,tmall,home_cleaning,3.31,6.76,8.24,5.92,25.39,1,1,1,1,3,8.17,7,packaging,the packaging is convenient but could look more premium,3,Convenience Driven
R003690,value_seekers,33,9133.98,tier_3_plus,offline_supermarket,personal_care,8.96,5.34,5.41,5.93,20.11,1,1,1,0,0,6.17,6,quality,quality improvement would make me repurchase more often,2,Value Seekers
R003691,eco_advocates,37,12782.2,tier_3_plus,offline_supermarket,healthy_snack,6.35,8.56,4.99,7.72,27.45,0,1,1,1,4,7.34,6,price,I compare price across platforms before purchase,4,Eco Advocates
R003692,value_seekers,39,6600.27,new_tier_1,offline_supermarket,ready_to_drink,8.34,6.73,6.09,5.68,20.73,0,0,0,1,6,7.72,7,sustainability,I prefer brands with recyclable packaging,0,High Value Fans
R003693,value_seekers,44,6688.0,new_tier_1,tmall,personal_care,9.34,7.04,6.39,5.1,12.96,0,1,0,0,1,7.56,7,delivery,offline availability is not always convenient,2,Value Seekers
R003694,quality_first,25,9177.41,new_tier_1,tmall,healthy_snack,5.88,10.0,7.75,5.07,39.09,1,1,1,1,2,10.0,10,quality,the product quality is stable and trustworthy,1,Quality Loyalists
R003695,quality_first,37,9140.1,new_tier_1,private_domain,personal_care,3.16,9.51,6.74,6.88,29.92,1,0,0,1,2,7.54,8,price,I compare price across platforms before purchase,1,Quality Loyalists
R003696,new_explorers,22,15347.19,new_tier_1,douyin,healthy_snack,5.57,5.27,5.54,5.79,26.59,1,0,0,1,3,9.92,10,quality,I care about ingredients and product safety,0,High Value Fans
R003697,convenience_first,42,12946.54,tier_3_plus,jd,healthy_snack,4.72,6.64,8.67,4.58,29.06,1,1,1,1,3,6.18,6,price,discount bundles make me more willing to buy,3,Convenience Driven
R003698,quality_first,40,6418.79,tier_3_plus,jd,ready_to_drink,5.92,9.42,6.8,6.08,30.44,1,1,0,1,2,10.0,9,quality,the product quality is stable and trustworthy,1,Quality Loyalists
R003699,new_explorers,18,8538.27,tier_2,offline_supermarket,home_cleaning,7.29,7.31,6.31,5.43,20.49,1,1,0,1,2,6.4,5,promotion,KOL reviews are useful but need to be authentic,2,Value Seekers
R003700,new_explorers,41,12695.76,tier_3_plus,private_domain,home_cleaning,7.63,6.74,6.81,5.19,22.44,1,1,1,1,6,7.46,6,price,discount bundles make me more willing to buy,0,High Value Fans
R003701,convenience_first,36,3812.08,tier_1,offline_supermarket,ready_to_drink,5.04,6.61,8.31,5.05,22.47,0,0,1,1,2,8.12,5,sustainability,sustainability claims need to be more credible,3,Convenience Driven
R003702,quality_first,21,11960.91,tier_1,xiaohongshu,healthy_snack,4.59,8.26,6.93,5.56,33.93,1,1,0,1,1,8.41,8,price,I compare price across platforms before purchase,1,Quality Loyalists
R003703,quality_first,24,12887.83,tier_3_plus,offline_supermarket,personal_care,5.74,9.83,7.49,7.41,29.66,1,1,1,1,3,10.0,9,sustainability,I prefer brands with recyclable packaging,1,Quality Loyalists
R003704,new_explorers,26,13810.25,tier_3_plus,tmall,personal_care,6.21,7.07,6.96,6.33,21.39,0,1,1,1,2,9.45,9,quality,I care about ingredients and product safety,0,High Value Fans
R003705,convenience_first,51,16946.55,tier_3_plus,tmall,personal_care,5.14,7.45,7.63,6.28,25.98,0,0,0,1,4,8.96,10,promotion,KOL reviews are useful but need to be authentic,3,Convenience Driven
R003706,quality_first,22,6743.78,tier_2,private_domain,home_cleaning,4.25,9.03,5.42,7.62,36.71,1,1,1,1,2,9.97,10,sustainability,low carbon packaging would improve brand impression,1,Quality Loyalists
R003707,quality_first,18,17475.21,tier_1,offline_supermarket,personal_care,3.7,8.15,5.5,6.49,31.47,0,0,1,1,0,8.75,8,promotion,KOL reviews are useful but need to be authentic,1,Quality Loyalists
R003708,convenience_first,33,5393.71,tier_1,tmall,healthy_snack,6.21,7.11,9.37,6.43,28.05,1,1,1,1,3,8.84,10,sustainability,sustainability claims need to be more credible,3,Convenience Driven
R003709,quality_first,18,19255.51,tier_2,tmall,healthy_snack,3.86,9.06,7.41,7.13,32.77,1,1,0,0,1,8.73,10,promotion,KOL reviews are useful but need to be authentic,1,Quality Loyalists
R003710,convenience_first,24,19825.95,tier_1,xiaohongshu,healthy_snack,5.54,6.42,9.1,5.63,28.52,0,1,1,1,4,10.0,10,delivery,offline availability is not always convenient,3,Convenience Driven
R003711,new_explorers,29,21619.06,new_tier_1,jd,personal_care,6.47,8.41,5.67,6.31,25.1,1,1,1,1,7,9.7,10,packaging,the packaging is convenient but could look more premium,1,Quality Loyalists
R003712,value_seekers,34,9559.1,tier_2,tmall,healthy_snack,8.91,5.68,6.07,5.0,18.7,1,1,1,1,6,7.44,5,price,the price feels high without promotion,2,Value Seekers
R003713,convenience_first,27,12031.61,tier_1,xiaohongshu,ready_to_drink,6.05,6.72,7.42,6.0,19.98,0,1,1,1,0,7.35,7,promotion,membership coupons can increase repeat purchase,0,High Value Fans
R003714,new_explorers,35,9164.36,tier_2,tmall,ready_to_drink,8.83,6.04,6.72,5.52,21.72,1,1,1,1,2,8.75,9,delivery,delivery speed affects whether I choose the brand,0,High Value Fans
R003715,convenience_first,18,15688.46,new_tier_1,tmall,healthy_snack,4.75,6.83,8.42,3.84,31.29,1,1,1,1,3,9.44,10,promotion,KOL reviews are useful but need to be authentic,3,Convenience Driven
R003716,quality_first,33,6804.04,tier_3_plus,douyin,ready_to_drink,5.31,8.08,7.64,6.37,26.82,0,0,0,0,0,9.04,10,quality,I care about ingredients and product safety,1,Quality Loyalists
R003717,quality_first,43,14107.4,tier_3_plus,tmall,personal_care,6.71,7.6,6.64,5.7,29.85,1,1,1,1,3,8.72,9,price,I compare price across platforms before purchase,1,Quality Loyalists
R003718,convenience_first,27,8122.75,tier_3_plus,xiaohongshu,healthy_snack,4.6,7.29,9.03,5.5,22.33,1,1,1,1,1,8.1,9,promotion,livestream promotion helps me discover new products,3,Convenience Driven
R003719,eco_advocates,50,5493.87,tier_2,offline_supermarket,ready_to_drink,5.6,8.52,6.78,8.97,36.39,1,1,1,1,2,9.4,10,sustainability,low carbon packaging would improve brand impression,4,Eco Advocates
R003720,eco_advocates,35,10537.41,tier_3_plus,xiaohongshu,ready_to_drink,4.94,7.77,6.74,9.6,34.45,1,1,0,0,1,9.14,9,quality,the product quality is stable and trustworthy,4,Eco Advocates
R003721,convenience_first,23,5800.54,tier_1,douyin,home_cleaning,4.48,7.22,8.68,6.01,22.78,1,1,0,1,3,10.0,10,packaging,portable packaging is useful for work and travel,3,Convenience Driven
R003722,convenience_first,28,7559.88,tier_2,jd,healthy_snack,5.02,7.84,8.41,7.13,32.76,0,1,1,1,6,8.36,7,packaging,the package design should show product benefits more clearly,3,Convenience Driven
R003723,eco_advocates,20,14125.58,tier_3_plus,douyin,ready_to_drink,5.48,7.76,5.45,7.75,37.16,1,1,1,1,3,7.83,7,price,the price feels high without promotion,4,Eco Advocates
R003724,value_seekers,36,25920.61,tier_3_plus,douyin,healthy_snack,9.06,6.18,6.06,5.96,17.24,1,1,0,1,2,7.92,7,promotion,membership coupons can increase repeat purchase,0,High Value Fans
R003725,convenience_first,26,18708.33,tier_1,tmall,home_cleaning,5.85,7.57,8.6,5.51,22.85,0,0,0,1,1,9.35,10,promotion,membership coupons can increase repeat purchase,3,Convenience Driven
R003726,new_explorers,23,18911.59,tier_2,douyin,ready_to_drink,6.97,6.41,7.06,5.52,25.68,1,1,1,1,1,7.83,6,promotion,membership coupons can increase repeat purchase,0,High Value Fans
R003727,quality_first,33,13894.54,tier_1,douyin,ready_to_drink,2.86,9.38,6.9,6.55,36.54,1,1,1,1,0,9.41,9,delivery,offline availability is not always convenient,1,Quality Loyalists
R003728,eco_advocates,42,23123.78,tier_2,jd,personal_care,6.97,8.32,5.8,8.46,40.11,0,1,0,0,1,6.26,5,sustainability,low carbon packaging would improve brand impression,4,Eco Advocates
R003729,quality_first,43,7968.28,tier_2,tmall,healthy_snack,5.08,9.53,6.08,6.51,30.61,1,1,1,1,2,9.4,7,quality,I care about ingredients and product safety,1,Quality Loyalists
R003730,quality_first,19,9638.59,new_tier_1,offline_supermarket,home_cleaning,5.15,8.83,5.67,7.04,31.94,0,1,1,1,3,10.0,10,delivery,offline availability is not always convenient,1,Quality Loyalists
R003731,quality_first,37,7607.69,tier_1,jd,ready_to_drink,5.35,8.4,5.01,7.93,34.07,0,1,1,1,4,8.9,10,promotion,livestream promotion helps me discover new products,4,Eco Advocates
R003732,eco_advocates,39,9898.29,tier_2,jd,personal_care,4.91,7.11,5.44,10.0,41.07,1,1,1,0,1,7.46,5,sustainability,sustainability claims need to be more credible,4,Eco Advocates
R003733,convenience_first,48,11355.76,new_tier_1,offline_supermarket,ready_to_drink,6.66,6.84,9.91,6.4,25.5,1,1,1,1,2,9.0,8,quality,I care about ingredients and product safety,3,Convenience Driven
R003734,eco_advocates,43,11386.82,tier_3_plus,xiaohongshu,personal_care,6.35,6.58,6.47,8.42,36.31,1,1,0,0,2,5.68,7,sustainability,low carbon packaging would improve brand impression,4,Eco Advocates
R003735,quality_first,38,5440.13,new_tier_1,offline_supermarket,personal_care,5.29,9.88,6.32,6.22,30.75,1,1,0,1,6,10.0,9,quality,I care about ingredients and product safety,1,Quality Loyalists
R003736,quality_first,29,7550.95,tier_3_plus,private_domain,personal_care,3.7,8.56,7.46,6.37,32.83,0,0,1,1,4,10.0,9,quality,the product quality is stable and trustworthy,1,Quality Loyalists
R003737,value_seekers,32,7018.03,new_tier_1,offline_supermarket,healthy_snack,8.82,5.83,6.54,5.5,21.83,1,0,0,0,1,8.18,7,price,discount bundles make me more willing to buy,0,High Value Fans
R003738,new_explorers,31,8397.62,tier_2,jd,ready_to_drink,6.72,5.39,5.34,6.27,23.86,1,0,0,0,0,3.3,1,promotion,membership coupons can increase repeat purchase,2,Value Seekers
R003739,quality_first,23,15176.19,new_tier_1,tmall,personal_care,4.52,9.47,6.38,7.95,31.04,1,1,1,1,1,10.0,9,quality,I care about ingredients and product safety,1,Quality Loyalists
R003740,eco_advocates,29,8460.03,new_tier_1,tmall,ready_to_drink,4.05,7.85,6.98,8.32,40.0,1,1,1,1,2,8.4,7,quality,quality improvement would make me repurchase more often,4,Eco Advocates
R003741,quality_first,26,31916.95,new_tier_1,tmall,personal_care,3.35,8.19,7.14,6.13,35.1,1,1,0,0,0,6.81,7,quality,quality improvement would make me repurchase more often,1,Quality Loyalists
R003742,convenience_first,30,8485.44,tier_1,douyin,home_cleaning,6.74,6.63,8.33,5.62,26.17,1,1,0,0,0,8.52,9,delivery,stockouts make me switch to other brands,3,Convenience Driven
R003743,new_explorers,31,7829.84,tier_3_plus,jd,home_cleaning,6.62,6.29,7.01,5.61,19.47,1,1,0,0,0,7.63,8,packaging,portable packaging is useful for work and travel,0,High Value Fans
R003744,value_seekers,35,6254.75,tier_2,douyin,healthy_snack,8.86,4.96,6.64,4.23,15.12,1,1,0,0,1,7.65,8,price,the price feels high without promotion,0,High Value Fans
R003745,convenience_first,36,10164.24,tier_2,jd,home_cleaning,7.35,6.06,8.41,6.37,27.76,0,0,0,0,0,8.24,8,delivery,delivery speed affects whether I choose the brand,3,Convenience Driven
R003746,value_seekers,21,22300.67,tier_2,douyin,healthy_snack,8.33,6.28,5.48,4.63,21.75,1,1,0,0,0,7.69,6,price,the price feels high without promotion,2,Value Seekers
R003747,new_explorers,36,4346.43,tier_2,douyin,personal_care,7.32,7.26,8.23,7.5,21.51,0,0,1,1,2,9.16,10,promotion,membership coupons can increase repeat purchase,3,Convenience Driven
R003748,new_explorers,30,6691.73,new_tier_1,douyin,healthy_snack,7.86,5.98,6.41,7.45,15.95,0,0,0,0,0,9.32,10,price,discount bundles make me more willing to buy,0,High Value Fans
R003749,quality_first,29,18198.38,tier_3_plus,xiaohongshu,personal_care,5.27,9.5,6.2,5.93,31.0,0,0,0,1,9,8.82,8,quality,quality improvement would make me repurchase more often,1,Quality Loyalists
R003750,quality_first,28,9148.2,tier_2,douyin,home_cleaning,3.5,8.94,6.0,4.87,31.09,1,1,1,1,1,8.92,8,promotion,membership coupons can increase repeat purchase,1,Quality Loyalists
R003751,convenience_first,26,5767.84,tier_2,xiaohongshu,personal_care,6.09,7.33,8.52,4.44,24.25,1,1,0,1,4,8.39,6,quality,quality improvement would make me repurchase more often,3,Convenience Driven
R003752,new_explorers,24,11817.89,tier_2,xiaohongshu,personal_care,7.39,5.92,6.13,6.68,17.83,1,1,0,0,0,5.93,4,promotion,membership coupons can increase repeat purchase,2,Value Seekers
R003753,convenience_first,31,23041.92,new_tier_1,tmall,healthy_snack,3.82,6.73,8.7,5.99,32.42,1,1,1,1,4,8.11,7,delivery,delivery speed affects whether I choose the brand,3,Convenience Driven
R003754,eco_advocates,23,25617.16,tier_1,tmall,ready_to_drink,4.35,7.12,6.33,8.47,31.25,1,1,1,1,6,10.0,10,promotion,livestream promotion helps me discover new products,4,Eco Advocates
R003755,eco_advocates,36,10211.14,tier_1,jd,home_cleaning,4.93,8.03,5.99,8.12,38.23,0,0,0,0,0,8.48,8,sustainability,sustainability claims need to be more credible,4,Eco Advocates
R003756,value_seekers,23,6805.92,new_tier_1,tmall,ready_to_drink,9.52,6.18,5.07,4.64,17.94,0,1,0,0,0,7.52,7,packaging,portable packaging is useful for work and travel,2,Value Seekers
R003757,quality_first,39,7863.87,tier_3_plus,jd,healthy_snack,5.51,8.88,7.19,5.74,31.26,1,1,1,1,4,10.0,10,quality,I care about ingredients and product safety,1,Quality Loyalists
R003758,value_seekers,24,10574.53,tier_3_plus,xiaohongshu,ready_to_drink,7.98,6.99,5.64,4.22,14.37,1,1,0,1,6,9.79,8,promotion,livestream promotion helps me discover new products,0,High Value Fans
R003759,value_seekers,29,7927.55,new_tier_1,tmall,ready_to_drink,9.23,7.36,6.56,4.4,19.61,0,0,0,1,1,8.6,10,price,I compare price across platforms before purchase,0,High Value Fans
R003760,value_seekers,18,11560.5,tier_2,private_domain,healthy_snack,7.91,5.06,5.55,3.45,19.49,1,1,1,1,5,3.21,5,quality,I care about ingredients and product safety,2,Value Seekers
R003761,new_explorers,27,8708.98,new_tier_1,tmall,healthy_snack,7.21,6.85,6.62,7.12,25.07,1,1,1,0,1,7.13,8,promotion,KOL reviews are useful but need to be authentic,0,High Value Fans
R003762,eco_advocates,37,24087.33,tier_1,private_domain,healthy_snack,6.18,8.43,6.95,8.92,34.15,1,1,1,1,4,8.07,9,sustainability,low carbon packaging would improve brand impression,4,Eco Advocates
R003763,new_explorers,31,9692.83,new_tier_1,offline_supermarket,personal_care,6.26,6.48,6.31,7.19,24.2,1,1,1,0,1,5.81,6,price,I compare price across platforms before purchase,2,Value Seekers
R003764,value_seekers,31,5942.57,new_tier_1,private_domain,ready_to_drink,8.41,6.73,4.68,3.87,18.18,1,1,1,0,1,4.34,3,price,the price feels high without promotion,2,Value Seekers
R003765,value_seekers,30,4636.52,new_tier_1,douyin,home_cleaning,8.3,5.78,6.45,6.67,14.9,0,0,0,0,3,8.11,6,price,I compare price across platforms before purchase,0,High Value Fans
R003766,value_seekers,18,12542.67,tier_1,jd,personal_care,8.22,6.5,5.69,5.34,17.19,0,1,1,1,5,7.06,7,promotion,livestream promotion helps me discover new products,0,High Value Fans
R003767,quality_first,40,5876.4,tier_3_plus,jd,ready_to_drink,5.43,8.54,5.95,7.18,29.67,1,1,1,1,5,10.0,10,quality,I care about ingredients and product safety,1,Quality Loyalists
R003768,eco_advocates,27,12034.68,tier_1,xiaohongshu,healthy_snack,4.34,6.94,7.24,8.24,32.44,1,1,1,1,4,8.55,8,quality,quality improvement would make me repurchase more often,4,Eco Advocates
R003769,convenience_first,29,10325.91,new_tier_1,xiaohongshu,healthy_snack,7.78,6.78,7.53,5.76,28.13,1,1,1,1,10,8.69,10,quality,I care about ingredients and product safety,3,Convenience Driven
R003770,convenience_first,35,10248.82,tier_2,jd,personal_care,4.32,5.54,7.99,5.52,26.27,0,1,1,1,3,8.72,10,packaging,the packaging is convenient but could look more premium,3,Convenience Driven
R003771,eco_advocates,41,10474.2,tier_2,xiaohongshu,healthy_snack,6.34,8.61,6.75,9.36,36.3,0,1,0,0,1,9.31,9,sustainability,I prefer brands with recyclable packaging,4,Eco Advocates
R003772,quality_first,55,14744.18,tier_1,offline_supermarket,home_cleaning,3.43,8.94,5.76,6.63,34.38,0,1,0,0,1,9.85,9,packaging,the packaging is convenient but could look more premium,1,Quality Loyalists
R003773,new_explorers,35,15345.38,tier_1,douyin,ready_to_drink,8.0,6.46,6.91,5.96,24.86,1,1,1,0,0,8.64,8,delivery,delivery speed affects whether I choose the brand,0,High Value Fans
R003774,new_explorers,42,4567.75,tier_2,xiaohongshu,healthy_snack,4.76,6.09,5.93,5.84,17.5,1,1,0,0,1,5.69,5,price,the price feels high without promotion,2,Value Seekers
R003775,quality_first,45,11894.51,tier_2,douyin,healthy_snack,4.89,9.93,6.01,6.99,33.04,1,1,1,1,4,10.0,8,quality,I care about ingredients and product safety,1,Quality Loyalists
R003776,convenience_first,37,13507.52,tier_1,tmall,healthy_snack,4.86,6.64,7.84,4.09,30.81,1,1,1,1,5,7.82,8,packaging,portable packaging is useful for work and travel,3,Convenience Driven
R003777,eco_advocates,50,12883.86,tier_2,offline_supermarket,ready_to_drink,4.44,6.24,6.71,8.22,30.62,1,1,1,0,1,8.07,7,sustainability,sustainability claims need to be more credible,4,Eco Advocates
R003778,value_seekers,31,10691.61,new_tier_1,offline_supermarket,personal_care,8.66,6.12,5.31,4.47,16.57,0,1,1,0,0,8.19,8,promotion,membership coupons can increase repeat purchase,0,High Value Fans
R003779,quality_first,24,7642.59,new_tier_1,xiaohongshu,ready_to_drink,5.83,7.79,5.96,6.48,29.07,1,1,0,0,1,8.82,10,quality,I care about ingredients and product safety,1,Quality Loyalists
R003780,value_seekers,29,16724.35,tier_3_plus,xiaohongshu,home_cleaning,9.54,6.21,5.44,4.28,16.86,0,0,1,1,6,5.59,7,promotion,KOL reviews are useful but need to be authentic,2,Value Seekers
R003781,new_explorers,23,12854.75,tier_3_plus,private_domain,home_cleaning,5.14,7.76,6.54,5.45,28.4,1,1,1,1,3,8.32,9,packaging,the packaging is convenient but could look more premium,1,Quality Loyalists
R003782,quality_first,34,8304.24,new_tier_1,jd,personal_care,5.26,8.6,6.17,5.59,32.19,1,1,1,1,4,8.11,9,quality,I care about ingredients and product safety,1,Quality Loyalists
R003783,quality_first,30,10961.2,new_tier_1,offline_supermarket,ready_to_drink,5.63,7.91,6.8,7.33,31.13,1,1,1,1,4,10.0,10,quality,I care about ingredients and product safety,1,Quality Loyalists
R003784,value_seekers,20,4966.37,tier_1,private_domain,personal_care,8.83,5.31,6.63,2.39,9.41,1,1,1,0,1,4.26,5,sustainability,I prefer brands with recyclable packaging,2,Value Seekers
R003785,new_explorers,22,6769.8,new_tier_1,tmall,personal_care,6.31,8.17,6.79,6.19,26.38,0,1,1,1,3,9.26,8,price,discount bundles make me more willing to buy,1,Quality Loyalists
R003786,quality_first,21,6782.17,tier_1,tmall,ready_to_drink,7.3,8.94,7.59,7.23,31.79,1,1,0,0,2,8.25,8,delivery,stockouts make me switch to other brands,1,Quality Loyalists
R003787,value_seekers,25,7992.82,tier_1,tmall,healthy_snack,9.33,6.88,5.43,4.19,16.93,1,1,0,0,1,6.9,9,price,discount bundles make me more willing to buy,0,High Value Fans
R003788,quality_first,36,8867.71,tier_3_plus,offline_supermarket,healthy_snack,6.26,8.5,5.9,8.13,27.95,1,1,1,0,1,7.43,7,sustainability,low carbon packaging would improve brand impression,4,Eco Advocates
R003789,quality_first,25,22417.93,tier_2,douyin,personal_care,5.66,8.55,6.95,4.02,35.81,1,1,1,1,7,8.54,9,promotion,KOL reviews are useful but need to be authentic,1,Quality Loyalists
R003790,convenience_first,23,13110.24,new_tier_1,offline_supermarket,ready_to_drink,7.07,7.17,7.8,6.22,25.54,1,1,0,1,4,8.55,10,promotion,membership coupons can increase repeat purchase,3,Convenience Driven
R003791,quality_first,36,12730.02,new_tier_1,tmall,ready_to_drink,4.98,9.93,7.06,6.38,30.21,0,0,0,0,0,9.26,10,sustainability,low carbon packaging would improve brand impression,1,Quality Loyalists
R003792,quality_first,32,9139.54,tier_3_plus,private_domain,healthy_snack,4.94,9.31,6.82,6.26,29.02,1,1,1,1,2,9.86,10,delivery,stockouts make me switch to other brands,1,Quality Loyalists
R003793,value_seekers,38,10336.48,tier_1,jd,ready_to_drink,8.96,7.03,6.45,3.96,19.92,0,0,0,0,1,6.34,6,price,discount bundles make me more willing to buy,2,Value Seekers
R003794,value_seekers,18,13376.13,tier_3_plus,douyin,home_cleaning,8.52,4.88,4.9,3.2,18.9,1,1,1,1,3,6.52,6,packaging,portable packaging is useful for work and travel,2,Value Seekers
R003795,convenience_first,26,9034.88,tier_2,tmall,ready_to_drink,5.94,7.29,8.58,5.9,29.88,1,1,1,1,4,10.0,10,quality,the product quality is stable and trustworthy,3,Convenience Driven
R003796,eco_advocates,32,10972.54,tier_1,offline_supermarket,ready_to_drink,4.12,8.08,5.57,9.71,37.82,0,1,1,1,3,9.67,9,sustainability,I prefer brands with recyclable packaging,4,Eco Advocates
R003797,value_seekers,29,7763.36,tier_2,tmall,ready_to_drink,8.37,6.04,6.26,5.12,15.87,1,0,0,0,0,6.5,6,promotion,membership coupons can increase repeat purchase,2,Value Seekers
R003798,convenience_first,29,14016.64,tier_3_plus,tmall,home_cleaning,6.16,5.85,8.75,5.62,26.74,1,1,1,1,5,9.3,8,quality,quality improvement would make me repurchase more often,3,Convenience Driven
R003799,eco_advocates,27,9662.68,tier_1,douyin,healthy_snack,4.68,7.15,7.12,9.68,33.29,1,1,1,1,3,10.0,10,sustainability,I prefer brands with recyclable packaging,4,Eco Advocates
R003800,value_seekers,38,7191.32,tier_1,xiaohongshu,ready_to_drink,8.92,6.53,5.24,5.17,11.61,1,0,1,1,2,6.82,5,promotion,KOL reviews are useful but need to be authentic,2,Value Seekers
R003801,eco_advocates,42,15689.97,new_tier_1,jd,healthy_snack,5.67,7.01,5.92,9.06,33.8,0,0,0,0,0,7.35,5,sustainability,low carbon packaging would improve brand impression,4,Eco Advocates
R003802,value_seekers,49,12539.39,new_tier_1,offline_supermarket,ready_to_drink,8.61,4.79,4.7,5.0,19.14,1,1,1,1,4,8.84,10,packaging,portable packaging is useful for work and travel,0,High Value Fans
R003803,eco_advocates,23,5275.21,tier_1,private_domain,healthy_snack,3.56,6.91,7.22,10.0,30.83,1,1,1,1,1,10.0,9,delivery,offline availability is not always convenient,4,Eco Advocates
R003804,convenience_first,29,5188.41,new_tier_1,offline_supermarket,ready_to_drink,6.67,6.26,8.33,4.72,20.21,0,0,0,0,0,8.69,10,quality,I care about ingredients and product safety,3,Convenience Driven
R003805,convenience_first,49,4017.89,tier_3_plus,xiaohongshu,healthy_snack,4.86,5.68,8.69,6.19,28.28,0,0,1,1,3,9.66,9,promotion,membership coupons can increase repeat purchase,3,Convenience Driven
R003806,value_seekers,34,18491.85,new_tier_1,douyin,ready_to_drink,6.99,6.74,7.24,5.67,25.76,1,1,0,1,5,8.36,8,delivery,delivery speed affects whether I choose the brand,0,High Value Fans
R003807,new_explorers,41,12404.0,new_tier_1,jd,personal_care,7.53,6.79,6.15,6.09,16.39,1,0,0,1,6,6.02,6,quality,the product quality is stable and trustworthy,2,Value Seekers
R003808,quality_first,31,18888.53,tier_3_plus,private_domain,healthy_snack,3.94,9.34,5.28,6.84,33.65,0,0,0,0,0,9.31,10,quality,I care about ingredients and product safety,1,Quality Loyalists
R003809,quality_first,44,9517.72,tier_1,tmall,home_cleaning,5.06,9.28,6.08,6.85,29.78,0,1,0,0,0,9.66,10,packaging,the packaging is convenient but could look more premium,1,Quality Loyalists
R003810,eco_advocates,39,15060.64,new_tier_1,douyin,ready_to_drink,6.05,6.85,9.09,8.66,38.07,1,1,1,1,2,9.86,10,quality,I care about ingredients and product safety,4,Eco Advocates
R003811,quality_first,44,9183.98,tier_3_plus,jd,ready_to_drink,6.11,9.71,5.57,7.15,27.03,0,1,0,0,0,8.02,10,packaging,portable packaging is useful for work and travel,1,Quality Loyalists
R003812,eco_advocates,24,14933.2,tier_3_plus,private_domain,personal_care,4.34,8.52,6.24,8.26,31.14,0,1,1,1,1,9.09,10,delivery,delivery speed affects whether I choose the brand,4,Eco Advocates
R003813,value_seekers,34,2997.14,tier_1,douyin,ready_to_drink,8.07,5.87,5.96,4.36,16.82,0,0,0,0,0,5.22,5,price,discount bundles make me more willing to buy,2,Value Seekers
R003814,new_explorers,36,10371.34,tier_1,offline_supermarket,healthy_snack,8.81,6.0,7.63,6.79,15.71,0,0,0,0,2,7.35,6,price,discount bundles make me more willing to buy,2,Value Seekers
R003815,quality_first,30,17673.64,tier_2,xiaohongshu,ready_to_drink,4.74,9.4,8.23,5.84,36.69,1,1,0,0,1,9.17,9,quality,quality improvement would make me repurchase more often,1,Quality Loyalists
R003816,new_explorers,26,8668.01,new_tier_1,xiaohongshu,healthy_snack,6.03,6.37,5.73,4.44,19.61,1,1,0,0,0,6.55,8,promotion,KOL reviews are useful but need to be authentic,0,High Value Fans
R003817,value_seekers,34,17958.41,tier_2,tmall,home_cleaning,8.1,6.08,6.34,4.55,20.44,0,0,0,0,0,7.05,7,price,the price feels high without promotion,2,Value Seekers
R003818,convenience_first,26,5455.54,tier_1,private_domain,healthy_snack,5.9,8.22,9.29,6.94,28.9,1,1,1,1,7,10.0,10,price,I compare price across platforms before purchase,3,Convenience Driven
R003819,eco_advocates,18,5731.63,tier_1,private_domain,ready_to_drink,7.4,6.92,5.31,9.36,34.92,1,1,1,1,7,9.09,9,sustainability,I prefer brands with recyclable packaging,4,Eco Advocates
R003820,quality_first,39,7573.88,tier_3_plus,douyin,ready_to_drink,5.76,8.28,7.39,8.21,32.18,0,0,0,0,0,10.0,10,packaging,portable packaging is useful for work and travel,4,Eco Advocates
R003821,value_seekers,22,7134.59,tier_1,offline_supermarket,ready_to_drink,9.71,5.59,6.27,3.8,16.17,1,0,0,0,0,6.76,7,price,discount bundles make me more willing to buy,2,Value Seekers
R003822,quality_first,37,13272.99,tier_2,tmall,ready_to_drink,5.12,9.58,5.45,8.33,30.12,1,1,0,1,2,9.0,8,quality,the product quality is stable and trustworthy,1,Quality Loyalists
R003823,convenience_first,42,12892.75,tier_1,tmall,ready_to_drink,5.02,9.34,8.6,6.12,23.3,0,0,0,1,4,9.27,10,sustainability,low carbon packaging would improve brand impression,1,Quality Loyalists
R003824,value_seekers,39,19544.74,tier_3_plus,tmall,ready_to_drink,6.22,7.05,4.91,5.13,24.11,0,0,0,1,1,8.99,8,quality,I care about ingredients and product safety,0,High Value Fans
R003825,value_seekers,22,13146.57,tier_2,tmall,personal_care,9.02,5.5,6.19,5.62,17.99,1,1,0,1,1,7.76,6,quality,quality improvement would make me repurchase more often,2,Value Seekers
R003826,convenience_first,26,7607.51,tier_1,offline_supermarket,personal_care,5.15,6.3,8.76,6.94,24.41,0,0,1,1,4,9.81,8,delivery,delivery speed affects whether I choose the brand,3,Convenience Driven
R003827,convenience_first,33,9799.13,tier_3_plus,tmall,healthy_snack,5.64,5.7,8.34,5.51,32.64,0,1,1,1,4,7.61,8,quality,the product quality is stable and trustworthy,3,Convenience Driven
R003828,eco_advocates,42,10008.18,tier_1,jd,healthy_snack,5.87,6.63,6.06,9.19,37.01,1,1,0,0,1,9.53,10,sustainability,sustainability claims need to be more credible,4,Eco Advocates
R003829,quality_first,18,7686.73,tier_1,offline_supermarket,healthy_snack,4.98,9.38,6.91,6.18,29.27,1,1,0,0,0,8.04,8,packaging,the packaging is convenient but could look more premium,1,Quality Loyalists
R003830,convenience_first,26,5130.77,tier_2,tmall,healthy_snack,6.68,7.81,8.87,5.95,21.31,1,1,1,1,3,7.9,7,delivery,stockouts make me switch to other brands,3,Convenience Driven
R003831,eco_advocates,27,11453.05,new_tier_1,douyin,home_cleaning,4.27,7.67,7.05,9.18,33.61,1,1,1,1,3,8.15,7,promotion,membership coupons can increase repeat purchase,4,Eco Advocates
R003832,convenience_first,34,13000.57,tier_1,offline_supermarket,ready_to_drink,7.88,6.61,8.16,5.65,29.42,1,1,0,1,3,8.5,6,promotion,livestream promotion helps me discover new products,3,Convenience Driven
R003833,eco_advocates,23,11732.56,tier_2,tmall,ready_to_drink,5.66,6.49,5.76,10.0,35.92,0,0,1,1,7,10.0,9,quality,I care about ingredients and product safety,4,Eco Advocates
R003834,value_seekers,18,12736.83,new_tier_1,douyin,ready_to_drink,8.73,5.41,8.45,3.75,18.03,0,0,0,1,6,9.31,10,quality,the product quality is stable and trustworthy,3,Convenience Driven
R003835,convenience_first,37,21930.76,new_tier_1,tmall,ready_to_drink,5.49,5.24,9.11,4.94,25.81,1,1,1,0,1,6.04,5,packaging,portable packaging is useful for work and travel,2,Value Seekers
R003836,value_seekers,41,9255.32,new_tier_1,tmall,ready_to_drink,9.89,5.12,5.94,4.67,16.44,1,1,1,1,4,6.96,6,promotion,KOL reviews are useful but need to be authentic,2,Value Seekers
R003837,quality_first,38,18214.29,new_tier_1,xiaohongshu,ready_to_drink,5.99,9.03,6.52,4.9,32.88,1,1,0,1,1,9.96,9,quality,I care about ingredients and product safety,1,Quality Loyalists
R003838,quality_first,29,19083.08,new_tier_1,douyin,home_cleaning,5.27,8.62,7.19,5.73,30.77,1,1,1,1,3,7.73,7,quality,quality improvement would make me repurchase more often,1,Quality Loyalists
R003839,value_seekers,54,10523.66,tier_2,jd,healthy_snack,8.77,6.0,5.72,4.45,22.32,0,0,0,1,1,7.05,6,promotion,livestream promotion helps me discover new products,2,Value Seekers
R003840,value_seekers,38,21665.42,new_tier_1,xiaohongshu,personal_care,7.82,5.45,5.47,6.43,20.7,1,1,0,0,0,6.46,7,promotion,membership coupons can increase repeat purchase,2,Value Seekers
R003841,value_seekers,32,8494.58,new_tier_1,offline_supermarket,healthy_snack,8.26,6.45,5.94,4.94,22.14,0,0,0,1,3,7.84,8,promotion,KOL reviews are useful but need to be authentic,0,High Value Fans
R003842,value_seekers,38,13741.06,tier_3_plus,tmall,home_cleaning,9.13,7.46,5.09,4.11,18.92,1,0,1,1,4,6.96,6,packaging,portable packaging is useful for work and travel,2,Value Seekers
R003843,eco_advocates,18,8162.68,tier_1,private_domain,home_cleaning,6.19,8.62,6.87,8.78,27.46,1,1,1,1,2,9.64,10,promotion,livestream promotion helps me discover new products,4,Eco Advocates
R003844,quality_first,23,17710.57,new_tier_1,xiaohongshu,home_cleaning,4.94,9.48,6.14,5.74,31.35,1,1,1,1,3,10.0,10,price,discount bundles make me more willing to buy,1,Quality Loyalists
R003845,convenience_first,35,7194.56,tier_3_plus,douyin,ready_to_drink,6.65,6.24,8.81,4.53,22.04,1,1,1,1,3,9.5,9,quality,quality improvement would make me repurchase more often,3,Convenience Driven
R003846,new_explorers,25,13722.56,tier_3_plus,private_domain,home_cleaning,5.75,6.54,6.18,5.79,23.06,1,1,1,1,2,8.7,8,promotion,livestream promotion helps me discover new products,0,High Value Fans
R003847,value_seekers,35,9998.01,tier_1,xiaohongshu,ready_to_drink,9.46,5.45,6.34,5.14,20.73,1,0,0,0,0,4.88,4,quality,I care about ingredients and product safety,2,Value Seekers
R003848,quality_first,31,12229.79,new_tier_1,xiaohongshu,healthy_snack,4.12,7.49,7.03,6.34,23.89,0,1,1,1,3,9.35,8,promotion,livestream promotion helps me discover new products,1,Quality Loyalists
R003849,convenience_first,38,11245.99,new_tier_1,offline_supermarket,home_cleaning,3.01,7.09,9.05,6.26,25.87,1,1,1,1,4,8.59,7,delivery,offline availability is not always convenient,3,Convenience Driven
R003850,value_seekers,27,9535.22,tier_3_plus,douyin,ready_to_drink,8.09,5.83,5.41,4.98,17.98,1,1,0,0,0,6.15,4,quality,I care about ingredients and product safety,2,Value Seekers
R003851,convenience_first,37,9852.65,tier_1,jd,ready_to_drink,5.36,6.16,7.78,6.52,26.72,1,1,1,1,3,8.0,10,delivery,delivery speed affects whether I choose the brand,3,Convenience Driven
R003852,value_seekers,18,7069.17,tier_1,douyin,ready_to_drink,7.88,7.25,4.85,5.62,26.06,1,1,1,1,3,5.73,6,packaging,the packaging is convenient but could look more premium,2,Value Seekers
R003853,new_explorers,37,7936.8,tier_2,tmall,healthy_snack,6.25,5.83,7.62,4.32,16.63,1,1,1,1,6,8.96,9,quality,the product quality is stable and trustworthy,3,Convenience Driven
R003854,new_explorers,25,14884.26,tier_2,offline_supermarket,home_cleaning,7.22,8.9,6.5,7.02,24.7,0,1,1,1,1,10.0,10,quality,the product quality is stable and trustworthy,1,Quality Loyalists
R003855,quality_first,29,5912.91,new_tier_1,offline_supermarket,home_cleaning,5.63,7.66,7.48,6.37,31.44,0,0,1,1,5,10.0,9,quality,I care about ingredients and product safety,1,Quality Loyalists
R003856,quality_first,44,15528.14,tier_1,tmall,ready_to_drink,2.9,8.6,5.6,7.86,37.07,0,1,1,1,2,10.0,10,quality,quality improvement would make me repurchase more often,1,Quality Loyalists
R003857,convenience_first,22,19547.12,tier_1,douyin,personal_care,6.55,6.22,8.49,4.66,32.77,0,1,1,0,3,10.0,9,promotion,membership coupons can increase repeat purchase,3,Convenience Driven
R003858,convenience_first,46,12314.58,tier_1,private_domain,home_cleaning,3.52,6.91,8.36,6.01,27.34,1,1,1,1,5,10.0,10,promotion,membership coupons can increase repeat purchase,3,Convenience Driven
R003859,new_explorers,36,5817.93,tier_2,douyin,healthy_snack,5.36,6.57,6.16,6.36,21.47,0,0,1,0,2,8.96,9,sustainability,sustainability claims need to be more credible,0,High Value Fans
R003860,new_explorers,31,11302.16,tier_2,douyin,healthy_snack,8.17,7.14,7.32,6.99,23.94,0,0,1,1,1,8.65,9,delivery,offline availability is not always convenient,0,High Value Fans
R003861,eco_advocates,33,15037.26,tier_1,tmall,healthy_snack,5.53,7.98,6.69,7.16,38.54,1,1,1,0,1,8.72,8,delivery,offline availability is not always convenient,4,Eco Advocates
R003862,quality_first,29,9921.63,tier_2,douyin,ready_to_drink,5.95,9.4,5.22,5.45,34.7,1,1,1,1,3,8.72,10,promotion,membership coupons can increase repeat purchase,1,Quality Loyalists
R003863,convenience_first,37,9359.9,tier_1,offline_supermarket,ready_to_drink,6.23,7.02,9.48,4.25,22.91,1,1,1,1,3,7.74,9,promotion,KOL reviews are useful but need to be authentic,3,Convenience Driven
R003864,value_seekers,27,20292.42,tier_2,xiaohongshu,healthy_snack,8.15,7.21,5.79,4.94,22.81,1,1,0,0,0,7.22,7,quality,the product quality is stable and trustworthy,2,Value Seekers
R003865,eco_advocates,23,11929.8,new_tier_1,jd,home_cleaning,5.67,6.39,6.11,9.13,35.94,1,1,1,1,5,8.37,8,packaging,portable packaging is useful for work and travel,4,Eco Advocates
R003866,quality_first,36,8469.42,tier_3_plus,xiaohongshu,ready_to_drink,4.68,8.44,6.49,5.3,35.1,1,1,0,0,0,10.0,9,quality,quality improvement would make me repurchase more often,1,Quality Loyalists
R003867,eco_advocates,40,5749.21,tier_2,offline_supermarket,healthy_snack,4.81,7.98,6.07,8.7,33.64,1,1,0,0,0,10.0,10,price,the price feels high without promotion,4,Eco Advocates
R003868,quality_first,27,7247.57,tier_2,douyin,personal_care,6.06,9.5,4.45,5.77,32.24,1,0,0,0,1,8.45,8,delivery,delivery speed affects whether I choose the brand,1,Quality Loyalists
R003869,new_explorers,43,8490.78,tier_2,tmall,ready_to_drink,5.46,6.99,5.95,5.7,27.42,1,1,0,1,2,8.87,10,promotion,membership coupons can increase repeat purchase,1,Quality Loyalists
R003870,convenience_first,35,5445.36,new_tier_1,private_domain,personal_care,5.56,6.86,8.97,5.67,27.49,1,0,0,1,5,8.48,8,quality,I care about ingredients and product safety,3,Convenience Driven
R003871,convenience_first,21,13631.83,tier_2,jd,healthy_snack,5.08,6.4,8.05,5.55,31.75,1,1,1,1,2,8.62,9,promotion,KOL reviews are useful but need to be authentic,3,Convenience Driven
R003872,quality_first,43,12274.22,new_tier_1,douyin,personal_care,5.19,9.18,6.84,5.88,34.9,1,1,1,1,5,9.79,9,quality,I care about ingredients and product safety,1,Quality Loyalists
R003873,value_seekers,30,6333.12,tier_1,douyin,ready_to_drink,7.85,6.74,6.86,4.55,14.43,0,1,1,1,2,8.7,8,delivery,stockouts make me switch to other brands,0,High Value Fans
R003874,convenience_first,33,7306.37,tier_3_plus,offline_supermarket,personal_care,5.98,6.12,8.57,4.23,32.4,1,0,0,1,2,6.98,7,quality,the product quality is stable and trustworthy,3,Convenience Driven
R003875,quality_first,21,7645.85,tier_3_plus,xiaohongshu,ready_to_drink,4.92,9.09,5.59,6.55,28.74,1,1,1,1,0,8.37,9,delivery,delivery speed affects whether I choose the brand,1,Quality Loyalists
R003876,convenience_first,28,6781.62,new_tier_1,offline_supermarket,home_cleaning,6.18,8.64,9.25,6.12,28.67,1,1,1,0,0,9.64,10,quality,quality improvement would make me repurchase more often,3,Convenience Driven
R003877,eco_advocates,35,6760.57,tier_2,xiaohongshu,personal_care,5.94,7.87,6.85,9.29,29.35,1,1,1,0,2,8.08,7,delivery,offline availability is not always convenient,4,Eco Advocates
R003878,quality_first,34,8383.26,new_tier_1,tmall,personal_care,6.3,8.17,6.35,5.38,30.61,1,1,1,0,1,8.05,7,price,I compare price across platforms before purchase,1,Quality Loyalists
R003879,value_seekers,31,18841.74,tier_3_plus,douyin,ready_to_drink,6.55,6.36,5.06,4.87,20.67,0,0,0,0,2,6.69,7,promotion,membership coupons can increase repeat purchase,2,Value Seekers
R003880,convenience_first,31,10430.64,tier_3_plus,tmall,home_cleaning,5.62,5.4,7.7,6.06,28.17,0,1,1,1,6,9.01,10,delivery,delivery speed affects whether I choose the brand,3,Convenience Driven
R003881,quality_first,31,7427.67,tier_2,jd,ready_to_drink,5.34,8.08,6.78,6.46,30.39,1,1,1,1,6,9.42,9,quality,I care about ingredients and product safety,1,Quality Loyalists
R003882,value_seekers,32,10299.1,tier_3_plus,tmall,ready_to_drink,9.48,5.65,5.48,5.52,14.26,1,0,1,1,1,7.46,7,price,discount bundles make me more willing to buy,2,Value Seekers
R003883,convenience_first,30,7435.84,tier_2,private_domain,healthy_snack,6.96,7.0,9.62,5.09,23.77,1,0,0,0,2,9.09,10,delivery,offline availability is not always convenient,3,Convenience Driven
R003884,new_explorers,33,5567.7,new_tier_1,tmall,ready_to_drink,7.16,8.69,7.37,4.9,19.75,1,1,1,1,5,7.75,7,price,the price feels high without promotion,0,High Value Fans
R003885,eco_advocates,30,6889.65,tier_3_plus,tmall,ready_to_drink,5.1,6.66,4.94,9.33,36.64,1,1,1,1,2,10.0,9,price,the price feels high without promotion,4,Eco Advocates
R003886,eco_advocates,26,24709.75,new_tier_1,tmall,ready_to_drink,4.57,8.43,6.68,9.44,38.33,1,1,1,1,2,9.78,10,promotion,livestream promotion helps me discover new products,4,Eco Advocates
R003887,convenience_first,34,11239.3,tier_3_plus,xiaohongshu,ready_to_drink,4.96,7.91,8.84,4.97,28.21,1,1,1,1,5,9.3,10,delivery,stockouts make me switch to other brands,3,Convenience Driven
R003888,eco_advocates,29,12530.94,tier_1,jd,ready_to_drink,7.39,7.03,4.92,8.76,30.44,0,1,1,1,3,9.21,8,price,I compare price across platforms before purchase,4,Eco Advocates
R003889,new_explorers,24,13429.44,new_tier_1,jd,personal_care,5.9,5.38,6.78,6.31,24.18,1,0,0,1,6,6.26,4,quality,the product quality is stable and trustworthy,2,Value Seekers
R003890,convenience_first,41,15260.99,new_tier_1,tmall,personal_care,5.83,8.27,7.49,4.41,28.79,1,1,0,0,0,7.9,9,price,the price feels high without promotion,3,Convenience Driven
R003891,convenience_first,26,11366.22,tier_1,jd,personal_care,6.12,6.64,7.3,5.63,28.36,1,1,1,0,1,7.7,7,delivery,delivery speed affects whether I choose the brand,3,Convenience Driven
R003892,value_seekers,30,10477.19,new_tier_1,tmall,healthy_snack,8.1,6.52,5.4,3.91,16.59,1,1,0,0,1,9.14,7,packaging,the package design should show product benefits more clearly,0,High Value Fans
R003893,convenience_first,29,13369.41,tier_3_plus,douyin,home_cleaning,3.45,8.27,9.11,5.34,32.64,0,1,1,0,4,8.64,10,delivery,offline availability is not always convenient,3,Convenience Driven
R003894,eco_advocates,29,11107.57,tier_1,xiaohongshu,home_cleaning,5.63,7.83,6.65,9.29,32.33,1,1,1,0,1,7.78,8,packaging,the packaging is convenient but could look more premium,4,Eco Advocates
R003895,eco_advocates,33,24778.68,tier_1,offline_supermarket,ready_to_drink,5.67,7.79,7.41,8.83,37.01,1,1,0,0,1,9.76,10,delivery,delivery speed affects whether I choose the brand,4,Eco Advocates
R003896,new_explorers,38,7940.38,tier_1,jd,healthy_snack,6.84,6.84,6.03,5.76,21.03,0,0,0,1,4,7.69,9,price,I compare price across platforms before purchase,0,High Value Fans
R003897,new_explorers,29,9016.55,tier_3_plus,tmall,home_cleaning,7.6,7.75,4.94,5.78,13.4,0,0,0,0,0,7.95,7,sustainability,I prefer brands with recyclable packaging,0,High Value Fans
R003898,value_seekers,25,10281.24,new_tier_1,jd,healthy_snack,8.81,6.02,5.21,7.14,17.69,1,1,1,1,5,6.33,7,price,I compare price across platforms before purchase,0,High Value Fans
R003899,convenience_first,25,9825.67,tier_2,private_domain,healthy_snack,5.89,5.21,10.0,4.59,24.35,0,1,0,0,1,7.58,8,quality,quality improvement would make me repurchase more often,3,Convenience Driven
R003900,convenience_first,25,17227.15,new_tier_1,douyin,ready_to_drink,6.21,6.64,8.86,4.07,25.78,0,1,0,0,1,8.54,10,sustainability,I prefer brands with recyclable packaging,3,Convenience Driven
R003901,value_seekers,25,32682.07,new_tier_1,offline_supermarket,home_cleaning,9.71,6.5,7.08,5.98,25.17,0,0,0,0,0,3.64,3,price,I compare price across platforms before purchase,2,Value Seekers
R003902,new_explorers,43,9992.52,tier_2,offline_supermarket,personal_care,6.54,6.33,6.51,6.58,12.62,1,0,1,1,2,10.0,10,quality,quality improvement would make me repurchase more often,0,High Value Fans
R003903,new_explorers,33,14964.78,new_tier_1,offline_supermarket,home_cleaning,6.9,7.13,6.6,5.52,18.08,1,1,1,1,3,9.21,9,quality,the product quality is stable and trustworthy,0,High Value Fans
R003904,quality_first,23,7949.07,new_tier_1,tmall,personal_care,6.32,8.36,5.35,5.67,28.08,1,1,1,1,3,9.2,10,price,I compare price across platforms before purchase,1,Quality Loyalists
R003905,value_seekers,38,7072.3,tier_2,douyin,healthy_snack,9.75,5.21,6.67,4.95,18.56,0,0,0,1,4,6.24,5,promotion,livestream promotion helps me discover new products,2,Value Seekers
R003906,new_explorers,31,8687.09,tier_2,offline_supermarket,ready_to_drink,6.74,5.68,6.87,5.69,23.05,1,0,0,0,1,8.41,6,price,the price feels high without promotion,0,High Value Fans
R003907,quality_first,41,23724.27,new_tier_1,offline_supermarket,personal_care,3.06,9.34,7.29,6.32,34.71,0,1,1,1,1,10.0,9,delivery,offline availability is not always convenient,1,Quality Loyalists
R003908,quality_first,37,16431.31,new_tier_1,private_domain,home_cleaning,5.1,7.86,6.52,4.38,30.45,0,0,0,0,1,6.47,7,promotion,KOL reviews are useful but need to be authentic,1,Quality Loyalists
R003909,value_seekers,33,18382.03,new_tier_1,xiaohongshu,ready_to_drink,8.09,6.16,6.18,5.11,20.11,0,0,0,0,0,7.5,9,packaging,the package design should show product benefits more clearly,0,High Value Fans
R003910,new_explorers,25,16159.33,new_tier_1,offline_supermarket,ready_to_drink,5.2,6.62,6.61,5.23,23.35,1,0,1,1,1,9.99,10,promotion,membership coupons can increase repeat purchase,3,Convenience Driven
R003911,value_seekers,42,9935.15,new_tier_1,tmall,healthy_snack,9.88,6.03,6.51,6.45,22.83,0,0,1,0,3,6.97,8,quality,I care about ingredients and product safety,0,High Value Fans
R003912,convenience_first,29,8009.76,new_tier_1,offline_supermarket,home_cleaning,5.5,7.89,9.01,5.34,23.7,1,1,1,1,3,8.79,8,quality,the product quality is stable and trustworthy,3,Convenience Driven
R003913,value_seekers,26,7128.45,tier_2,jd,home_cleaning,7.0,5.56,5.31,4.73,23.81,1,1,0,1,1,7.2,5,price,I compare price across platforms before purchase,2,Value Seekers
R003914,quality_first,18,15709.77,tier_1,jd,home_cleaning,5.64,8.52,7.96,6.7,31.85,1,1,1,1,3,9.86,9,promotion,livestream promotion helps me discover new products,1,Quality Loyalists
R003915,eco_advocates,28,7605.17,tier_1,jd,healthy_snack,6.12,8.46,6.72,7.31,34.85,1,1,1,1,3,7.53,7,delivery,stockouts make me switch to other brands,4,Eco Advocates
R003916,eco_advocates,24,13223.21,tier_2,offline_supermarket,ready_to_drink,5.55,7.38,5.84,8.58,35.88,1,1,0,0,0,5.17,5,sustainability,sustainability claims need to be more credible,4,Eco Advocates
R003917,value_seekers,33,12910.79,tier_1,tmall,healthy_snack,9.43,6.54,5.42,5.12,15.58,0,1,1,1,7,6.83,7,price,the price feels high without promotion,0,High Value Fans
R003918,value_seekers,20,23549.42,new_tier_1,douyin,ready_to_drink,6.9,7.28,6.03,5.5,18.97,0,0,0,0,1,7.04,6,promotion,KOL reviews are useful but need to be authentic,2,Value Seekers
R003919,quality_first,36,14762.31,tier_2,jd,home_cleaning,4.78,9.84,7.54,6.93,33.97,1,1,0,1,1,9.79,9,quality,quality improvement would make me repurchase more often,1,Quality Loyalists
R003920,convenience_first,31,7758.27,new_tier_1,tmall,ready_to_drink,5.37,6.16,9.44,6.31,29.77,1,1,0,1,4,8.98,9,delivery,stockouts make me switch to other brands,3,Convenience Driven
R003921,convenience_first,24,10369.37,tier_2,tmall,ready_to_drink,6.71,6.24,8.12,5.42,26.72,0,0,0,0,0,7.42,8,promotion,livestream promotion helps me discover new products,3,Convenience Driven
R003922,eco_advocates,31,11198.09,new_tier_1,tmall,home_cleaning,5.22,8.65,5.89,7.96,35.37,1,1,1,0,0,7.7,10,price,I compare price across platforms before purchase,4,Eco Advocates
R003923,value_seekers,22,6715.66,tier_2,offline_supermarket,healthy_snack,6.81,5.92,6.56,4.42,16.08,0,0,1,1,3,6.69,8,packaging,the packaging is convenient but could look more premium,0,High Value Fans
R003924,convenience_first,31,4682.68,tier_2,private_domain,personal_care,3.68,6.43,7.59,5.47,22.51,1,1,1,1,7,9.18,9,delivery,offline availability is not always convenient,3,Convenience Driven
R003925,value_seekers,26,11282.89,tier_1,douyin,ready_to_drink,8.8,6.68,5.95,4.59,18.78,0,0,0,0,1,5.99,4,promotion,membership coupons can increase repeat purchase,2,Value Seekers
R003926,value_seekers,39,7137.28,new_tier_1,tmall,personal_care,7.1,6.25,5.42,4.53,21.63,1,1,1,1,2,7.57,6,sustainability,I prefer brands with recyclable packaging,2,Value Seekers
R003927,value_seekers,25,8046.43,tier_3_plus,douyin,healthy_snack,9.1,5.58,5.68,5.95,18.64,1,1,1,1,3,6.67,7,price,discount bundles make me more willing to buy,2,Value Seekers
R003928,value_seekers,35,7473.77,tier_1,xiaohongshu,home_cleaning,8.73,5.38,6.21,4.96,12.97,1,1,1,0,4,5.94,5,price,the price feels high without promotion,2,Value Seekers
R003929,quality_first,19,7927.16,tier_2,tmall,ready_to_drink,6.54,10.0,7.22,6.69,33.47,0,1,1,0,3,8.34,6,quality,the product quality is stable and trustworthy,1,Quality Loyalists
R003930,quality_first,22,11677.1,tier_3_plus,douyin,personal_care,3.88,7.59,7.24,6.5,28.79,0,1,1,0,2,8.48,7,quality,the product quality is stable and trustworthy,1,Quality Loyalists
R003931,value_seekers,18,11166.4,tier_1,xiaohongshu,home_cleaning,9.61,7.48,7.1,4.75,21.83,0,0,1,1,4,7.62,6,delivery,delivery speed affects whether I choose the brand,0,High Value Fans
R003932,new_explorers,39,6778.07,tier_2,jd,ready_to_drink,7.0,5.29,6.54,7.12,21.19,1,1,0,0,1,5.84,5,price,I compare price across platforms before purchase,2,Value Seekers
R003933,new_explorers,27,16501.74,new_tier_1,private_domain,ready_to_drink,6.15,7.42,5.76,7.45,24.57,1,1,1,1,4,7.24,7,sustainability,I prefer brands with recyclable packaging,0,High Value Fans
R003934,convenience_first,29,10455.19,tier_3_plus,douyin,healthy_snack,6.97,5.82,9.71,5.57,27.58,1,0,0,0,1,7.2,8,delivery,stockouts make me switch to other brands,3,Convenience Driven
R003935,value_seekers,26,8150.19,tier_1,jd,ready_to_drink,9.28,6.79,6.24,4.41,18.44,1,0,0,0,3,5.83,4,promotion,KOL reviews are useful but need to be authentic,2,Value Seekers
R003936,quality_first,27,9823.59,tier_1,tmall,personal_care,3.89,8.47,6.49,4.92,29.61,1,1,0,0,1,10.0,10,quality,I care about ingredients and product safety,1,Quality Loyalists
R003937,convenience_first,28,15164.67,new_tier_1,jd,healthy_snack,5.92,7.83,9.68,5.27,26.06,1,1,0,0,0,8.87,7,price,I compare price across platforms before purchase,3,Convenience Driven
R003938,value_seekers,36,6387.42,tier_1,private_domain,home_cleaning,8.09,7.44,5.59,4.93,15.47,1,1,0,0,0,6.72,6,quality,I care about ingredients and product safety,2,Value Seekers
R003939,quality_first,29,6128.0,new_tier_1,offline_supermarket,ready_to_drink,5.2,8.43,8.53,5.67,36.86,1,1,0,1,5,10.0,10,quality,the product quality is stable and trustworthy,1,Quality Loyalists
R003940,value_seekers,38,4864.85,tier_1,tmall,ready_to_drink,8.26,6.55,5.97,5.09,15.71,0,0,0,1,1,6.66,5,promotion,membership coupons can increase repeat purchase,2,Value Seekers
R003941,value_seekers,35,16858.33,tier_1,jd,healthy_snack,8.65,6.65,5.09,5.51,11.67,1,1,1,1,4,9.69,10,promotion,KOL reviews are useful but need to be authentic,0,High Value Fans
R003942,quality_first,36,12643.9,tier_2,douyin,home_cleaning,5.23,8.17,6.18,5.9,31.32,0,0,0,1,4,9.72,9,delivery,delivery speed affects whether I choose the brand,1,Quality Loyalists
R003943,new_explorers,32,7118.41,tier_1,jd,ready_to_drink,7.44,6.36,5.21,7.37,23.1,1,1,1,1,1,7.96,7,promotion,livestream promotion helps me discover new products,0,High Value Fans
R003944,quality_first,24,8743.29,new_tier_1,jd,healthy_snack,6.61,9.37,5.99,7.34,25.44,1,1,1,1,2,10.0,10,packaging,the packaging is convenient but could look more premium,1,Quality Loyalists
R003945,eco_advocates,35,14755.77,tier_2,private_domain,home_cleaning,6.32,7.16,6.68,8.15,35.81,0,0,0,1,4,9.38,10,price,the price feels high without promotion,4,Eco Advocates
R003946,convenience_first,29,7617.04,tier_2,offline_supermarket,personal_care,5.2,6.97,9.71,6.18,26.24,1,1,1,1,4,10.0,10,packaging,the package design should show product benefits more clearly,3,Convenience Driven
R003947,convenience_first,27,8828.86,new_tier_1,xiaohongshu,personal_care,5.38,7.84,8.18,5.94,26.69,1,1,1,1,6,10.0,7,delivery,offline availability is not always convenient,3,Convenience Driven
R003948,quality_first,36,11239.58,tier_2,jd,ready_to_drink,4.68,8.61,4.98,6.03,36.23,1,1,0,1,4,10.0,10,delivery,stockouts make me switch to other brands,1,Quality Loyalists
R003949,quality_first,36,6950.57,tier_2,jd,personal_care,3.2,8.39,7.71,6.46,27.27,0,0,1,1,3,10.0,10,sustainability,I prefer brands with recyclable packaging,1,Quality Loyalists
R003950,eco_advocates,41,17061.24,tier_3_plus,tmall,personal_care,4.68,6.01,4.88,9.65,35.82,1,1,0,1,0,9.43,10,quality,quality improvement would make me repurchase more often,4,Eco Advocates
R003951,quality_first,26,8667.99,tier_1,douyin,ready_to_drink,3.63,8.22,5.58,7.53,31.22,1,0,0,0,1,8.8,8,promotion,livestream promotion helps me discover new products,1,Quality Loyalists
R003952,value_seekers,31,12399.09,tier_1,tmall,ready_to_drink,10.0,5.24,6.12,5.04,12.66,1,1,1,0,1,6.13,6,delivery,delivery speed affects whether I choose the brand,2,Value Seekers
R003953,convenience_first,29,8114.17,new_tier_1,douyin,healthy_snack,6.82,7.83,9.16,6.31,30.69,1,1,1,1,4,10.0,9,packaging,portable packaging is useful for work and travel,3,Convenience Driven
R003954,new_explorers,20,7944.78,new_tier_1,jd,ready_to_drink,6.54,6.81,6.69,9.03,20.32,0,0,1,1,1,8.7,8,quality,I care about ingredients and product safety,4,Eco Advocates
R003955,eco_advocates,39,18572.51,tier_3_plus,offline_supermarket,ready_to_drink,4.62,8.3,6.37,9.04,35.27,0,1,1,1,1,10.0,9,packaging,portable packaging is useful for work and travel,4,Eco Advocates
R003956,quality_first,29,13592.53,tier_2,xiaohongshu,healthy_snack,3.93,8.94,7.42,5.17,30.2,0,0,0,1,1,9.48,10,delivery,stockouts make me switch to other brands,1,Quality Loyalists
R003957,new_explorers,37,13409.67,tier_2,jd,healthy_snack,6.48,7.39,5.54,6.24,17.74,1,1,1,1,5,8.49,8,price,the price feels high without promotion,0,High Value Fans
R003958,new_explorers,27,12522.17,tier_1,private_domain,personal_care,6.11,6.72,6.92,6.08,23.22,1,1,0,1,5,9.52,10,quality,the product quality is stable and trustworthy,3,Convenience Driven
R003959,convenience_first,44,7095.63,tier_2,jd,healthy_snack,5.27,8.16,10.0,5.72,22.92,0,1,1,1,6,9.44,9,packaging,the package design should show product benefits more clearly,3,Convenience Driven
R003960,quality_first,29,12656.7,new_tier_1,offline_supermarket,healthy_snack,6.37,8.31,6.19,6.98,31.85,0,0,0,1,2,9.13,8,quality,the product quality is stable and trustworthy,1,Quality Loyalists
R003961,value_seekers,33,10414.1,new_tier_1,douyin,home_cleaning,8.72,5.17,6.3,4.69,15.93,1,1,1,1,2,8.36,7,quality,quality improvement would make me repurchase more often,0,High Value Fans
R003962,eco_advocates,21,10046.43,tier_1,tmall,home_cleaning,6.01,6.28,5.64,8.97,26.55,1,1,1,1,4,8.09,7,sustainability,I prefer brands with recyclable packaging,4,Eco Advocates
R003963,value_seekers,37,9968.6,new_tier_1,jd,home_cleaning,10.0,6.18,4.75,6.05,13.19,1,1,1,0,0,4.41,2,packaging,the packaging is convenient but could look more premium,2,Value Seekers
R003964,value_seekers,35,10611.64,tier_2,douyin,ready_to_drink,6.18,7.63,5.4,3.78,22.8,1,1,0,0,0,8.6,7,promotion,KOL reviews are useful but need to be authentic,0,High Value Fans
R003965,convenience_first,26,7057.34,tier_1,xiaohongshu,healthy_snack,6.03,8.14,8.11,4.12,28.91,0,0,1,1,2,8.61,9,quality,quality improvement would make me repurchase more often,3,Convenience Driven
R003966,convenience_first,27,12732.12,new_tier_1,jd,healthy_snack,4.94,7.53,9.81,5.89,23.62,1,0,0,0,0,7.57,7,quality,I care about ingredients and product safety,3,Convenience Driven
R003967,new_explorers,35,9083.19,new_tier_1,douyin,healthy_snack,7.69,7.64,6.77,5.76,20.19,1,1,0,0,1,7.68,7,price,the price feels high without promotion,0,High Value Fans
R003968,value_seekers,18,8665.23,tier_2,offline_supermarket,ready_to_drink,10.0,6.21,5.0,5.74,16.02,0,0,0,0,0,5.4,5,promotion,livestream promotion helps me discover new products,2,Value Seekers
R003969,convenience_first,29,12772.32,tier_1,xiaohongshu,healthy_snack,6.04,7.05,9.44,4.92,32.31,0,0,0,0,1,9.35,9,delivery,stockouts make me switch to other brands,3,Convenience Driven
R003970,convenience_first,39,10977.65,tier_2,douyin,healthy_snack,6.54,5.11,9.55,5.52,27.55,0,0,1,1,7,6.59,6,quality,I care about ingredients and product safety,3,Convenience Driven
R003971,quality_first,26,9883.03,tier_1,tmall,healthy_snack,4.49,9.88,5.67,7.33,34.3,0,0,0,1,8,9.17,9,packaging,portable packaging is useful for work and travel,1,Quality Loyalists
R003972,convenience_first,18,14740.81,new_tier_1,offline_supermarket,healthy_snack,5.91,7.99,8.4,5.86,26.38,1,1,1,1,6,10.0,9,quality,quality improvement would make me repurchase more often,3,Convenience Driven
R003973,convenience_first,35,10760.84,tier_3_plus,xiaohongshu,ready_to_drink,5.01,6.24,8.21,5.09,27.55,1,1,1,1,4,8.88,10,delivery,stockouts make me switch to other brands,3,Convenience Driven
R003974,new_explorers,35,9936.17,tier_2,douyin,personal_care,4.76,6.35,6.62,6.01,19.1,0,0,0,0,1,6.75,7,delivery,stockouts make me switch to other brands,0,High Value Fans
R003975,quality_first,32,10703.41,tier_1,private_domain,ready_to_drink,5.07,8.55,5.5,6.76,35.43,1,1,1,1,6,8.16,7,quality,quality improvement would make me repurchase more often,1,Quality Loyalists
R003976,quality_first,36,11149.18,new_tier_1,private_domain,home_cleaning,5.53,10.0,7.87,5.36,30.44,1,1,0,0,0,6.71,6,price,discount bundles make me more willing to buy,1,Quality Loyalists
R003977,value_seekers,28,14251.99,tier_2,tmall,healthy_snack,8.24,7.06,5.38,4.92,20.66,1,1,1,1,3,6.57,7,packaging,the package design should show product benefits more clearly,2,Value Seekers
R003978,value_seekers,40,21143.34,new_tier_1,offline_supermarket,healthy_snack,9.2,6.19,6.02,5.55,17.94,1,1,0,1,1,8.87,10,promotion,KOL reviews are useful but need to be authentic,0,High Value Fans
R003979,eco_advocates,45,15637.49,new_tier_1,xiaohongshu,healthy_snack,7.75,7.0,5.56,10.0,30.16,1,1,1,1,1,10.0,8,sustainability,I prefer brands with recyclable packaging,4,Eco Advocates
R003980,quality_first,38,16195.35,new_tier_1,douyin,personal_care,5.42,8.27,6.72,6.75,32.65,0,0,0,0,0,8.78,8,promotion,livestream promotion helps me discover new products,1,Quality Loyalists
R003981,convenience_first,27,8353.09,new_tier_1,offline_supermarket,ready_to_drink,5.38,6.52,8.53,5.4,28.92,0,0,0,0,1,7.83,7,quality,quality improvement would make me repurchase more often,3,Convenience Driven
R003982,convenience_first,38,4069.61,new_tier_1,private_domain,home_cleaning,6.62,7.41,9.9,5.66,26.58,1,1,1,1,2,8.29,8,promotion,livestream promotion helps me discover new products,3,Convenience Driven
R003983,quality_first,24,9504.47,tier_1,jd,ready_to_drink,3.99,8.84,6.69,4.87,40.65,1,1,0,1,4,8.24,9,promotion,membership coupons can increase repeat purchase,1,Quality Loyalists
R003984,convenience_first,30,10887.46,tier_1,offline_supermarket,personal_care,6.95,6.1,9.04,5.8,27.66,1,1,1,1,4,10.0,10,sustainability,sustainability claims need to be more credible,3,Convenience Driven
R003985,quality_first,33,12720.26,tier_2,tmall,home_cleaning,3.18,7.73,6.57,5.87,34.21,1,1,1,1,2,10.0,10,packaging,the package design should show product benefits more clearly,1,Quality Loyalists
R003986,value_seekers,35,11202.92,tier_2,offline_supermarket,personal_care,9.93,5.2,6.6,4.45,13.13,1,1,1,1,1,6.22,5,quality,quality improvement would make me repurchase more often,2,Value Seekers
R003987,value_seekers,40,8162.2,tier_3_plus,douyin,home_cleaning,9.31,6.23,4.67,7.04,19.15,1,1,1,1,8,8.53,7,packaging,the package design should show product benefits more clearly,0,High Value Fans
R003988,eco_advocates,28,21852.97,new_tier_1,douyin,home_cleaning,4.21,7.59,6.77,9.07,32.37,0,0,1,1,3,9.55,9,price,discount bundles make me more willing to buy,4,Eco Advocates
R003989,convenience_first,33,8105.91,tier_1,tmall,home_cleaning,5.5,7.84,7.22,6.23,25.48,1,1,0,0,0,6.23,4,quality,quality improvement would make me repurchase more often,2,Value Seekers
R003990,quality_first,33,5665.33,tier_1,jd,personal_care,5.48,8.21,7.56,7.17,33.31,1,1,1,1,5,8.84,8,packaging,portable packaging is useful for work and travel,1,Quality Loyalists
R003991,value_seekers,38,6621.22,new_tier_1,offline_supermarket,ready_to_drink,8.36,6.86,7.36,5.15,23.24,1,0,0,0,1,6.06,4,sustainability,low carbon packaging would improve brand impression,2,Value Seekers
R003992,value_seekers,22,13402.6,tier_1,douyin,ready_to_drink,7.26,5.69,5.76,5.28,14.68,1,1,1,1,1,8.63,8,packaging,portable packaging is useful for work and travel,0,High Value Fans
R003993,quality_first,21,20272.23,tier_1,jd,healthy_snack,4.9,9.22,5.75,6.11,35.39,0,0,1,1,2,7.26,7,quality,I care about ingredients and product safety,1,Quality Loyalists
R003994,convenience_first,39,7169.26,tier_1,offline_supermarket,personal_care,6.99,6.81,8.78,5.77,22.78,0,0,1,1,4,8.9,9,promotion,KOL reviews are useful but need to be authentic,3,Convenience Driven
R003995,value_seekers,31,17731.35,new_tier_1,jd,ready_to_drink,9.79,5.1,5.96,4.15,13.11,1,1,0,0,2,5.89,5,price,discount bundles make me more willing to buy,2,Value Seekers
R003996,convenience_first,30,9250.71,tier_2,offline_supermarket,home_cleaning,5.64,6.33,9.14,3.6,25.58,1,1,1,1,4,9.79,10,price,I compare price across platforms before purchase,3,Convenience Driven
R003997,value_seekers,28,13869.09,tier_1,xiaohongshu,personal_care,9.22,6.74,5.98,4.75,26.38,0,0,0,0,0,6.02,6,price,discount bundles make me more willing to buy,2,Value Seekers
R003998,convenience_first,37,15248.67,tier_2,douyin,healthy_snack,5.79,7.26,8.98,5.84,26.89,1,1,0,0,0,6.72,7,price,discount bundles make me more willing to buy,3,Convenience Driven
R003999,quality_first,28,20588.04,tier_1,xiaohongshu,ready_to_drink,3.66,8.12,6.99,6.76,33.44,1,1,1,1,7,10.0,9,quality,quality improvement would make me repurchase more often,1,Quality Loyalists
R004000,value_seekers,40,9327.6,tier_3_plus,xiaohongshu,personal_care,8.34,5.17,6.36,4.57,21.8,1,1,1,1,2,7.35,7,promotion,livestream promotion helps me discover new products,2,Value Seekers
R004001,eco_advocates,33,8043.45,new_tier_1,douyin,personal_care,5.8,7.7,6.96,8.68,30.61,1,0,0,0,0,8.44,8,sustainability,sustainability claims need to be more credible,4,Eco Advocates
R004002,quality_first,26,6036.26,tier_1,jd,home_cleaning,5.92,10.0,5.92,6.15,28.9,1,1,0,0,2,8.83,10,price,discount bundles make me more willing to buy,1,Quality Loyalists
R004003,new_explorers,33,5247.81,tier_1,jd,ready_to_drink,6.36,6.56,6.84,4.64,18.08,1,1,1,1,1,7.12,7,packaging,the package design should show product benefits more clearly,0,High Value Fans
R004004,value_seekers,37,19070.93,tier_2,offline_supermarket,home_cleaning,7.54,5.61,6.2,3.95,17.6,1,1,1,1,1,8.64,8,price,discount bundles make me more willing to buy,0,High Value Fans
R004005,eco_advocates,31,10600.31,new_tier_1,jd,home_cleaning,5.23,7.16,5.18,8.76,30.49,0,0,0,0,0,8.34,10,sustainability,I prefer brands with recyclable packaging,4,Eco Advocates
R004006,new_explorers,27,6818.41,tier_1,tmall,personal_care,6.39,5.23,5.31,6.38,14.27,1,0,0,0,1,8.24,7,price,discount bundles make me more willing to buy,0,High Value Fans
R004007,quality_first,40,5374.43,tier_2,private_domain,healthy_snack,3.88,10.0,8.23,6.63,36.63,1,1,1,1,2,10.0,10,quality,quality improvement would make me repurchase more often,1,Quality Loyalists
R004008,convenience_first,40,4687.77,new_tier_1,tmall,personal_care,6.71,7.04,10.0,6.55,26.16,1,0,0,0,0,8.86,7,quality,the product quality is stable and trustworthy,3,Convenience Driven
R004009,convenience_first,18,8702.13,tier_2,tmall,healthy_snack,7.36,6.93,9.04,6.38,22.06,1,1,1,1,11,9.65,9,packaging,portable packaging is useful for work and travel,3,Convenience Driven
R004010,value_seekers,21,11938.38,tier_2,jd,personal_care,8.19,6.74,5.6,4.65,19.51,1,1,1,1,0,5.93,4,promotion,KOL reviews are useful but need to be authentic,2,Value Seekers
R004011,eco_advocates,36,6340.5,new_tier_1,offline_supermarket,healthy_snack,4.85,8.12,7.38,8.76,26.56,1,1,1,1,2,10.0,10,packaging,the package design should show product benefits more clearly,4,Eco Advocates
R004012,eco_advocates,39,11415.19,tier_2,offline_supermarket,ready_to_drink,4.22,6.9,7.59,9.21,27.81,1,1,1,1,8,10.0,7,sustainability,low carbon packaging would improve brand impression,4,Eco Advocates
R004013,new_explorers,18,6813.78,tier_2,offline_supermarket,home_cleaning,6.24,6.77,6.18,5.91,24.07,1,0,0,1,5,8.94,9,quality,quality improvement would make me repurchase more often,0,High Value Fans
R004014,convenience_first,22,4931.98,tier_3_plus,tmall,ready_to_drink,5.78,6.7,8.78,4.86,26.64,1,1,0,0,0,7.63,8,delivery,delivery speed affects whether I choose the brand,3,Convenience Driven
R004015,value_seekers,29,9598.02,tier_3_plus,tmall,ready_to_drink,7.17,6.29,5.72,5.46,19.14,1,1,1,1,5,7.8,5,delivery,offline availability is not always convenient,0,High Value Fans
R004016,value_seekers,27,14945.41,tier_1,douyin,home_cleaning,7.6,6.65,6.82,3.86,17.5,1,1,0,0,0,7.26,6,price,I compare price across platforms before purchase,2,Value Seekers
R004017,quality_first,32,5967.17,tier_2,jd,healthy_snack,5.49,8.11,7.67,5.9,30.14,1,0,0,0,0,8.47,7,price,discount bundles make me more willing to buy,1,Quality Loyalists
R004018,convenience_first,35,10914.54,tier_2,douyin,home_cleaning,5.98,7.66,10.0,4.99,29.73,0,0,0,0,0,7.94,6,packaging,portable packaging is useful for work and travel,3,Convenience Driven
R004019,value_seekers,23,5984.49,new_tier_1,xiaohongshu,ready_to_drink,7.85,6.65,5.96,4.58,20.15,0,0,0,0,0,6.57,5,price,I compare price across platforms before purchase,2,Value Seekers
R004020,convenience_first,20,6162.19,tier_1,xiaohongshu,healthy_snack,5.73,5.9,8.59,5.63,28.85,1,1,1,1,1,9.86,9,price,the price feels high without promotion,3,Convenience Driven
R004021,convenience_first,29,9384.88,tier_2,xiaohongshu,healthy_snack,5.06,6.51,10.0,5.98,29.67,0,0,1,1,1,10.0,10,quality,quality improvement would make me repurchase more often,3,Convenience Driven
R004022,convenience_first,19,8638.19,new_tier_1,offline_supermarket,ready_to_drink,6.65,6.59,9.44,5.2,17.56,1,0,0,0,0,5.77,6,price,the price feels high without promotion,2,Value Seekers
R004023,convenience_first,38,4742.39,tier_2,jd,home_cleaning,5.61,6.52,7.97,6.29,25.16,0,1,1,1,3,9.88,10,promotion,livestream promotion helps me discover new products,3,Convenience Driven
R004024,eco_advocates,35,12907.32,tier_3_plus,jd,ready_to_drink,4.81,7.97,6.57,9.79,28.72,0,0,0,1,7,9.23,9,delivery,stockouts make me switch to other brands,4,Eco Advocates
R004025,new_explorers,33,11906.39,new_tier_1,tmall,healthy_snack,7.65,7.35,6.94,7.16,23.85,0,0,0,1,3,7.69,9,quality,the product quality is stable and trustworthy,0,High Value Fans
R004026,value_seekers,32,7140.35,tier_1,tmall,personal_care,8.51,6.17,6.08,3.83,16.09,0,0,1,1,1,6.04,8,sustainability,low carbon packaging would improve brand impression,2,Value Seekers
R004027,new_explorers,33,9130.4,tier_3_plus,tmall,ready_to_drink,6.77,7.0,5.48,6.01,23.42,1,1,1,1,6,6.69,6,sustainability,low carbon packaging would improve brand impression,0,High Value Fans
R004028,new_explorers,32,23957.01,tier_2,jd,home_cleaning,4.82,5.82,7.39,7.11,26.53,1,1,1,1,4,9.51,9,sustainability,low carbon packaging would improve brand impression,3,Convenience Driven
R004029,value_seekers,20,10456.9,tier_2,xiaohongshu,healthy_snack,9.42,5.75,4.87,4.05,20.57,0,1,1,1,3,6.76,7,delivery,delivery speed affects whether I choose the brand,2,Value Seekers
R004030,value_seekers,26,5893.56,tier_3_plus,private_domain,personal_care,10.0,5.92,6.63,5.32,18.96,1,0,0,0,0,5.82,6,packaging,portable packaging is useful for work and travel,2,Value Seekers
R004031,value_seekers,39,6771.03,tier_2,offline_supermarket,personal_care,8.28,4.47,5.86,5.64,20.82,1,1,0,0,1,5.0,4,price,I compare price across platforms before purchase,2,Value Seekers
R004032,quality_first,43,8484.17,tier_3_plus,offline_supermarket,ready_to_drink,4.81,7.59,6.46,4.93,34.46,0,0,0,0,0,7.96,9,promotion,KOL reviews are useful but need to be authentic,1,Quality Loyalists
R004033,convenience_first,31,18382.87,tier_1,xiaohongshu,healthy_snack,6.37,8.8,8.73,5.46,29.48,1,1,1,1,5,10.0,9,delivery,delivery speed affects whether I choose the brand,3,Convenience Driven
R004034,convenience_first,37,26226.96,tier_1,tmall,personal_care,5.26,5.09,6.77,6.59,23.98,1,1,1,0,1,7.43,9,delivery,offline availability is not always convenient,0,High Value Fans
R004035,value_seekers,43,18259.57,tier_3_plus,jd,personal_care,7.6,6.2,4.94,3.9,24.45,1,0,0,0,0,5.52,5,sustainability,sustainability claims need to be more credible,2,Value Seekers
R004036,value_seekers,33,19685.29,tier_2,private_domain,ready_to_drink,8.47,6.28,6.64,4.81,19.21,1,1,1,0,1,8.89,9,promotion,KOL reviews are useful but need to be authentic,0,High Value Fans
R004037,value_seekers,39,23063.12,tier_2,xiaohongshu,personal_care,8.91,5.81,6.06,5.81,20.69,1,0,0,1,4,8.01,7,price,the price feels high without promotion,0,High Value Fans
R004038,eco_advocates,30,10925.47,tier_3_plus,tmall,ready_to_drink,3.92,6.69,7.9,10.0,34.31,0,1,1,1,6,8.16,9,delivery,offline availability is not always convenient,4,Eco Advocates
R004039,convenience_first,33,15400.85,tier_1,xiaohongshu,home_cleaning,4.63,7.97,8.78,4.32,28.2,1,1,1,1,3,9.51,10,promotion,membership coupons can increase repeat purchase,3,Convenience Driven
R004040,quality_first,18,5916.14,tier_3_plus,tmall,home_cleaning,5.26,8.22,6.26,5.19,26.85,1,1,1,1,2,8.03,8,promotion,membership coupons can increase repeat purchase,1,Quality Loyalists
R004041,convenience_first,36,6167.16,tier_2,jd,ready_to_drink,4.95,6.1,9.03,5.51,22.06,0,0,1,1,6,9.35,10,price,the price feels high without promotion,3,Convenience Driven
R004042,value_seekers,24,8468.0,tier_1,private_domain,personal_care,8.35,5.6,4.77,5.37,25.66,1,1,1,0,3,5.21,3,price,the price feels high without promotion,2,Value Seekers
R004043,convenience_first,38,14400.27,tier_1,private_domain,healthy_snack,5.31,5.93,9.24,4.4,25.6,1,1,1,1,5,9.12,10,delivery,offline availability is not always convenient,3,Convenience Driven
R004044,quality_first,32,4045.27,tier_1,private_domain,personal_care,4.59,10.0,7.27,5.83,30.41,1,0,1,0,0,10.0,10,quality,the product quality is stable and trustworthy,1,Quality Loyalists
R004045,convenience_first,33,7981.12,new_tier_1,offline_supermarket,home_cleaning,5.63,8.35,10.0,5.7,28.46,1,1,1,1,3,10.0,9,price,discount bundles make me more willing to buy,3,Convenience Driven
R004046,quality_first,43,10186.75,new_tier_1,douyin,ready_to_drink,4.16,8.39,6.25,6.65,32.77,1,1,0,1,1,9.3,10,sustainability,sustainability claims need to be more credible,1,Quality Loyalists
R004047,eco_advocates,18,4875.6,tier_2,tmall,ready_to_drink,5.31,8.98,5.56,8.87,31.17,0,1,0,0,1,8.64,8,promotion,KOL reviews are useful but need to be authentic,4,Eco Advocates
R004048,new_explorers,35,14947.57,tier_2,xiaohongshu,healthy_snack,6.63,7.5,5.28,7.17,15.65,1,1,1,0,0,8.71,9,packaging,the packaging is convenient but could look more premium,0,High Value Fans
R004049,quality_first,32,13718.04,tier_2,tmall,healthy_snack,3.33,8.96,5.8,7.45,30.7,1,1,0,1,2,10.0,9,packaging,the package design should show product benefits more clearly,1,Quality Loyalists
R004050,eco_advocates,39,7895.24,tier_2,douyin,home_cleaning,6.18,9.39,5.51,8.96,35.5,0,1,1,0,2,7.29,7,sustainability,I prefer brands with recyclable packaging,4,Eco Advocates
R004051,quality_first,28,6855.12,new_tier_1,offline_supermarket,home_cleaning,5.34,8.13,7.52,4.93,30.33,0,0,0,0,1,8.1,10,promotion,membership coupons can increase repeat purchase,1,Quality Loyalists
R004052,value_seekers,29,10481.33,new_tier_1,tmall,home_cleaning,8.02,7.38,7.39,4.19,11.7,0,0,0,0,1,5.32,5,price,discount bundles make me more willing to buy,2,Value Seekers
R004053,value_seekers,28,9783.4,tier_2,douyin,healthy_snack,7.7,7.27,5.21,4.97,28.14,1,1,0,0,0,6.36,8,packaging,portable packaging is useful for work and travel,2,Value Seekers
R004054,convenience_first,38,8793.12,tier_1,douyin,ready_to_drink,6.01,6.82,8.61,5.64,23.45,1,1,1,0,3,6.6,6,sustainability,I prefer brands with recyclable packaging,3,Convenience Driven
R004055,new_explorers,37,10543.31,new_tier_1,private_domain,healthy_snack,6.11,8.16,6.45,6.52,24.35,0,1,1,1,5,9.66,10,packaging,the packaging is convenient but could look more premium,1,Quality Loyalists
R004056,quality_first,30,7573.22,new_tier_1,tmall,healthy_snack,4.53,8.94,6.95,6.98,34.04,0,0,0,1,4,10.0,10,delivery,offline availability is not always convenient,1,Quality Loyalists
R004057,quality_first,32,6528.09,new_tier_1,tmall,home_cleaning,4.46,9.73,5.87,6.09,25.99,1,1,1,1,2,10.0,10,packaging,the package design should show product benefits more clearly,1,Quality Loyalists
R004058,quality_first,41,4058.61,tier_1,jd,home_cleaning,5.37,9.57,7.24,6.42,32.06,1,1,1,1,3,9.42,9,price,the price feels high without promotion,1,Quality Loyalists
R004059,value_seekers,46,11782.23,new_tier_1,offline_supermarket,ready_to_drink,7.31,6.28,6.36,5.35,21.0,1,1,1,1,2,6.82,6,price,I compare price across platforms before purchase,2,Value Seekers
R004060,new_explorers,27,6924.52,new_tier_1,private_domain,personal_care,7.16,7.02,7.42,7.86,19.94,1,0,0,0,0,7.38,7,quality,I care about ingredients and product safety,0,High Value Fans
R004061,convenience_first,26,8124.51,tier_1,tmall,personal_care,6.24,7.22,9.28,5.11,24.63,1,1,1,1,2,8.26,6,packaging,the packaging is convenient but could look more premium,3,Convenience Driven
R004062,eco_advocates,25,12893.49,tier_1,jd,personal_care,4.38,7.13,6.9,9.41,39.65,1,1,1,1,3,8.07,7,delivery,offline availability is not always convenient,4,Eco Advocates
R004063,convenience_first,37,11792.69,tier_3_plus,tmall,healthy_snack,4.59,5.81,9.99,4.48,21.26,0,0,1,1,1,8.99,10,quality,I care about ingredients and product safety,3,Convenience Driven
R004064,convenience_first,18,12799.58,tier_3_plus,private_domain,home_cleaning,4.38,7.43,8.84,4.99,27.33,1,1,1,1,3,10.0,10,delivery,delivery speed affects whether I choose the brand,3,Convenience Driven
R004065,eco_advocates,21,10000.36,tier_3_plus,jd,ready_to_drink,6.01,8.01,7.16,9.2,33.28,0,0,0,0,1,8.96,9,sustainability,sustainability claims need to be more credible,4,Eco Advocates
R004066,new_explorers,30,10432.75,tier_2,tmall,healthy_snack,7.19,5.77,6.03,7.05,16.79,1,1,1,0,1,8.1,9,delivery,delivery speed affects whether I choose the brand,0,High Value Fans
R004067,eco_advocates,34,9951.08,tier_1,private_domain,personal_care,6.15,7.76,6.35,9.44,35.11,1,0,1,1,1,9.09,9,delivery,offline availability is not always convenient,4,Eco Advocates
R004068,convenience_first,35,16647.31,tier_2,offline_supermarket,ready_to_drink,4.22,6.43,8.41,4.32,24.2,1,1,1,0,1,9.16,10,price,the price feels high without promotion,3,Convenience Driven
R004069,eco_advocates,43,20022.16,new_tier_1,offline_supermarket,home_cleaning,6.04,8.32,6.26,9.75,40.15,0,1,0,1,4,10.0,10,delivery,delivery speed affects whether I choose the brand,4,Eco Advocates
R004070,quality_first,40,13846.47,new_tier_1,jd,personal_care,4.04,8.47,7.35,6.86,34.38,0,0,0,0,3,9.1,9,quality,quality improvement would make me repurchase more often,1,Quality Loyalists
R004071,new_explorers,29,7759.12,new_tier_1,xiaohongshu,ready_to_drink,7.31,6.94,5.63,5.43,20.09,1,1,0,0,1,7.02,8,sustainability,sustainability claims need to be more credible,0,High Value Fans
R004072,value_seekers,43,13176.25,new_tier_1,private_domain,ready_to_drink,7.16,6.2,4.95,4.49,21.05,1,1,1,1,4,7.76,9,sustainability,I prefer brands with recyclable packaging,0,High Value Fans
R004073,convenience_first,23,15173.8,tier_1,offline_supermarket,personal_care,5.11,5.81,10.0,6.61,26.25,1,1,1,1,2,8.08,8,promotion,livestream promotion helps me discover new products,3,Convenience Driven
R004074,new_explorers,18,4982.65,tier_2,private_domain,home_cleaning,6.69,6.42,8.05,7.72,19.52,0,1,0,1,6,9.08,9,packaging,the packaging is convenient but could look more premium,3,Convenience Driven
R004075,value_seekers,24,12912.45,tier_3_plus,private_domain,home_cleaning,10.0,7.36,6.59,5.75,16.43,1,1,1,1,2,6.27,7,promotion,KOL reviews are useful but need to be authentic,2,Value Seekers
R004076,value_seekers,37,5190.12,tier_2,douyin,healthy_snack,7.1,7.92,5.98,3.93,19.2,1,0,0,1,2,7.13,6,price,discount bundles make me more willing to buy,2,Value Seekers
R004077,quality_first,36,21877.51,tier_2,offline_supermarket,healthy_snack,6.24,8.91,6.67,6.01,35.97,0,0,1,1,4,7.87,6,quality,the product quality is stable and trustworthy,1,Quality Loyalists
R004078,new_explorers,32,7323.39,tier_2,xiaohongshu,home_cleaning,6.95,8.07,7.03,6.42,23.37,1,1,1,1,6,10.0,10,packaging,the packaging is convenient but could look more premium,1,Quality Loyalists
R004079,quality_first,54,8922.04,tier_2,douyin,ready_to_drink,3.42,8.76,6.67,3.97,30.55,0,1,1,1,3,9.13,9,delivery,offline availability is not always convenient,1,Quality Loyalists
R004080,quality_first,34,15715.18,tier_2,douyin,healthy_snack,5.8,8.87,6.91,6.54,31.99,1,1,1,1,6,8.77,6,quality,quality improvement would make me repurchase more often,1,Quality Loyalists
R004081,value_seekers,25,7015.27,tier_3_plus,douyin,healthy_snack,7.53,4.81,4.7,5.33,12.52,0,0,0,1,2,7.35,6,price,the price feels high without promotion,2,Value Seekers
R004082,new_explorers,42,10942.28,tier_2,jd,home_cleaning,6.67,6.87,7.45,6.89,24.11,0,0,0,0,0,7.94,7,price,discount bundles make me more willing to buy,0,High Value Fans
R004083,eco_advocates,31,9791.12,tier_1,douyin,ready_to_drink,5.12,7.85,7.11,9.19,34.95,1,1,1,1,2,9.65,9,quality,I care about ingredients and product safety,4,Eco Advocates
R004084,convenience_first,24,11285.09,tier_2,douyin,ready_to_drink,6.24,7.0,8.6,5.57,29.35,1,1,1,1,4,8.36,9,promotion,livestream promotion helps me discover new products,3,Convenience Driven
R004085,convenience_first,27,20808.58,new_tier_1,tmall,personal_care,4.13,6.97,7.64,5.36,27.15,0,1,1,1,2,10.0,10,quality,I care about ingredients and product safety,3,Convenience Driven
R004086,convenience_first,32,6088.13,new_tier_1,offline_supermarket,personal_care,6.69,7.37,9.78,6.52,21.7,0,0,0,1,1,8.78,8,delivery,offline availability is not always convenient,3,Convenience Driven
R004087,eco_advocates,34,13623.2,tier_1,tmall,home_cleaning,5.63,7.08,6.95,8.03,35.26,1,1,1,1,3,8.51,8,packaging,the package design should show product benefits more clearly,4,Eco Advocates
R004088,quality_first,27,15572.83,tier_3_plus,private_domain,healthy_snack,5.64,8.17,6.1,6.79,31.19,0,1,1,1,1,9.19,9,quality,the product quality is stable and trustworthy,1,Quality Loyalists
R004089,new_explorers,30,9031.08,tier_2,douyin,healthy_snack,6.4,7.73,6.11,6.53,15.89,1,1,0,1,2,10.0,10,promotion,membership coupons can increase repeat purchase,0,High Value Fans
R004090,value_seekers,18,16444.9,new_tier_1,offline_supermarket,home_cleaning,7.98,5.71,4.42,5.09,14.82,0,0,0,0,0,5.82,7,sustainability,I prefer brands with recyclable packaging,2,Value Seekers
R004091,value_seekers,19,16950.06,tier_1,jd,ready_to_drink,9.16,6.14,6.82,5.38,21.61,1,1,1,1,4,5.11,3,price,discount bundles make me more willing to buy,2,Value Seekers
R004092,eco_advocates,37,15336.51,tier_3_plus,douyin,home_cleaning,4.34,8.45,7.88,10.0,36.8,1,1,1,1,1,9.97,10,sustainability,I prefer brands with recyclable packaging,4,Eco Advocates
R004093,quality_first,25,14618.63,new_tier_1,tmall,home_cleaning,3.25,10.0,4.55,7.68,36.73,0,1,0,0,0,8.91,8,quality,I care about ingredients and product safety,1,Quality Loyalists
R004094,quality_first,37,10161.58,new_tier_1,offline_supermarket,ready_to_drink,5.9,9.52,7.4,6.64,28.48,1,0,0,0,0,9.42,9,promotion,KOL reviews are useful but need to be authentic,1,Quality Loyalists
R004095,value_seekers,33,19098.48,new_tier_1,jd,healthy_snack,8.03,6.84,6.41,5.56,18.43,1,1,0,0,0,7.89,6,quality,the product quality is stable and trustworthy,2,Value Seekers
R004096,eco_advocates,26,14101.32,tier_1,tmall,healthy_snack,5.41,6.78,6.75,8.92,36.06,1,1,1,1,8,8.94,9,packaging,the packaging is convenient but could look more premium,4,Eco Advocates
R004097,eco_advocates,28,18337.88,new_tier_1,jd,home_cleaning,5.36,7.43,7.05,10.0,25.76,1,1,1,1,2,9.8,10,delivery,delivery speed affects whether I choose the brand,4,Eco Advocates
R004098,convenience_first,18,15467.64,tier_2,douyin,ready_to_drink,4.48,7.27,8.27,5.5,28.8,1,1,0,0,0,9.1,7,price,the price feels high without promotion,3,Convenience Driven
R004099,eco_advocates,39,9275.24,tier_3_plus,douyin,healthy_snack,4.73,6.88,5.68,9.48,30.43,0,0,1,0,2,8.38,9,packaging,the packaging is convenient but could look more premium,4,Eco Advocates
R004100,eco_advocates,33,8720.06,new_tier_1,tmall,healthy_snack,5.57,6.67,6.69,9.59,33.06,1,1,1,1,3,8.27,7,sustainability,I prefer brands with recyclable packaging,4,Eco Advocates
R004101,value_seekers,30,11221.45,tier_3_plus,tmall,personal_care,8.8,6.87,5.82,4.32,19.05,1,1,1,0,3,7.02,7,promotion,KOL reviews are useful but need to be authentic,2,Value Seekers
R004102,convenience_first,23,7393.8,tier_2,tmall,ready_to_drink,6.44,7.86,10.0,5.8,23.56,1,1,1,1,2,9.71,9,quality,quality improvement would make me repurchase more often,3,Convenience Driven
R004103,eco_advocates,32,8867.18,new_tier_1,offline_supermarket,ready_to_drink,5.52,6.39,7.22,9.14,34.43,1,1,0,0,1,9.29,10,sustainability,I prefer brands with recyclable packaging,4,Eco Advocates
R004104,eco_advocates,39,6404.26,new_tier_1,douyin,healthy_snack,4.79,8.92,6.94,8.48,22.71,1,1,1,1,6,8.08,7,delivery,delivery speed affects whether I choose the brand,4,Eco Advocates
R004105,convenience_first,35,13051.79,tier_1,offline_supermarket,ready_to_drink,5.84,7.68,9.05,5.3,25.8,1,1,1,1,5,8.99,9,quality,the product quality is stable and trustworthy,3,Convenience Driven
R004106,quality_first,40,14410.7,new_tier_1,douyin,personal_care,6.22,9.05,6.86,5.42,31.86,1,1,0,1,4,10.0,10,quality,I care about ingredients and product safety,1,Quality Loyalists
R004107,eco_advocates,36,12808.72,tier_1,private_domain,healthy_snack,5.33,8.83,7.12,7.49,37.03,1,1,1,1,3,10.0,10,quality,the product quality is stable and trustworthy,1,Quality Loyalists
R004108,eco_advocates,32,6159.25,tier_3_plus,douyin,ready_to_drink,4.16,8.5,6.38,9.89,36.53,1,1,1,1,3,9.61,9,sustainability,low carbon packaging would improve brand impression,4,Eco Advocates
R004109,value_seekers,29,8519.84,tier_3_plus,jd,healthy_snack,8.78,6.32,5.99,5.43,19.1,0,0,0,0,0,7.81,8,promotion,livestream promotion helps me discover new products,0,High Value Fans
R004110,value_seekers,19,6491.73,tier_1,offline_supermarket,ready_to_drink,9.57,7.51,5.31,6.47,17.44,0,0,1,1,7,7.9,6,quality,quality improvement would make me repurchase more often,0,High Value Fans
R004111,quality_first,24,2743.04,tier_3_plus,douyin,personal_care,5.46,9.2,5.05,6.44,32.86,1,1,1,0,2,9.2,9,quality,the product quality is stable and trustworthy,1,Quality Loyalists
R004112,new_explorers,36,28885.98,tier_3_plus,tmall,personal_care,6.22,5.81,6.94,5.02,27.97,1,1,1,1,3,8.44,9,sustainability,low carbon packaging would improve brand impression,3,Convenience Driven
R004113,quality_first,37,15881.09,tier_2,jd,healthy_snack,4.93,8.79,5.52,5.42,33.62,1,1,1,1,2,10.0,10,quality,the product quality is stable and trustworthy,1,Quality Loyalists
R004114,quality_first,27,7927.65,tier_1,xiaohongshu,personal_care,5.12,9.03,7.15,7.56,32.23,1,1,1,0,1,8.64,9,quality,quality improvement would make me repurchase more often,1,Quality Loyalists
R004115,convenience_first,29,7861.21,tier_3_plus,jd,personal_care,5.24,8.7,10.0,5.21,23.35,1,1,1,1,3,9.8,10,sustainability,I prefer brands with recyclable packaging,3,Convenience Driven
R004116,convenience_first,34,9639.98,new_tier_1,tmall,ready_to_drink,6.24,6.25,8.42,4.07,34.65,1,1,0,0,1,5.6,5,promotion,membership coupons can increase repeat purchase,2,Value Seekers
R004117,quality_first,33,10782.63,tier_1,offline_supermarket,ready_to_drink,4.28,10.0,6.22,7.0,29.75,0,1,1,1,4,9.72,10,price,I compare price across platforms before purchase,1,Quality Loyalists
R004118,value_seekers,28,20314.13,new_tier_1,douyin,home_cleaning,9.76,5.83,5.45,5.11,17.08,1,1,0,0,0,6.68,5,price,I compare price across platforms before purchase,2,Value Seekers
R004119,new_explorers,28,16248.85,tier_3_plus,offline_supermarket,ready_to_drink,6.23,6.42,6.74,6.05,19.25,1,1,1,1,4,8.5,8,promotion,livestream promotion helps me discover new products,0,High Value Fans
R004120,value_seekers,35,6991.5,new_tier_1,douyin,home_cleaning,8.33,6.29,5.79,4.61,14.47,1,1,0,0,2,7.81,10,quality,quality improvement would make me repurchase more often,0,High Value Fans
R004121,new_explorers,35,10642.77,tier_2,jd,personal_care,6.4,6.45,6.36,6.16,21.83,0,1,1,1,3,10.0,10,sustainability,sustainability claims need to be more credible,0,High Value Fans
R004122,quality_first,30,12773.17,tier_2,tmall,personal_care,5.5,8.96,6.11,5.73,33.92,1,1,0,0,0,9.54,10,promotion,livestream promotion helps me discover new products,1,Quality Loyalists
R004123,quality_first,40,10242.62,tier_2,tmall,home_cleaning,4.1,8.82,6.46,6.61,34.72,0,1,1,1,3,8.35,7,promotion,membership coupons can increase repeat purchase,1,Quality Loyalists
R004124,quality_first,18,12284.86,tier_3_plus,jd,healthy_snack,4.36,9.18,7.68,5.9,30.65,0,0,0,0,0,6.76,5,quality,the product quality is stable and trustworthy,1,Quality Loyalists
R004125,value_seekers,40,10079.17,tier_3_plus,jd,ready_to_drink,7.86,6.25,3.63,3.43,9.5,1,1,1,1,0,6.48,4,promotion,membership coupons can increase repeat purchase,2,Value Seekers
R004126,eco_advocates,19,7507.44,tier_2,xiaohongshu,ready_to_drink,4.35,6.84,5.42,8.77,33.35,1,1,0,0,0,10.0,10,sustainability,low carbon packaging would improve brand impression,4,Eco Advocates
R004127,convenience_first,30,19473.03,tier_1,offline_supermarket,personal_care,4.0,9.44,9.42,6.13,29.85,0,0,0,0,2,8.89,10,delivery,offline availability is not always convenient,1,Quality Loyalists
R004128,value_seekers,27,10333.9,tier_3_plus,jd,home_cleaning,8.34,5.08,5.09,4.58,10.47,0,0,1,0,1,7.09,9,price,discount bundles make me more willing to buy,0,High Value Fans
R004129,value_seekers,29,4624.6,tier_2,douyin,home_cleaning,9.26,6.95,6.32,5.39,13.13,0,0,1,1,7,7.8,6,price,the price feels high without promotion,0,High Value Fans
R004130,convenience_first,22,9094.54,tier_2,douyin,healthy_snack,6.16,6.22,9.51,4.43,27.76,0,0,1,1,8,9.22,8,promotion,KOL reviews are useful but need to be authentic,3,Convenience Driven
R004131,new_explorers,26,5558.87,new_tier_1,douyin,ready_to_drink,7.09,6.78,6.5,6.92,20.23,1,1,1,1,1,8.66,9,promotion,livestream promotion helps me discover new products,0,High Value Fans
R004132,quality_first,25,13578.51,new_tier_1,xiaohongshu,home_cleaning,5.46,9.36,6.08,5.97,32.56,0,0,1,1,4,10.0,10,quality,I care about ingredients and product safety,1,Quality Loyalists
R004133,eco_advocates,37,15527.13,tier_2,tmall,ready_to_drink,4.4,7.68,7.12,8.59,36.38,0,1,0,0,0,9.26,8,promotion,membership coupons can increase repeat purchase,4,Eco Advocates
R004134,convenience_first,19,6786.15,tier_1,jd,personal_care,5.66,6.47,9.18,3.56,27.98,1,1,1,1,6,8.58,10,quality,I care about ingredients and product safety,3,Convenience Driven
R004135,value_seekers,37,9954.07,tier_2,jd,healthy_snack,9.07,7.59,6.09,5.89,23.75,0,0,0,0,0,7.18,6,sustainability,sustainability claims need to be more credible,2,Value Seekers
R004136,value_seekers,26,9010.35,new_tier_1,tmall,personal_care,7.67,5.78,6.15,4.89,11.07,1,1,1,1,1,8.49,9,price,I compare price across platforms before purchase,0,High Value Fans
R004137,eco_advocates,30,19166.75,tier_1,jd,personal_care,7.48,6.69,5.12,9.95,39.32,1,1,1,1,4,9.27,9,sustainability,low carbon packaging would improve brand impression,4,Eco Advocates
R004138,eco_advocates,38,11034.16,tier_1,xiaohongshu,home_cleaning,5.82,7.6,6.09,9.09,29.5,0,1,1,1,3,9.32,6,quality,the product quality is stable and trustworthy,4,Eco Advocates
R004139,convenience_first,44,14762.56,tier_1,offline_supermarket,ready_to_drink,5.35,7.04,8.39,5.45,34.82,0,0,0,1,1,8.15,7,delivery,stockouts make me switch to other brands,3,Convenience Driven
R004140,convenience_first,27,12944.19,tier_1,offline_supermarket,healthy_snack,4.94,7.96,7.78,5.51,29.66,1,0,1,0,0,8.2,8,quality,the product quality is stable and trustworthy,3,Convenience Driven
R004141,quality_first,18,13806.92,tier_1,private_domain,ready_to_drink,4.83,9.41,6.16,7.63,30.48,1,1,1,0,0,8.12,8,quality,the product quality is stable and trustworthy,1,Quality Loyalists
R004142,value_seekers,38,7764.56,tier_3_plus,jd,healthy_snack,9.01,7.27,7.1,6.88,13.63,0,0,0,0,0,8.3,7,quality,I care about ingredients and product safety,0,High Value Fans
R004143,convenience_first,27,11784.19,new_tier_1,tmall,personal_care,4.64,8.1,9.08,5.05,26.34,1,1,1,1,5,7.47,9,promotion,livestream promotion helps me discover new products,3,Convenience Driven
R004144,quality_first,40,16733.8,tier_2,douyin,personal_care,3.58,9.28,5.69,6.11,31.71,1,1,1,1,5,9.97,9,quality,the product quality is stable and trustworthy,1,Quality Loyalists
R004145,value_seekers,40,5949.27,new_tier_1,tmall,personal_care,8.75,5.28,7.5,4.57,14.74,1,0,0,1,6,5.23,4,quality,the product quality is stable and trustworthy,2,Value Seekers
R004146,quality_first,38,6343.22,tier_1,jd,healthy_snack,5.35,10.0,7.31,6.63,35.45,0,0,1,1,0,10.0,10,quality,the product quality is stable and trustworthy,1,Quality Loyalists
R004147,convenience_first,35,10600.6,tier_3_plus,xiaohongshu,healthy_snack,6.16,7.04,7.85,4.79,26.31,0,0,0,0,0,8.78,6,quality,the product quality is stable and trustworthy,3,Convenience Driven
R004148,value_seekers,27,20385.58,tier_1,douyin,home_cleaning,8.07,5.57,7.21,4.47,21.25,0,0,0,1,7,6.22,5,promotion,membership coupons can increase repeat purchase,2,Value Seekers
R004149,new_explorers,28,6566.14,tier_1,douyin,healthy_snack,6.17,7.47,6.1,7.03,23.51,0,0,0,0,0,7.67,8,sustainability,low carbon packaging would improve brand impression,0,High Value Fans
R004150,quality_first,34,9946.69,new_tier_1,tmall,ready_to_drink,5.61,8.75,7.15,7.19,27.1,1,1,0,0,0,7.15,6,quality,I care about ingredients and product safety,1,Quality Loyalists
R004151,quality_first,18,4176.31,tier_1,tmall,healthy_snack,5.36,8.01,6.91,5.41,38.04,1,1,1,1,5,10.0,10,sustainability,sustainability claims need to be more credible,1,Quality Loyalists
R004152,quality_first,38,15992.46,tier_1,tmall,ready_to_drink,3.69,10.0,5.71,7.06,31.82,0,0,1,1,4,9.65,10,sustainability,low carbon packaging would improve brand impression,1,Quality Loyalists
R004153,value_seekers,26,19180.96,tier_2,jd,ready_to_drink,7.5,5.47,5.87,5.4,24.53,0,0,0,1,2,8.89,10,quality,quality improvement would make me repurchase more often,0,High Value Fans
R004154,quality_first,36,12680.97,tier_2,offline_supermarket,healthy_snack,4.24,7.81,5.36,6.35,30.28,1,1,1,0,1,8.1,7,quality,quality improvement would make me repurchase more often,1,Quality Loyalists
R004155,quality_first,23,8506.36,new_tier_1,douyin,healthy_snack,4.39,8.87,6.66,6.79,28.54,1,1,1,1,2,10.0,10,promotion,livestream promotion helps me discover new products,1,Quality Loyalists
R004156,quality_first,25,15395.95,tier_2,offline_supermarket,healthy_snack,5.77,8.98,5.78,6.34,31.3,0,1,1,1,4,9.92,10,promotion,KOL reviews are useful but need to be authentic,1,Quality Loyalists
R004157,convenience_first,26,11696.9,tier_2,jd,personal_care,4.47,5.51,8.05,4.12,23.91,0,1,0,0,0,6.82,8,quality,quality improvement would make me repurchase more often,3,Convenience Driven
R004158,convenience_first,29,6683.61,new_tier_1,douyin,ready_to_drink,5.79,8.35,8.84,5.73,29.95,0,1,1,1,4,9.98,10,packaging,the packaging is convenient but could look more premium,3,Convenience Driven
R004159,quality_first,42,5739.18,tier_1,xiaohongshu,ready_to_drink,4.31,8.56,7.84,5.44,33.46,1,0,0,0,0,8.9,10,quality,I care about ingredients and product safety,1,Quality Loyalists
R004160,eco_advocates,25,6223.9,tier_1,tmall,healthy_snack,5.16,7.38,5.37,9.45,31.46,0,0,0,0,0,7.1,7,quality,quality improvement would make me repurchase more often,4,Eco Advocates
R004161,convenience_first,46,5529.13,tier_2,offline_supermarket,healthy_snack,6.74,7.5,8.12,5.74,22.06,0,0,0,0,1,8.64,9,delivery,delivery speed affects whether I choose the brand,3,Convenience Driven
R004162,eco_advocates,49,12450.01,new_tier_1,offline_supermarket,ready_to_drink,3.75,7.48,6.48,7.71,38.04,1,1,1,0,0,7.48,6,packaging,the package design should show product benefits more clearly,4,Eco Advocates
R004163,convenience_first,25,15926.79,tier_2,tmall,healthy_snack,6.64,6.3,8.23,5.28,25.4,0,1,1,0,2,6.53,6,delivery,delivery speed affects whether I choose the brand,2,Value Seekers
R004164,quality_first,36,5442.15,tier_1,offline_supermarket,home_cleaning,4.61,10.0,8.64,6.18,35.64,0,0,0,1,6,10.0,8,quality,the product quality is stable and trustworthy,1,Quality Loyalists
R004165,eco_advocates,25,15313.94,tier_2,douyin,personal_care,7.63,6.96,5.98,9.02,34.31,1,1,1,0,3,6.87,9,price,the price feels high without promotion,4,Eco Advocates
R004166,convenience_first,29,8959.18,new_tier_1,tmall,home_cleaning,5.16,6.41,9.71,5.48,28.36,0,0,1,1,5,8.05,8,packaging,portable packaging is useful for work and travel,3,Convenience Driven
R004167,new_explorers,22,7258.54,new_tier_1,xiaohongshu,healthy_snack,6.05,5.26,5.65,7.26,20.95,1,1,0,0,0,6.31,6,quality,I care about ingredients and product safety,2,Value Seekers
R004168,eco_advocates,33,7792.55,new_tier_1,douyin,healthy_snack,4.0,7.83,6.92,8.88,32.92,1,1,1,1,5,10.0,10,promotion,livestream promotion helps me discover new products,4,Eco Advocates
R004169,new_explorers,34,14888.19,tier_2,offline_supermarket,home_cleaning,5.81,7.31,4.82,6.41,18.66,1,1,0,0,0,5.88,5,delivery,stockouts make me switch to other brands,2,Value Seekers
R004170,convenience_first,33,9775.69,new_tier_1,xiaohongshu,personal_care,5.14,6.34,8.45,4.41,25.31,1,1,1,1,6,6.99,8,packaging,the packaging is convenient but could look more premium,3,Convenience Driven
R004171,convenience_first,35,12112.47,tier_2,jd,ready_to_drink,6.54,7.56,8.89,6.26,21.68,0,0,0,1,2,10.0,10,promotion,livestream promotion helps me discover new products,3,Convenience Driven
R004172,quality_first,27,7757.47,tier_1,douyin,personal_care,3.93,7.3,7.62,6.22,31.62,0,1,1,1,4,10.0,10,quality,I care about ingredients and product safety,1,Quality Loyalists
R004173,eco_advocates,21,7196.28,tier_1,xiaohongshu,personal_care,6.47,6.82,6.92,9.99,29.99,1,1,1,1,4,8.73,9,sustainability,sustainability claims need to be more credible,4,Eco Advocates
R004174,new_explorers,35,6260.92,tier_2,offline_supermarket,ready_to_drink,7.05,6.5,6.01,5.99,23.76,0,1,1,1,4,7.74,8,promotion,KOL reviews are useful but need to be authentic,0,High Value Fans
R004175,quality_first,21,8244.77,tier_1,jd,healthy_snack,3.05,8.42,7.12,6.34,25.98,0,1,1,1,2,10.0,9,quality,quality improvement would make me repurchase more often,1,Quality Loyalists
R004176,value_seekers,30,5372.55,tier_3_plus,douyin,healthy_snack,10.0,7.95,6.29,4.48,16.6,1,1,1,1,3,8.07,9,promotion,livestream promotion helps me discover new products,0,High Value Fans
R004177,value_seekers,39,13807.36,new_tier_1,offline_supermarket,personal_care,9.37,5.59,5.41,4.33,18.36,1,0,0,0,0,6.39,7,packaging,the packaging is convenient but could look more premium,2,Value Seekers
R004178,value_seekers,39,11795.08,tier_1,offline_supermarket,ready_to_drink,8.92,5.62,6.6,5.76,13.76,0,1,0,0,0,5.25,5,price,discount bundles make me more willing to buy,2,Value Seekers
R004179,quality_first,36,9040.45,tier_2,tmall,ready_to_drink,5.06,8.27,7.99,8.03,28.82,1,1,1,0,3,7.71,6,promotion,livestream promotion helps me discover new products,4,Eco Advocates
R004180,value_seekers,39,7012.08,tier_1,douyin,ready_to_drink,10.0,7.29,4.74,6.95,11.94,1,0,0,0,0,5.47,6,price,I compare price across platforms before purchase,2,Value Seekers
R004181,quality_first,18,4271.14,new_tier_1,xiaohongshu,ready_to_drink,5.73,10.0,5.91,6.16,31.09,0,0,1,1,3,9.69,10,quality,quality improvement would make me repurchase more often,1,Quality Loyalists
R004182,convenience_first,36,7827.21,new_tier_1,xiaohongshu,personal_care,7.4,6.87,9.5,4.02,21.19,1,1,1,1,3,10.0,10,sustainability,low carbon packaging would improve brand impression,3,Convenience Driven
R004183,value_seekers,32,5006.43,new_tier_1,jd,personal_care,7.88,7.2,5.27,3.29,11.21,1,1,1,1,3,7.5,7,delivery,delivery speed affects whether I choose the brand,0,High Value Fans
R004184,convenience_first,34,12424.35,tier_2,douyin,healthy_snack,5.93,6.28,8.55,5.25,24.05,0,0,0,0,1,6.88,6,promotion,KOL reviews are useful but need to be authentic,3,Convenience Driven
R004185,new_explorers,26,11691.4,tier_2,offline_supermarket,healthy_snack,6.2,7.07,5.59,5.81,24.9,0,1,1,0,0,5.96,6,price,discount bundles make me more willing to buy,2,Value Seekers
R004186,value_seekers,32,11051.89,tier_1,jd,ready_to_drink,8.77,7.95,4.77,4.22,15.98,1,0,0,0,3,6.53,6,price,discount bundles make me more willing to buy,2,Value Seekers
R004187,value_seekers,24,4266.91,tier_1,jd,home_cleaning,9.66,6.11,6.54,5.03,13.74,1,0,0,1,4,6.92,7,quality,quality improvement would make me repurchase more often,2,Value Seekers
R004188,convenience_first,24,13177.97,new_tier_1,tmall,personal_care,5.6,5.98,8.45,5.11,35.17,0,1,1,0,1,7.01,5,price,the price feels high without promotion,3,Convenience Driven
R004189,value_seekers,20,8004.75,new_tier_1,douyin,healthy_snack,8.77,6.79,6.1,5.26,16.06,1,1,0,0,1,7.58,6,packaging,the package design should show product benefits more clearly,2,Value Seekers
R004190,eco_advocates,26,14289.57,tier_1,tmall,healthy_snack,4.75,9.88,6.87,9.43,42.37,1,1,0,0,2,10.0,10,quality,I care about ingredients and product safety,4,Eco Advocates
R004191,convenience_first,23,5351.55,tier_3_plus,tmall,personal_care,5.82,6.3,9.3,4.97,21.81,1,1,1,0,1,8.95,10,delivery,delivery speed affects whether I choose the brand,3,Convenience Driven
R004192,value_seekers,21,11444.79,tier_2,offline_supermarket,healthy_snack,8.21,7.38,4.48,4.95,18.55,0,1,1,1,3,7.62,8,price,discount bundles make me more willing to buy,0,High Value Fans
R004193,eco_advocates,37,10975.87,new_tier_1,private_domain,home_cleaning,7.79,8.89,6.62,8.66,30.09,1,1,0,1,2,8.49,10,sustainability,low carbon packaging would improve brand impression,4,Eco Advocates
R004194,eco_advocates,35,14153.95,tier_1,tmall,personal_care,4.72,8.4,5.84,7.79,33.65,1,1,1,1,2,8.97,10,price,the price feels high without promotion,1,Quality Loyalists
R004195,convenience_first,23,8087.78,tier_1,offline_supermarket,personal_care,5.13,7.73,9.95,5.24,25.55,1,1,1,1,2,10.0,10,delivery,delivery speed affects whether I choose the brand,3,Convenience Driven
R004196,new_explorers,34,8439.27,new_tier_1,tmall,ready_to_drink,7.05,6.17,6.43,4.99,25.29,0,1,1,1,3,8.15,9,price,I compare price across platforms before purchase,0,High Value Fans
R004197,value_seekers,25,4705.74,new_tier_1,douyin,healthy_snack,9.71,5.94,5.6,5.84,21.83,1,1,1,0,0,2.14,0,price,discount bundles make me more willing to buy,2,Value Seekers
R004198,eco_advocates,30,3544.42,tier_2,douyin,healthy_snack,5.57,7.74,6.15,10.0,26.35,1,1,1,1,4,10.0,9,price,I compare price across platforms before purchase,4,Eco Advocates
R004199,convenience_first,34,4837.68,tier_1,jd,ready_to_drink,5.96,5.19,8.73,6.18,32.75,1,1,1,1,3,8.66,9,promotion,livestream promotion helps me discover new products,3,Convenience Driven
R004200,value_seekers,32,17332.06,tier_3_plus,xiaohongshu,healthy_snack,8.37,5.91,5.06,5.31,19.02,1,1,0,0,0,7.73,8,delivery,stockouts make me switch to other brands,0,High Value Fans
R004201,eco_advocates,24,9517.67,new_tier_1,tmall,healthy_snack,5.41,5.67,6.76,7.76,25.43,1,1,1,0,2,7.15,7,quality,the product quality is stable and trustworthy,0,High Value Fans
R004202,convenience_first,38,7822.98,tier_3_plus,xiaohongshu,ready_to_drink,6.09,6.41,8.64,5.29,18.77,0,0,0,0,0,8.46,10,price,discount bundles make me more willing to buy,3,Convenience Driven
R004203,value_seekers,30,7558.68,tier_2,offline_supermarket,home_cleaning,9.12,6.56,7.09,6.94,16.2,1,1,0,1,3,6.41,5,packaging,the package design should show product benefits more clearly,2,Value Seekers
R004204,new_explorers,27,3487.87,tier_3_plus,offline_supermarket,home_cleaning,7.67,6.76,6.7,6.2,13.78,1,1,1,1,2,6.2,6,promotion,livestream promotion helps me discover new products,2,Value Seekers
R004205,convenience_first,18,8952.56,tier_3_plus,jd,personal_care,6.59,7.33,7.85,5.79,26.36,0,1,1,1,1,9.4,10,delivery,offline availability is not always convenient,3,Convenience Driven
R004206,quality_first,24,14155.0,tier_1,tmall,healthy_snack,3.46,9.29,5.49,6.86,30.33,1,1,1,1,2,10.0,10,quality,quality improvement would make me repurchase more often,1,Quality Loyalists
R004207,eco_advocates,36,5255.15,tier_3_plus,xiaohongshu,home_cleaning,5.48,6.9,5.95,9.4,35.83,1,1,1,0,3,6.68,7,packaging,the packaging is convenient but could look more premium,4,Eco Advocates
R004208,convenience_first,34,14327.72,new_tier_1,offline_supermarket,healthy_snack,6.47,7.76,9.18,4.54,30.54,1,1,0,1,3,10.0,10,quality,quality improvement would make me repurchase more often,3,Convenience Driven
R004209,convenience_first,38,18892.03,tier_2,private_domain,ready_to_drink,5.77,8.28,7.42,4.72,30.22,1,1,1,1,1,9.12,9,quality,quality improvement would make me repurchase more often,1,Quality Loyalists
R004210,new_explorers,21,9112.14,tier_3_plus,offline_supermarket,home_cleaning,6.08,7.02,6.59,6.81,23.33,0,0,0,1,5,9.53,10,price,I compare price across platforms before purchase,0,High Value Fans
R004211,new_explorers,31,12094.17,tier_2,douyin,healthy_snack,6.85,6.65,6.32,5.68,20.84,1,1,1,1,3,8.22,9,price,the price feels high without promotion,0,High Value Fans
R004212,value_seekers,38,9693.49,tier_2,offline_supermarket,personal_care,7.51,5.6,5.6,5.61,20.01,1,1,1,1,1,6.52,6,promotion,KOL reviews are useful but need to be authentic,2,Value Seekers
R004213,convenience_first,27,19841.88,tier_3_plus,douyin,home_cleaning,5.99,7.49,8.84,5.16,24.55,1,1,1,1,3,7.99,7,quality,the product quality is stable and trustworthy,3,Convenience Driven
R004214,quality_first,33,12064.26,new_tier_1,jd,ready_to_drink,5.12,9.66,6.94,5.96,32.29,0,0,0,1,3,10.0,10,quality,the product quality is stable and trustworthy,1,Quality Loyalists
R004215,quality_first,21,8061.61,tier_2,jd,healthy_snack,5.52,8.95,6.9,5.74,33.9,0,0,0,1,2,8.86,10,delivery,stockouts make me switch to other brands,1,Quality Loyalists
R004216,value_seekers,27,16091.33,tier_1,douyin,healthy_snack,8.21,6.29,5.13,3.79,21.1,0,0,0,0,0,5.73,6,price,discount bundles make me more willing to buy,2,Value Seekers
R004217,value_seekers,36,7483.44,new_tier_1,xiaohongshu,healthy_snack,8.21,6.36,6.25,5.66,11.49,1,1,0,0,0,5.56,6,price,I compare price across platforms before purchase,2,Value Seekers
R004218,eco_advocates,35,8104.93,tier_3_plus,douyin,healthy_snack,5.77,7.87,7.31,9.27,29.77,1,1,1,1,10,9.05,10,delivery,delivery speed affects whether I choose the brand,4,Eco Advocates
R004219,eco_advocates,37,4494.47,tier_3_plus,offline_supermarket,healthy_snack,5.48,7.83,6.9,9.67,33.41,1,1,0,0,0,7.36,6,sustainability,sustainability claims need to be more credible,4,Eco Advocates
R004220,value_seekers,49,5950.24,new_tier_1,jd,home_cleaning,8.63,6.36,5.45,4.99,12.08,1,1,0,1,0,6.5,6,packaging,portable packaging is useful for work and travel,2,Value Seekers
R004221,eco_advocates,31,9515.39,tier_1,offline_supermarket,home_cleaning,6.58,7.2,7.23,8.62,33.44,0,0,1,1,4,7.44,8,quality,the product quality is stable and trustworthy,4,Eco Advocates
R004222,convenience_first,30,4265.21,tier_2,jd,healthy_snack,5.16,7.42,8.76,6.23,24.53,1,1,1,0,0,8.11,8,promotion,livestream promotion helps me discover new products,3,Convenience Driven
R004223,new_explorers,50,8593.02,tier_3_plus,douyin,personal_care,7.12,6.88,6.45,5.69,30.59,1,1,1,1,3,8.37,10,quality,I care about ingredients and product safety,0,High Value Fans
R004224,quality_first,36,9941.35,tier_2,offline_supermarket,ready_to_drink,3.66,7.91,4.63,6.68,29.23,0,1,0,1,3,8.79,9,packaging,the package design should show product benefits more clearly,1,Quality Loyalists
R004225,quality_first,27,8350.9,new_tier_1,jd,home_cleaning,3.62,8.79,7.17,6.94,29.53,1,1,1,1,4,7.64,7,packaging,the packaging is convenient but could look more premium,1,Quality Loyalists
R004226,value_seekers,34,5651.39,new_tier_1,tmall,personal_care,8.64,7.43,6.88,4.36,19.65,1,1,1,1,3,8.02,8,sustainability,sustainability claims need to be more credible,0,High Value Fans
R004227,value_seekers,33,14587.6,tier_1,tmall,healthy_snack,7.19,5.62,6.74,4.91,28.54,1,1,1,1,6,8.44,10,quality,quality improvement would make me repurchase more often,0,High Value Fans
R004228,value_seekers,35,8911.13,tier_1,tmall,ready_to_drink,8.76,6.41,5.28,4.54,18.91,1,0,1,0,2,6.66,6,packaging,the packaging is convenient but could look more premium,2,Value Seekers
R004229,quality_first,33,10651.17,tier_3_plus,douyin,ready_to_drink,4.6,9.62,7.7,6.72,28.17,1,1,1,1,5,10.0,10,price,the price feels high without promotion,1,Quality Loyalists
R004230,quality_first,32,10434.67,tier_2,tmall,ready_to_drink,4.31,9.77,6.09,6.77,37.03,1,1,0,0,0,10.0,9,quality,I care about ingredients and product safety,1,Quality Loyalists
R004231,quality_first,36,4747.23,tier_3_plus,xiaohongshu,home_cleaning,6.01,7.28,7.52,6.04,24.61,0,0,0,0,0,7.27,7,delivery,delivery speed affects whether I choose the brand,0,High Value Fans
R004232,value_seekers,37,4487.56,tier_2,offline_supermarket,healthy_snack,9.57,6.57,5.51,2.9,14.0,1,0,0,0,1,7.14,6,delivery,delivery speed affects whether I choose the brand,2,Value Seekers
R004233,convenience_first,28,10542.2,new_tier_1,douyin,personal_care,7.62,5.63,7.73,5.21,24.93,0,1,1,1,4,7.7,8,promotion,livestream promotion helps me discover new products,0,High Value Fans
R004234,convenience_first,24,22507.43,tier_1,jd,personal_care,5.36,7.4,6.88,4.62,29.14,1,1,1,1,4,8.87,10,promotion,membership coupons can increase repeat purchase,3,Convenience Driven
R004235,quality_first,41,11430.88,tier_3_plus,private_domain,healthy_snack,4.78,7.68,6.9,7.14,32.09,1,1,0,0,1,5.27,5,packaging,the package design should show product benefits more clearly,2,Value Seekers
R004236,value_seekers,23,19837.83,tier_3_plus,offline_supermarket,home_cleaning,8.24,6.24,6.2,5.85,17.82,1,1,0,1,3,9.64,10,price,discount bundles make me more willing to buy,0,High Value Fans
R004237,convenience_first,36,5623.44,new_tier_1,tmall,ready_to_drink,5.25,6.82,8.35,5.17,23.9,1,0,1,1,1,8.11,8,price,discount bundles make me more willing to buy,3,Convenience Driven
R004238,eco_advocates,30,13453.08,tier_1,douyin,ready_to_drink,5.3,7.75,7.58,8.48,30.05,1,1,1,1,5,8.82,9,promotion,livestream promotion helps me discover new products,4,Eco Advocates
R004239,quality_first,39,14423.97,tier_2,offline_supermarket,ready_to_drink,4.66,8.63,6.05,6.64,29.81,1,0,0,0,1,7.49,10,promotion,membership coupons can increase repeat purchase,1,Quality Loyalists
R004240,eco_advocates,36,5596.51,tier_2,douyin,personal_care,6.49,8.2,6.25,9.28,30.76,1,1,0,0,0,7.32,6,quality,quality improvement would make me repurchase more often,4,Eco Advocates
R004241,new_explorers,30,14778.34,tier_3_plus,douyin,healthy_snack,5.03,6.86,7.75,5.59,26.61,0,0,1,1,3,7.61,7,promotion,membership coupons can increase repeat purchase,3,Convenience Driven
R004242,convenience_first,30,13500.62,new_tier_1,tmall,personal_care,7.29,7.46,7.84,6.7,24.1,0,0,0,1,0,7.88,7,promotion,KOL reviews are useful but need to be authentic,0,High Value Fans
R004243,eco_advocates,19,5565.13,new_tier_1,tmall,ready_to_drink,6.3,7.61,6.13,10.0,30.51,0,1,1,1,3,10.0,10,delivery,delivery speed affects whether I choose the brand,4,Eco Advocates
R004244,new_explorers,45,11919.4,tier_1,private_domain,healthy_snack,6.53,7.05,5.91,6.03,21.23,0,0,1,0,2,10.0,10,quality,the product quality is stable and trustworthy,0,High Value Fans
R004245,quality_first,36,20759.73,new_tier_1,offline_supermarket,ready_to_drink,3.73,8.77,7.76,6.57,34.09,0,1,1,1,4,9.46,9,sustainability,low carbon packaging would improve brand impression,1,Quality Loyalists
R004246,new_explorers,24,9386.71,tier_1,tmall,ready_to_drink,6.41,7.19,5.67,6.52,26.83,1,1,1,1,4,10.0,10,delivery,stockouts make me switch to other brands,1,Quality Loyalists
R004247,value_seekers,40,5602.9,tier_1,private_domain,healthy_snack,10.0,6.16,6.08,6.0,16.6,1,1,0,0,0,3.29,2,quality,quality improvement would make me repurchase more often,2,Value Seekers
R004248,convenience_first,35,6180.2,new_tier_1,xiaohongshu,healthy_snack,6.48,8.57,9.27,6.02,26.45,1,1,0,0,1,9.42,9,sustainability,sustainability claims need to be more credible,3,Convenience Driven
R004249,quality_first,37,11743.98,new_tier_1,private_domain,ready_to_drink,4.63,8.37,6.58,7.82,32.23,1,1,0,1,1,9.97,8,quality,I care about ingredients and product safety,1,Quality Loyalists
R004250,quality_first,42,7793.8,tier_3_plus,offline_supermarket,personal_care,4.34,10.0,6.91,7.04,35.27,0,0,0,0,0,8.23,9,quality,quality improvement would make me repurchase more often,1,Quality Loyalists
R004251,value_seekers,52,8146.99,tier_2,douyin,healthy_snack,9.26,6.25,6.03,5.21,23.55,0,1,1,1,7,7.23,6,promotion,livestream promotion helps me discover new products,0,High Value Fans
R004252,new_explorers,31,5088.16,tier_1,jd,personal_care,6.38,5.99,6.09,5.11,17.82,1,1,1,1,4,8.29,9,promotion,livestream promotion helps me discover new products,0,High Value Fans
R004253,value_seekers,28,17714.55,tier_2,tmall,ready_to_drink,9.52,6.63,5.49,5.51,10.41,0,1,1,1,3,6.24,6,price,discount bundles make me more willing to buy,2,Value Seekers
R004254,value_seekers,23,9568.56,tier_2,offline_supermarket,personal_care,8.73,5.73,7.08,5.66,17.7,1,1,1,1,1,7.93,9,quality,quality improvement would make me repurchase more often,0,High Value Fans
R004255,eco_advocates,47,21910.06,tier_3_plus,douyin,healthy_snack,3.88,8.52,5.5,8.73,33.78,0,0,0,1,1,10.0,10,sustainability,I prefer brands with recyclable packaging,4,Eco Advocates
R004256,eco_advocates,24,7398.09,new_tier_1,offline_supermarket,personal_care,4.5,7.59,6.16,7.79,28.93,0,0,0,0,0,9.34,7,sustainability,sustainability claims need to be more credible,4,Eco Advocates
R004257,quality_first,36,7844.31,tier_2,xiaohongshu,ready_to_drink,4.6,8.96,6.92,7.17,28.72,0,0,1,1,3,8.84,10,quality,I care about ingredients and product safety,1,Quality Loyalists
R004258,convenience_first,25,7880.56,tier_1,private_domain,healthy_snack,6.96,6.28,9.68,5.16,24.32,1,1,1,1,2,8.7,9,promotion,livestream promotion helps me discover new products,3,Convenience Driven
R004259,eco_advocates,28,10892.76,tier_2,tmall,ready_to_drink,6.17,7.86,5.76,8.85,30.76,0,0,0,0,0,10.0,10,quality,the product quality is stable and trustworthy,4,Eco Advocates
R004260,new_explorers,38,6562.5,new_tier_1,tmall,healthy_snack,7.25,8.93,5.0,6.44,22.08,0,1,1,1,3,7.52,5,promotion,KOL reviews are useful but need to be authentic,2,Value Seekers
R004261,value_seekers,24,10804.56,tier_3_plus,xiaohongshu,ready_to_drink,9.54,4.82,5.58,5.89,18.45,1,1,1,1,3,8.19,7,packaging,the package design should show product benefits more clearly,0,High Value Fans
R004262,eco_advocates,40,12138.04,new_tier_1,offline_supermarket,ready_to_drink,5.46,8.05,7.37,9.68,32.91,1,1,1,1,2,10.0,9,delivery,delivery speed affects whether I choose the brand,4,Eco Advocates
R004263,quality_first,20,7922.52,tier_1,jd,healthy_snack,5.58,8.28,6.28,6.23,23.76,0,0,1,0,4,8.81,9,packaging,the packaging is convenient but could look more premium,1,Quality Loyalists
R004264,new_explorers,42,16622.31,tier_1,offline_supermarket,home_cleaning,6.94,7.31,4.67,5.33,26.77,1,1,0,0,0,7.83,8,promotion,livestream promotion helps me discover new products,0,High Value Fans
R004265,convenience_first,36,8996.8,tier_1,offline_supermarket,personal_care,7.96,7.54,7.87,4.2,15.99,0,0,0,0,1,8.06,7,packaging,the package design should show product benefits more clearly,0,High Value Fans
R004266,value_seekers,44,15500.12,tier_2,douyin,home_cleaning,8.38,5.73,4.8,3.24,13.63,1,1,0,0,0,5.42,6,price,discount bundles make me more willing to buy,2,Value Seekers
R004267,new_explorers,25,10896.76,tier_2,xiaohongshu,home_cleaning,5.47,6.92,7.16,4.31,27.64,0,0,0,0,0,5.91,5,promotion,membership coupons can increase repeat purchase,2,Value Seekers
R004268,new_explorers,27,4273.41,tier_3_plus,tmall,personal_care,6.23,7.41,6.01,6.61,16.66,1,1,0,1,2,6.56,7,packaging,the package design should show product benefits more clearly,0,High Value Fans
R004269,value_seekers,22,17159.25,new_tier_1,douyin,personal_care,7.72,7.44,5.79,5.4,21.49,1,1,1,1,4,7.5,7,delivery,offline availability is not always convenient,0,High Value Fans
R004270,value_seekers,32,16221.88,tier_1,offline_supermarket,ready_to_drink,8.57,6.92,6.45,4.02,20.19,1,1,0,0,0,6.65,6,price,discount bundles make me more willing to buy,2,Value Seekers
R004271,value_seekers,23,10067.07,tier_2,xiaohongshu,healthy_snack,8.23,5.23,5.93,4.35,18.82,1,0,0,0,0,7.16,7,price,I compare price across platforms before purchase,2,Value Seekers
R004272,quality_first,31,28643.86,new_tier_1,offline_supermarket,healthy_snack,4.99,9.57,6.51,5.36,34.51,0,1,1,1,3,9.3,10,quality,quality improvement would make me repurchase more often,1,Quality Loyalists
R004273,value_seekers,32,8240.1,tier_2,private_domain,personal_care,9.37,6.28,8.24,4.28,17.46,0,0,1,1,2,8.53,9,delivery,offline availability is not always convenient,0,High Value Fans
R004274,eco_advocates,18,12557.92,tier_3_plus,offline_supermarket,personal_care,4.84,7.07,7.37,8.99,39.0,1,1,1,1,4,8.72,8,packaging,the packaging is convenient but could look more premium,4,Eco Advocates
R004275,quality_first,24,19744.05,tier_2,tmall,ready_to_drink,4.97,9.24,6.06,5.6,35.68,1,1,1,1,3,8.76,9,quality,quality improvement would make me repurchase more often,1,Quality Loyalists
R004276,convenience_first,25,19442.65,new_tier_1,jd,healthy_snack,5.67,6.98,8.64,5.09,32.35,0,0,0,1,2,8.85,10,delivery,delivery speed affects whether I choose the brand,3,Convenience Driven
R004277,convenience_first,21,8326.1,tier_1,douyin,ready_to_drink,4.93,7.1,10.0,5.93,28.04,0,0,1,1,7,8.39,6,sustainability,I prefer brands with recyclable packaging,3,Convenience Driven
R004278,new_explorers,22,7296.29,new_tier_1,xiaohongshu,ready_to_drink,6.99,6.8,6.64,7.34,15.0,0,0,1,1,2,7.68,9,quality,I care about ingredients and product safety,0,High Value Fans
R004279,eco_advocates,50,7302.71,tier_3_plus,tmall,healthy_snack,5.26,8.53,6.03,9.87,34.78,1,1,1,1,5,8.36,8,packaging,the packaging is convenient but could look more premium,4,Eco Advocates
R004280,eco_advocates,28,9553.79,new_tier_1,tmall,healthy_snack,5.45,8.14,6.63,8.1,38.07,1,1,1,1,4,10.0,8,price,the price feels high without promotion,4,Eco Advocates
R004281,value_seekers,24,6708.34,tier_1,offline_supermarket,personal_care,9.01,7.67,5.95,4.44,18.22,0,1,0,0,1,7.74,9,promotion,KOL reviews are useful but need to be authentic,0,High Value Fans
R004282,quality_first,18,7025.8,tier_1,tmall,personal_care,5.86,10.0,6.17,5.9,29.47,0,1,1,1,2,10.0,9,sustainability,sustainability claims need to be more credible,1,Quality Loyalists
R004283,convenience_first,25,5675.23,tier_2,jd,ready_to_drink,7.24,7.31,8.82,5.54,29.06,0,1,1,1,4,7.28,7,promotion,KOL reviews are useful but need to be authentic,3,Convenience Driven
R004284,quality_first,37,6319.81,tier_1,xiaohongshu,ready_to_drink,4.1,8.72,6.34,6.92,26.25,0,1,1,1,5,9.01,10,promotion,membership coupons can increase repeat purchase,1,Quality Loyalists
R004285,value_seekers,26,7246.61,tier_1,tmall,healthy_snack,8.44,6.96,5.41,4.8,17.17,1,1,1,1,2,5.71,5,packaging,portable packaging is useful for work and travel,2,Value Seekers
R004286,value_seekers,22,11235.21,new_tier_1,jd,healthy_snack,8.25,6.38,5.74,4.66,19.61,0,0,0,1,2,7.6,7,promotion,KOL reviews are useful but need to be authentic,0,High Value Fans
R004287,convenience_first,36,6198.65,tier_1,tmall,home_cleaning,7.12,6.29,9.75,5.79,24.06,1,1,1,1,1,8.25,8,sustainability,sustainability claims need to be more credible,3,Convenience Driven
R004288,value_seekers,33,6141.33,tier_2,offline_supermarket,ready_to_drink,7.75,6.14,5.14,3.63,15.82,1,1,0,0,0,6.06,5,quality,I care about ingredients and product safety,2,Value Seekers
R004289,convenience_first,19,5946.47,tier_3_plus,private_domain,ready_to_drink,5.3,6.6,7.46,5.79,23.21,1,0,1,0,1,4.88,5,delivery,delivery speed affects whether I choose the brand,2,Value Seekers
R004290,quality_first,23,5065.23,new_tier_1,tmall,personal_care,3.8,10.0,6.87,5.65,34.48,1,1,1,1,3,10.0,10,quality,I care about ingredients and product safety,1,Quality Loyalists
R004291,value_seekers,40,11628.96,tier_2,douyin,home_cleaning,8.36,5.93,6.05,4.94,14.73,1,1,1,0,3,9.22,10,quality,quality improvement would make me repurchase more often,0,High Value Fans
R004292,eco_advocates,23,7534.95,new_tier_1,tmall,ready_to_drink,6.24,6.27,6.08,8.74,27.91,0,0,0,1,1,10.0,9,packaging,the packaging is convenient but could look more premium,4,Eco Advocates
R004293,convenience_first,43,5978.74,tier_2,jd,ready_to_drink,4.64,5.38,9.71,4.9,28.69,1,1,1,1,4,9.15,8,quality,I care about ingredients and product safety,3,Convenience Driven
R004294,new_explorers,35,15607.05,tier_1,tmall,ready_to_drink,6.57,6.57,5.3,4.9,26.09,0,1,1,0,3,6.27,5,promotion,livestream promotion helps me discover new products,2,Value Seekers
R004295,eco_advocates,26,9392.71,tier_2,jd,healthy_snack,6.22,8.1,6.49,9.03,32.14,0,0,0,0,0,6.97,8,delivery,stockouts make me switch to other brands,4,Eco Advocates
R004296,eco_advocates,33,8215.43,tier_2,offline_supermarket,ready_to_drink,6.73,8.1,7.68,9.22,30.24,1,1,1,1,3,8.67,10,packaging,the package design should show product benefits more clearly,4,Eco Advocates
R004297,eco_advocates,29,10547.9,tier_1,douyin,home_cleaning,3.8,6.4,6.9,8.62,35.93,1,1,1,1,1,10.0,10,quality,the product quality is stable and trustworthy,4,Eco Advocates
R004298,quality_first,32,13927.88,tier_1,tmall,healthy_snack,4.85,9.3,7.44,6.9,35.56,1,1,1,1,4,10.0,10,quality,I care about ingredients and product safety,1,Quality Loyalists
R004299,convenience_first,39,6572.35,tier_3_plus,jd,personal_care,7.44,7.67,8.9,6.04,28.83,1,1,0,0,1,9.18,9,sustainability,low carbon packaging would improve brand impression,3,Convenience Driven
R004300,eco_advocates,33,15812.52,tier_3_plus,douyin,personal_care,6.25,7.63,6.75,10.0,30.87,1,1,1,1,4,10.0,10,delivery,offline availability is not always convenient,4,Eco Advocates
R004301,convenience_first,28,21802.89,tier_2,offline_supermarket,home_cleaning,7.11,7.12,9.11,5.45,29.71,1,0,0,0,0,5.36,5,delivery,offline availability is not always convenient,2,Value Seekers
R004302,value_seekers,27,9796.36,new_tier_1,jd,ready_to_drink,8.41,6.18,5.74,5.45,20.11,0,0,0,0,0,6.67,7,price,discount bundles make me more willing to buy,2,Value Seekers
R004303,eco_advocates,47,17358.71,new_tier_1,offline_supermarket,ready_to_drink,3.71,7.6,5.67,7.55,36.99,0,0,1,1,1,10.0,10,promotion,membership coupons can increase repeat purchase,4,Eco Advocates
R004304,new_explorers,29,21310.27,tier_3_plus,douyin,ready_to_drink,6.51,6.74,5.92,5.93,22.98,1,1,0,0,1,7.14,7,price,the price feels high without promotion,0,High Value Fans
R004305,quality_first,19,10873.71,new_tier_1,private_domain,healthy_snack,5.1,8.34,7.54,6.21,36.66,0,1,1,0,3,7.57,6,price,discount bundles make me more willing to buy,1,Quality Loyalists
R004306,convenience_first,35,12575.56,tier_2,private_domain,personal_care,5.27,5.8,8.39,5.5,30.09,0,0,1,1,4,8.13,9,delivery,delivery speed affects whether I choose the brand,3,Convenience Driven
R004307,value_seekers,30,6593.86,tier_1,offline_supermarket,home_cleaning,9.79,6.26,6.64,5.79,13.71,1,1,1,1,3,7.43,6,promotion,livestream promotion helps me discover new products,2,Value Seekers
R004308,quality_first,24,7505.18,tier_3_plus,tmall,healthy_snack,5.86,8.52,6.1,5.65,31.51,0,1,1,1,4,6.59,8,promotion,KOL reviews are useful but need to be authentic,1,Quality Loyalists
R004309,eco_advocates,27,14076.21,tier_3_plus,offline_supermarket,personal_care,4.12,7.89,6.33,7.52,36.59,1,1,1,1,2,9.83,10,quality,I care about ingredients and product safety,1,Quality Loyalists
R004310,quality_first,18,12393.56,tier_3_plus,tmall,ready_to_drink,5.62,8.9,7.64,8.68,28.51,1,1,1,1,4,10.0,10,promotion,membership coupons can increase repeat purchase,4,Eco Advocates
R004311,quality_first,33,9368.63,tier_2,offline_supermarket,ready_to_drink,4.77,8.25,7.9,6.07,34.67,1,1,1,1,1,10.0,10,price,I compare price across platforms before purchase,1,Quality Loyalists
R004312,value_seekers,36,16319.87,tier_2,tmall,personal_care,8.31,7.13,7.08,5.11,18.84,0,0,0,0,2,7.45,9,price,discount bundles make me more willing to buy,0,High Value Fans
R004313,convenience_first,19,9794.16,tier_3_plus,offline_supermarket,healthy_snack,6.61,7.33,7.89,5.1,33.14,1,1,1,0,2,6.69,6,packaging,the package design should show product benefits more clearly,3,Convenience Driven
R004314,convenience_first,35,11676.7,new_tier_1,xiaohongshu,personal_care,7.19,7.57,7.74,6.04,26.78,0,0,1,1,3,8.8,8,price,the price feels high without promotion,3,Convenience Driven
R004315,convenience_first,41,18223.29,tier_2,tmall,healthy_snack,4.4,7.71,9.02,5.21,29.29,1,1,1,1,6,10.0,10,delivery,offline availability is not always convenient,3,Convenience Driven
R004316,quality_first,25,22336.09,tier_2,jd,personal_care,4.84,7.53,6.48,5.43,27.7,1,1,1,1,3,7.05,6,quality,the product quality is stable and trustworthy,0,High Value Fans
R004317,quality_first,32,12379.38,new_tier_1,tmall,home_cleaning,5.36,9.05,6.42,5.03,33.22,1,1,1,1,4,8.17,8,delivery,delivery speed affects whether I choose the brand,1,Quality Loyalists
R004318,value_seekers,42,16530.72,new_tier_1,xiaohongshu,healthy_snack,8.84,6.88,5.07,3.69,21.24,1,1,1,1,2,6.62,7,delivery,offline availability is not always convenient,2,Value Seekers
R004319,new_explorers,34,11088.6,new_tier_1,private_domain,healthy_snack,8.52,6.93,4.75,6.59,21.79,1,0,0,0,0,5.58,3,delivery,offline availability is not always convenient,2,Value Seekers
R004320,quality_first,44,28271.39,tier_1,tmall,home_cleaning,5.8,9.06,7.03,7.49,30.81,1,0,0,0,0,10.0,9,quality,I care about ingredients and product safety,1,Quality Loyalists
R004321,value_seekers,25,15610.82,tier_3_plus,offline_supermarket,healthy_snack,7.98,5.51,5.47,5.4,18.96,0,0,0,0,0,5.9,6,promotion,livestream promotion helps me discover new products,2,Value Seekers
R004322,convenience_first,35,9105.46,tier_2,tmall,ready_to_drink,5.98,7.78,8.68,6.26,28.09,1,1,1,1,4,8.21,9,delivery,stockouts make me switch to other brands,3,Convenience Driven
R004323,eco_advocates,42,8941.73,tier_2,jd,ready_to_drink,5.38,7.71,5.81,9.74,33.67,0,1,1,1,7,8.64,8,sustainability,sustainability claims need to be more credible,4,Eco Advocates
R004324,convenience_first,40,5108.44,tier_2,offline_supermarket,healthy_snack,6.31,6.9,8.03,5.67,20.41,1,1,1,0,1,8.24,7,promotion,livestream promotion helps me discover new products,3,Convenience Driven
R004325,eco_advocates,27,13761.92,new_tier_1,offline_supermarket,home_cleaning,6.49,8.09,6.34,8.63,34.66,0,0,1,1,5,10.0,10,delivery,stockouts make me switch to other brands,4,Eco Advocates
R004326,value_seekers,39,4989.96,tier_1,private_domain,personal_care,8.44,7.1,6.18,7.37,15.5,0,0,0,0,0,5.93,6,packaging,portable packaging is useful for work and travel,2,Value Seekers
R004327,new_explorers,27,7381.74,tier_2,jd,ready_to_drink,7.87,7.68,7.17,5.46,22.6,1,1,1,1,5,8.46,8,promotion,membership coupons can increase repeat purchase,0,High Value Fans
R004328,value_seekers,37,7615.66,new_tier_1,jd,healthy_snack,9.98,5.26,6.02,5.15,11.32,1,1,1,1,3,7.98,8,price,the price feels high without promotion,0,High Value Fans
R004329,quality_first,27,12070.96,tier_1,offline_supermarket,healthy_snack,4.85,10.0,7.03,7.98,28.37,1,1,1,1,6,8.79,8,quality,the product quality is stable and trustworthy,1,Quality Loyalists
R004330,eco_advocates,40,5142.32,tier_1,jd,home_cleaning,6.16,7.25,6.16,8.26,31.22,0,1,0,0,0,8.19,8,price,discount bundles make me more willing to buy,4,Eco Advocates
R004331,convenience_first,26,8850.72,new_tier_1,private_domain,home_cleaning,4.9,5.22,8.66,4.67,23.84,1,1,1,1,3,10.0,9,delivery,delivery speed affects whether I choose the brand,3,Convenience Driven
R004332,quality_first,41,10557.22,tier_2,xiaohongshu,ready_to_drink,5.16,7.89,7.14,6.09,32.4,1,1,1,1,3,8.25,9,sustainability,I prefer brands with recyclable packaging,1,Quality Loyalists
R004333,new_explorers,30,8194.55,tier_2,jd,ready_to_drink,7.65,7.64,7.71,5.72,17.09,1,1,0,1,0,9.02,10,price,the price feels high without promotion,0,High Value Fans
R004334,value_seekers,40,9830.67,new_tier_1,jd,personal_care,9.08,6.73,6.6,5.67,20.08,1,1,1,1,2,7.48,8,delivery,offline availability is not always convenient,0,High Value Fans
R004335,eco_advocates,25,9429.49,tier_1,douyin,healthy_snack,7.12,8.13,7.11,8.61,33.46,1,1,1,1,4,7.33,8,quality,the product quality is stable and trustworthy,4,Eco Advocates
R004336,value_seekers,38,21711.66,tier_3_plus,offline_supermarket,healthy_snack,7.89,5.34,5.98,6.4,17.36,0,0,0,0,0,6.91,7,promotion,livestream promotion helps me discover new products,2,Value Seekers
R004337,value_seekers,33,9857.92,tier_1,private_domain,personal_care,8.24,7.54,5.01,5.95,14.4,1,1,0,0,0,5.54,4,sustainability,I prefer brands with recyclable packaging,2,Value Seekers
R004338,value_seekers,18,12341.42,tier_3_plus,offline_supermarket,home_cleaning,8.49,6.07,5.25,4.48,21.17,1,1,1,1,4,7.66,7,price,the price feels high without promotion,0,High Value Fans
R004339,convenience_first,18,12121.89,tier_1,jd,home_cleaning,5.24,6.79,8.54,5.17,27.21,0,0,0,1,2,8.54,8,delivery,stockouts make me switch to other brands,3,Convenience Driven
R004340,value_seekers,36,8627.53,new_tier_1,private_domain,ready_to_drink,7.25,6.72,6.64,3.94,19.48,1,1,0,0,0,5.53,5,price,I compare price across platforms before purchase,2,Value Seekers
R004341,convenience_first,25,12058.34,tier_1,offline_supermarket,ready_to_drink,6.07,7.01,8.34,2.96,24.58,1,1,1,1,3,7.6,6,promotion,membership coupons can increase repeat purchase,3,Convenience Driven
R004342,convenience_first,33,36424.63,tier_3_plus,xiaohongshu,personal_care,5.39,7.6,10.0,5.7,26.61,1,1,0,0,0,8.4,10,delivery,offline availability is not always convenient,3,Convenience Driven
R004343,convenience_first,29,10506.89,tier_3_plus,private_domain,personal_care,6.41,6.84,7.93,5.41,28.81,1,1,1,1,3,8.95,6,quality,I care about ingredients and product safety,3,Convenience Driven
R004344,quality_first,22,16688.65,new_tier_1,tmall,personal_care,4.3,8.22,6.64,7.14,28.71,1,1,1,1,1,9.79,10,price,the price feels high without promotion,1,Quality Loyalists
R004345,value_seekers,49,3763.02,new_tier_1,offline_supermarket,home_cleaning,7.28,7.23,4.95,5.39,15.74,0,0,0,0,0,7.9,8,packaging,portable packaging is useful for work and travel,0,High Value Fans
R004346,quality_first,38,12108.44,new_tier_1,jd,home_cleaning,5.34,8.08,6.19,6.17,37.09,1,1,0,0,1,6.45,6,price,the price feels high without promotion,1,Quality Loyalists
R004347,new_explorers,34,10890.54,tier_2,xiaohongshu,ready_to_drink,5.69,6.01,5.83,6.79,17.51,0,0,0,0,0,8.64,7,quality,the product quality is stable and trustworthy,0,High Value Fans
R004348,value_seekers,19,14208.66,tier_1,xiaohongshu,home_cleaning,9.94,5.88,4.9,4.47,17.68,0,0,0,0,0,5.65,7,quality,quality improvement would make me repurchase more often,2,Value Seekers
R004349,convenience_first,43,11111.72,new_tier_1,xiaohongshu,personal_care,6.85,6.13,8.84,5.43,22.46,1,0,0,0,0,8.26,8,promotion,membership coupons can increase repeat purchase,3,Convenience Driven
R004350,value_seekers,40,27098.88,new_tier_1,douyin,home_cleaning,7.21,7.26,6.37,4.95,23.21,1,1,0,0,0,5.98,6,promotion,livestream promotion helps me discover new products,2,Value Seekers
R004351,value_seekers,36,6623.59,tier_2,douyin,healthy_snack,9.01,6.79,7.26,3.92,17.81,0,0,0,0,2,5.62,4,sustainability,sustainability claims need to be more credible,2,Value Seekers
R004352,quality_first,36,8459.78,new_tier_1,offline_supermarket,ready_to_drink,5.23,10.0,7.09,6.71,35.78,1,1,0,0,0,8.9,8,promotion,livestream promotion helps me discover new products,1,Quality Loyalists
R004353,convenience_first,40,6215.4,tier_2,douyin,personal_care,6.72,7.03,9.55,4.25,26.69,1,1,1,1,8,9.3,8,promotion,KOL reviews are useful but need to be authentic,3,Convenience Driven
R004354,quality_first,18,6654.18,tier_2,xiaohongshu,ready_to_drink,4.6,8.51,7.98,6.67,29.36,0,1,1,1,3,8.58,8,quality,I care about ingredients and product safety,1,Quality Loyalists
R004355,new_explorers,37,15971.07,new_tier_1,douyin,personal_care,6.31,7.21,4.79,6.11,23.02,1,1,1,1,2,8.72,8,promotion,livestream promotion helps me discover new products,0,High Value Fans
R004356,new_explorers,25,6372.61,new_tier_1,jd,ready_to_drink,6.84,6.17,6.64,6.6,22.0,0,0,1,1,3,7.72,6,promotion,livestream promotion helps me discover new products,0,High Value Fans
R004357,value_seekers,26,10987.77,tier_2,xiaohongshu,personal_care,9.53,5.6,5.49,3.67,11.76,1,1,0,0,1,6.31,6,delivery,offline availability is not always convenient,2,Value Seekers
R004358,eco_advocates,38,13226.14,tier_3_plus,xiaohongshu,home_cleaning,5.64,8.0,7.17,8.77,33.46,1,1,1,1,5,7.15,7,sustainability,I prefer brands with recyclable packaging,4,Eco Advocates
R004359,value_seekers,31,6330.1,tier_1,tmall,ready_to_drink,7.92,5.75,5.61,4.57,11.72,0,0,0,1,2,7.82,8,price,I compare price across platforms before purchase,0,High Value Fans
R004360,quality_first,35,11527.85,tier_1,private_domain,home_cleaning,5.06,10.0,5.87,6.92,37.85,1,1,1,1,0,10.0,10,price,I compare price across platforms before purchase,1,Quality Loyalists
R004361,eco_advocates,25,4289.14,new_tier_1,jd,personal_care,5.63,7.1,6.65,9.25,26.11,1,0,0,0,0,7.19,4,promotion,membership coupons can increase repeat purchase,4,Eco Advocates
R004362,quality_first,26,10675.42,tier_2,private_domain,ready_to_drink,2.58,9.95,6.21,7.37,35.31,1,1,1,1,3,10.0,10,quality,quality improvement would make me repurchase more often,1,Quality Loyalists
R004363,eco_advocates,35,7066.8,tier_1,tmall,ready_to_drink,4.88,7.25,8.12,9.41,27.41,0,1,1,1,1,8.2,8,sustainability,I prefer brands with recyclable packaging,4,Eco Advocates
R004364,convenience_first,31,11008.92,new_tier_1,tmall,healthy_snack,5.63,6.8,8.62,6.2,27.84,1,1,0,0,0,4.2,4,packaging,the packaging is convenient but could look more premium,2,Value Seekers
R004365,new_explorers,26,12732.21,new_tier_1,tmall,ready_to_drink,5.43,6.1,5.58,5.73,25.05,0,0,0,0,1,5.14,6,delivery,delivery speed affects whether I choose the brand,2,Value Seekers
R004366,value_seekers,36,8162.46,tier_2,offline_supermarket,personal_care,8.45,6.22,6.06,4.89,21.49,0,0,0,0,0,5.83,7,price,discount bundles make me more willing to buy,2,Value Seekers
R004367,new_explorers,21,7917.18,tier_3_plus,douyin,personal_care,5.44,6.01,6.17,5.17,25.23,1,0,0,1,1,7.54,8,promotion,livestream promotion helps me discover new products,0,High Value Fans
R004368,eco_advocates,54,9490.85,tier_1,tmall,ready_to_drink,2.29,7.82,6.58,9.31,33.61,1,1,1,1,3,10.0,10,sustainability,low carbon packaging would improve brand impression,4,Eco Advocates
R004369,convenience_first,35,17009.14,new_tier_1,xiaohongshu,healthy_snack,5.93,7.14,8.62,3.27,26.77,0,0,0,1,3,9.72,10,price,discount bundles make me more willing to buy,3,Convenience Driven
R004370,eco_advocates,18,14633.86,tier_2,tmall,home_cleaning,6.2,7.17,7.47,8.88,35.14,1,1,1,0,0,8.17,9,quality,the product quality is stable and trustworthy,4,Eco Advocates
R004371,convenience_first,37,3895.71,tier_2,tmall,personal_care,3.86,7.2,9.34,5.42,23.28,0,0,1,1,3,10.0,10,price,I compare price across platforms before purchase,3,Convenience Driven
R004372,value_seekers,31,6740.47,new_tier_1,tmall,personal_care,7.51,5.81,5.4,6.4,20.1,1,1,1,1,5,9.4,9,price,discount bundles make me more willing to buy,0,High Value Fans
R004373,value_seekers,18,8321.72,tier_2,douyin,home_cleaning,10.0,6.18,5.56,4.12,17.04,0,1,1,1,3,7.13,8,promotion,KOL reviews are useful but need to be authentic,0,High Value Fans
R004374,quality_first,24,8917.67,new_tier_1,tmall,personal_care,7.11,9.05,8.02,5.7,31.0,0,0,0,1,7,9.1,9,packaging,portable packaging is useful for work and travel,1,Quality Loyalists
R004375,value_seekers,31,9126.96,tier_1,private_domain,healthy_snack,8.37,6.32,5.98,6.38,19.36,1,1,0,0,0,7.69,7,price,the price feels high without promotion,0,High Value Fans
R004376,quality_first,35,9267.94,tier_3_plus,tmall,ready_to_drink,5.59,8.34,6.44,6.66,32.4,1,1,1,1,2,9.4,9,packaging,portable packaging is useful for work and travel,1,Quality Loyalists
R004377,value_seekers,37,10075.97,tier_3_plus,douyin,home_cleaning,6.83,5.2,5.92,4.41,11.81,0,1,1,1,3,8.2,8,packaging,the package design should show product benefits more clearly,0,High Value Fans
R004378,convenience_first,39,8380.66,tier_3_plus,douyin,healthy_snack,4.98,6.13,7.56,5.07,21.86,1,1,1,1,7,7.93,8,packaging,portable packaging is useful for work and travel,3,Convenience Driven
R004379,quality_first,36,6497.08,tier_3_plus,offline_supermarket,healthy_snack,4.75,8.76,7.01,6.43,29.7,1,1,1,1,3,7.46,6,quality,I care about ingredients and product safety,1,Quality Loyalists
R004380,eco_advocates,32,12204.08,new_tier_1,tmall,home_cleaning,4.86,9.72,6.9,8.25,28.34,1,1,1,1,6,10.0,10,sustainability,sustainability claims need to be more credible,1,Quality Loyalists
R004381,value_seekers,33,10961.66,tier_3_plus,douyin,ready_to_drink,8.83,5.0,5.79,4.91,15.22,0,0,1,1,5,7.96,9,price,the price feels high without promotion,0,High Value Fans
R004382,value_seekers,21,15882.53,tier_3_plus,offline_supermarket,personal_care,8.05,5.79,5.78,3.58,18.5,1,1,1,1,6,6.33,4,packaging,portable packaging is useful for work and travel,2,Value Seekers
R004383,value_seekers,31,8656.01,tier_3_plus,offline_supermarket,healthy_snack,8.36,6.61,5.41,5.76,16.65,0,1,1,1,0,10.0,10,quality,quality improvement would make me repurchase more often,0,High Value Fans
R004384,new_explorers,23,6475.77,tier_3_plus,private_domain,home_cleaning,7.59,8.24,7.95,5.93,19.93,1,1,1,1,1,8.57,8,delivery,stockouts make me switch to other brands,0,High Value Fans
R004385,eco_advocates,20,10046.4,tier_2,tmall,healthy_snack,6.24,7.13,7.25,7.98,34.15,0,1,1,0,2,8.46,9,delivery,offline availability is not always convenient,4,Eco Advocates
R004386,new_explorers,40,25271.08,tier_2,offline_supermarket,personal_care,6.23,7.06,5.63,5.93,26.96,1,1,0,0,0,8.61,9,quality,quality improvement would make me repurchase more often,0,High Value Fans
R004387,value_seekers,33,17469.83,tier_2,douyin,home_cleaning,6.38,5.2,6.67,5.49,21.2,1,1,1,1,3,8.58,7,price,discount bundles make me more willing to buy,0,High Value Fans
R004388,quality_first,29,9943.57,new_tier_1,jd,ready_to_drink,4.84,8.83,6.4,6.6,31.95,1,1,1,1,2,8.45,8,quality,the product quality is stable and trustworthy,1,Quality Loyalists
R004389,eco_advocates,28,9014.8,new_tier_1,xiaohongshu,ready_to_drink,4.75,7.61,8.15,7.92,32.74,0,1,1,1,3,8.85,9,packaging,the package design should show product benefits more clearly,4,Eco Advocates
R004390,quality_first,46,10277.22,tier_3_plus,douyin,home_cleaning,4.3,8.51,8.35,5.83,30.42,1,1,1,0,2,10.0,10,packaging,portable packaging is useful for work and travel,1,Quality Loyalists
R004391,quality_first,43,5605.8,tier_1,private_domain,healthy_snack,5.41,10.0,6.77,6.74,28.45,1,1,1,1,2,9.75,10,promotion,KOL reviews are useful but need to be authentic,1,Quality Loyalists
R004392,quality_first,33,12037.06,tier_3_plus,jd,ready_to_drink,4.73,8.63,6.93,5.85,27.53,1,1,1,1,11,9.9,9,quality,the product quality is stable and trustworthy,1,Quality Loyalists
R004393,quality_first,47,8524.14,new_tier_1,douyin,healthy_snack,4.33,8.6,7.08,6.09,28.53,1,1,1,0,3,10.0,10,quality,I care about ingredients and product safety,1,Quality Loyalists
R004394,value_seekers,18,8830.96,tier_3_plus,jd,ready_to_drink,9.07,6.43,6.13,5.43,13.47,1,1,1,0,1,7.64,8,price,I compare price across platforms before purchase,0,High Value Fans
R004395,new_explorers,26,6673.7,tier_2,tmall,healthy_snack,6.37,7.04,5.83,7.55,18.66,1,1,1,1,4,8.73,4,promotion,KOL reviews are useful but need to be authentic,0,High Value Fans
R004396,convenience_first,37,6269.0,tier_3_plus,offline_supermarket,healthy_snack,4.37,7.68,9.18,4.02,24.62,0,0,0,0,2,8.21,8,packaging,portable packaging is useful for work and travel,3,Convenience Driven
R004397,new_explorers,18,13718.84,new_tier_1,tmall,ready_to_drink,8.04,8.22,7.99,6.63,23.48,1,1,1,1,3,7.21,7,promotion,livestream promotion helps me discover new products,0,High Value Fans
R004398,convenience_first,26,7319.16,tier_1,private_domain,ready_to_drink,6.42,6.44,8.6,5.26,22.33,0,0,0,0,1,6.88,6,quality,the product quality is stable and trustworthy,2,Value Seekers
R004399,value_seekers,25,15120.3,tier_2,offline_supermarket,healthy_snack,9.29,5.74,5.56,5.33,17.23,1,1,1,0,0,7.57,8,packaging,the package design should show product benefits more clearly,0,High Value Fans
R004400,new_explorers,33,9571.47,new_tier_1,xiaohongshu,personal_care,9.18,5.76,5.84,5.95,22.35,0,0,0,0,0,6.05,6,price,discount bundles make me more willing to buy,2,Value Seekers
R004401,eco_advocates,36,8401.13,tier_1,jd,healthy_snack,5.92,7.58,7.13,9.86,26.25,1,1,1,1,6,8.67,8,packaging,the package design should show product benefits more clearly,4,Eco Advocates
R004402,eco_advocates,30,25415.0,tier_2,private_domain,ready_to_drink,5.55,8.76,5.65,8.62,40.3,1,1,1,1,2,8.16,6,delivery,delivery speed affects whether I choose the brand,4,Eco Advocates
R004403,convenience_first,33,8087.01,tier_3_plus,douyin,ready_to_drink,7.18,6.08,9.36,4.94,25.46,1,1,1,1,5,7.84,8,packaging,the packaging is convenient but could look more premium,3,Convenience Driven
R004404,value_seekers,31,14485.0,tier_3_plus,tmall,home_cleaning,8.5,6.86,6.93,5.5,24.34,1,1,1,1,4,7.73,7,promotion,KOL reviews are useful but need to be authentic,0,High Value Fans
R004405,new_explorers,32,5898.31,tier_1,tmall,ready_to_drink,5.81,6.55,5.88,6.65,26.02,0,0,0,1,2,8.81,9,price,I compare price across platforms before purchase,0,High Value Fans
R004406,value_seekers,23,12910.67,new_tier_1,offline_supermarket,home_cleaning,8.08,6.97,7.15,6.21,15.74,1,1,0,0,1,6.33,6,packaging,the packaging is convenient but could look more premium,2,Value Seekers
R004407,value_seekers,24,9714.16,tier_3_plus,tmall,ready_to_drink,8.18,5.74,5.31,4.02,15.06,1,0,0,0,0,6.63,6,price,the price feels high without promotion,2,Value Seekers
R004408,quality_first,18,9294.08,tier_1,tmall,ready_to_drink,4.63,8.3,6.59,7.67,32.35,1,1,0,1,2,10.0,8,delivery,delivery speed affects whether I choose the brand,1,Quality Loyalists
R004409,quality_first,34,9102.76,new_tier_1,offline_supermarket,personal_care,4.6,10.0,6.83,6.86,36.71,1,1,0,0,0,10.0,9,promotion,membership coupons can increase repeat purchase,1,Quality Loyalists
R004410,convenience_first,22,17013.4,tier_1,douyin,healthy_snack,3.96,6.16,9.1,4.67,25.62,0,0,1,1,3,7.71,8,delivery,stockouts make me switch to other brands,3,Convenience Driven
R004411,convenience_first,35,12124.01,new_tier_1,tmall,ready_to_drink,6.21,6.62,9.7,3.66,29.87,1,1,1,1,2,9.25,8,delivery,offline availability is not always convenient,3,Convenience Driven
R004412,eco_advocates,30,9541.14,tier_2,jd,healthy_snack,4.19,7.77,6.04,9.76,32.59,1,1,0,0,1,6.04,8,quality,I care about ingredients and product safety,4,Eco Advocates
R004413,new_explorers,27,18685.93,tier_1,offline_supermarket,healthy_snack,7.16,7.87,7.25,6.82,21.77,1,1,0,0,0,6.83,5,promotion,KOL reviews are useful but need to be authentic,2,Value Seekers
R004414,eco_advocates,24,10930.96,new_tier_1,douyin,ready_to_drink,5.16,6.64,6.07,7.85,39.83,0,0,0,0,1,6.77,6,delivery,delivery speed affects whether I choose the brand,4,Eco Advocates
R004415,new_explorers,21,7544.75,tier_1,offline_supermarket,home_cleaning,8.82,7.02,6.49,6.87,25.83,1,1,1,1,2,5.52,4,quality,I care about ingredients and product safety,2,Value Seekers
R004416,new_explorers,33,37925.5,tier_1,jd,personal_care,6.01,6.36,6.02,7.48,29.59,1,1,1,1,2,10.0,10,packaging,the package design should show product benefits more clearly,4,Eco Advocates
R004417,convenience_first,21,16498.87,tier_1,xiaohongshu,ready_to_drink,6.21,5.89,7.65,6.93,24.51,1,0,1,1,3,6.21,5,quality,quality improvement would make me repurchase more often,2,Value Seekers
R004418,quality_first,18,7416.65,tier_1,offline_supermarket,ready_to_drink,5.58,9.04,6.99,6.34,26.21,1,1,1,1,5,10.0,9,packaging,portable packaging is useful for work and travel,1,Quality Loyalists
R004419,value_seekers,46,7285.02,tier_1,offline_supermarket,home_cleaning,9.47,7.24,3.78,5.31,19.64,1,1,1,1,0,9.13,9,delivery,stockouts make me switch to other brands,0,High Value Fans
R004420,value_seekers,38,6520.41,tier_1,douyin,home_cleaning,9.07,5.38,7.26,5.32,14.79,1,1,1,1,2,7.03,8,price,the price feels high without promotion,0,High Value Fans
R004421,convenience_first,18,21689.07,tier_1,offline_supermarket,ready_to_drink,5.53,6.99,8.8,5.48,36.36,1,1,1,1,3,9.68,10,sustainability,sustainability claims need to be more credible,3,Convenience Driven
R004422,new_explorers,34,11135.23,tier_3_plus,douyin,personal_care,5.66,5.92,6.34,6.52,18.44,1,1,1,1,2,8.89,8,promotion,livestream promotion helps me discover new products,0,High Value Fans
R004423,eco_advocates,38,6805.4,tier_2,offline_supermarket,healthy_snack,5.55,6.8,6.33,8.04,32.15,1,1,1,1,5,8.07,5,promotion,membership coupons can increase repeat purchase,4,Eco Advocates
R004424,convenience_first,29,23546.52,tier_2,douyin,healthy_snack,5.33,7.41,9.0,4.7,28.99,1,1,0,1,3,9.18,9,promotion,livestream promotion helps me discover new products,3,Convenience Driven
R004425,new_explorers,31,15577.48,tier_1,offline_supermarket,ready_to_drink,4.64,6.46,7.95,7.11,22.28,0,0,0,0,1,7.91,6,delivery,stockouts make me switch to other brands,3,Convenience Driven
R004426,convenience_first,31,13317.37,tier_2,private_domain,healthy_snack,6.25,5.19,7.75,5.31,32.38,1,1,0,0,0,7.9,7,delivery,delivery speed affects whether I choose the brand,3,Convenience Driven
R004427,quality_first,24,12132.71,tier_2,douyin,personal_care,4.07,10.0,5.96,6.14,32.0,0,1,1,1,1,9.22,9,quality,the product quality is stable and trustworthy,1,Quality Loyalists
R004428,eco_advocates,30,7081.37,tier_2,douyin,ready_to_drink,7.06,7.26,6.38,9.68,31.82,1,0,0,1,5,8.67,7,price,discount bundles make me more willing to buy,4,Eco Advocates
R004429,eco_advocates,27,12247.12,tier_2,offline_supermarket,healthy_snack,5.18,7.62,6.34,8.88,27.51,0,1,1,1,2,8.96,9,delivery,stockouts make me switch to other brands,4,Eco Advocates
R004430,new_explorers,20,9536.43,tier_2,douyin,ready_to_drink,7.8,6.93,7.61,5.34,21.75,0,1,1,1,1,7.63,6,packaging,the packaging is convenient but could look more premium,2,Value Seekers
R004431,eco_advocates,18,6394.99,new_tier_1,tmall,home_cleaning,8.57,8.6,6.27,9.17,25.61,0,1,1,1,1,8.0,8,promotion,livestream promotion helps me discover new products,4,Eco Advocates
R004432,quality_first,29,12355.4,tier_3_plus,tmall,healthy_snack,4.03,9.74,6.78,6.41,36.4,0,1,1,1,4,9.66,10,sustainability,I prefer brands with recyclable packaging,1,Quality Loyalists
R004433,new_explorers,34,8867.7,tier_1,douyin,healthy_snack,7.9,6.95,6.47,6.77,23.82,1,1,1,1,2,8.4,7,price,the price feels high without promotion,0,High Value Fans
R004434,convenience_first,19,9138.22,tier_1,xiaohongshu,healthy_snack,5.49,7.62,7.98,6.14,28.68,1,1,1,1,2,10.0,10,delivery,stockouts make me switch to other brands,3,Convenience Driven
R004435,value_seekers,31,13486.38,tier_1,xiaohongshu,ready_to_drink,8.63,6.18,5.71,4.42,11.03,1,1,0,0,0,5.92,5,price,the price feels high without promotion,2,Value Seekers
R004436,eco_advocates,44,12077.95,new_tier_1,offline_supermarket,home_cleaning,4.73,7.52,6.13,8.32,30.21,0,0,1,1,2,10.0,10,sustainability,low carbon packaging would improve brand impression,4,Eco Advocates
R004437,quality_first,40,18853.88,new_tier_1,tmall,healthy_snack,4.88,9.6,6.61,6.11,38.54,0,0,0,0,0,9.34,10,quality,the product quality is stable and trustworthy,1,Quality Loyalists
R004438,quality_first,18,10907.53,tier_2,xiaohongshu,healthy_snack,4.71,8.68,6.58,7.02,28.09,0,0,0,0,0,8.14,7,packaging,the package design should show product benefits more clearly,1,Quality Loyalists
R004439,eco_advocates,28,6388.36,new_tier_1,tmall,healthy_snack,5.77,8.78,5.18,9.37,32.6,1,0,0,0,1,7.85,6,sustainability,low carbon packaging would improve brand impression,4,Eco Advocates
R004440,convenience_first,37,9049.78,tier_2,tmall,home_cleaning,6.86,6.87,7.78,4.75,23.83,0,1,0,0,1,6.46,4,quality,quality improvement would make me repurchase more often,2,Value Seekers
R004441,quality_first,33,17594.75,new_tier_1,xiaohongshu,personal_care,5.9,9.71,8.35,6.08,37.88,1,1,1,1,4,9.59,10,promotion,livestream promotion helps me discover new products,1,Quality Loyalists
R004442,value_seekers,31,5885.8,tier_2,tmall,healthy_snack,8.93,6.68,4.07,5.08,22.19,0,0,0,0,1,5.5,6,price,the price feels high without promotion,2,Value Seekers
R004443,convenience_first,29,25495.02,tier_2,jd,personal_care,5.59,6.27,9.29,6.08,29.02,0,0,0,0,1,7.73,7,delivery,delivery speed affects whether I choose the brand,3,Convenience Driven
R004444,convenience_first,23,11605.18,new_tier_1,private_domain,home_cleaning,7.67,7.47,8.72,6.17,27.3,1,1,1,1,3,8.35,6,packaging,the packaging is convenient but could look more premium,3,Convenience Driven
R004445,value_seekers,32,15088.03,tier_3_plus,douyin,ready_to_drink,9.64,6.46,4.77,5.28,18.09,1,1,0,0,2,4.48,3,packaging,the package design should show product benefits more clearly,2,Value Seekers
R004446,quality_first,33,4279.38,tier_3_plus,douyin,healthy_snack,5.65,8.92,5.83,6.78,37.75,1,1,1,1,5,9.86,9,price,the price feels high without promotion,1,Quality Loyalists
R004447,eco_advocates,31,8347.98,tier_1,xiaohongshu,personal_care,5.7,8.1,6.91,9.5,29.83,0,0,0,1,6,10.0,9,packaging,the package design should show product benefits more clearly,4,Eco Advocates
R004448,new_explorers,26,6897.9,new_tier_1,douyin,healthy_snack,6.77,7.78,5.57,4.7,21.18,1,0,0,1,0,8.37,8,packaging,the package design should show product benefits more clearly,0,High Value Fans
R004449,convenience_first,49,12833.56,tier_2,douyin,home_cleaning,5.98,6.38,8.15,6.12,24.55,1,1,1,1,3,9.71,10,quality,I care about ingredients and product safety,3,Convenience Driven
R004450,eco_advocates,39,8908.81,tier_3_plus,tmall,healthy_snack,5.92,7.2,6.67,7.97,34.5,0,1,1,1,6,8.16,9,packaging,portable packaging is useful for work and travel,4,Eco Advocates
R004451,quality_first,25,4282.7,tier_1,douyin,ready_to_drink,4.02,8.36,8.12,5.72,31.4,1,1,1,1,7,8.9,10,quality,the product quality is stable and trustworthy,1,Quality Loyalists
R004452,value_seekers,36,12099.69,new_tier_1,jd,home_cleaning,9.71,4.79,6.83,6.08,19.02,1,1,1,1,5,7.53,7,packaging,portable packaging is useful for work and travel,0,High Value Fans
R004453,quality_first,29,7569.76,new_tier_1,xiaohongshu,ready_to_drink,4.57,8.18,6.3,6.97,35.51,0,1,1,1,6,10.0,10,packaging,portable packaging is useful for work and travel,1,Quality Loyalists
R004454,quality_first,38,7558.15,tier_1,tmall,ready_to_drink,4.65,8.27,7.28,6.64,33.24,1,1,1,1,6,8.7,8,price,discount bundles make me more willing to buy,1,Quality Loyalists
R004455,eco_advocates,28,16553.51,tier_3_plus,jd,personal_care,3.98,7.57,7.6,8.7,37.4,0,0,0,1,2,7.91,8,packaging,the package design should show product benefits more clearly,4,Eco Advocates
R004456,convenience_first,28,7634.68,new_tier_1,private_domain,home_cleaning,3.72,8.31,9.05,6.5,25.85,0,0,0,0,1,7.03,7,packaging,the packaging is convenient but could look more premium,3,Convenience Driven
R004457,convenience_first,32,21085.43,tier_2,private_domain,ready_to_drink,4.66,7.38,8.86,5.23,29.67,1,0,0,1,4,9.66,8,delivery,delivery speed affects whether I choose the brand,3,Convenience Driven
R004458,eco_advocates,27,7686.14,new_tier_1,douyin,personal_care,6.82,8.29,5.65,8.48,29.7,1,1,1,1,2,9.5,10,sustainability,low carbon packaging would improve brand impression,4,Eco Advocates
R004459,quality_first,31,17175.43,tier_2,offline_supermarket,ready_to_drink,5.07,8.49,6.21,5.98,30.37,1,1,1,1,4,10.0,8,promotion,livestream promotion helps me discover new products,1,Quality Loyalists
R004460,value_seekers,23,6157.76,tier_2,xiaohongshu,healthy_snack,8.72,6.39,5.27,5.26,17.88,1,1,1,1,4,6.15,7,price,I compare price across platforms before purchase,2,Value Seekers
R004461,eco_advocates,39,7666.69,tier_2,offline_supermarket,ready_to_drink,5.55,7.58,6.57,8.08,31.52,1,0,0,0,0,8.22,8,price,I compare price across platforms before purchase,4,Eco Advocates
R004462,new_explorers,23,9491.88,new_tier_1,private_domain,healthy_snack,6.06,6.96,6.37,5.69,21.83,1,1,1,0,1,7.89,10,promotion,membership coupons can increase repeat purchase,0,High Value Fans
R004463,quality_first,31,8602.14,new_tier_1,private_domain,home_cleaning,5.5,10.0,7.16,5.91,31.08,1,1,1,1,1,10.0,10,promotion,livestream promotion helps me discover new products,1,Quality Loyalists
R004464,quality_first,35,20909.38,tier_3_plus,xiaohongshu,healthy_snack,3.44,8.44,5.83,5.65,36.07,0,0,0,0,0,10.0,9,delivery,delivery speed affects whether I choose the brand,1,Quality Loyalists
R004465,convenience_first,25,10843.02,tier_1,private_domain,ready_to_drink,6.21,6.56,7.67,6.45,27.47,1,1,1,1,2,7.83,9,promotion,membership coupons can increase repeat purchase,3,Convenience Driven
R004466,value_seekers,37,6013.0,new_tier_1,offline_supermarket,home_cleaning,10.0,7.59,4.49,5.83,13.45,1,1,0,0,0,6.45,5,promotion,membership coupons can increase repeat purchase,2,Value Seekers
R004467,quality_first,23,14883.6,tier_3_plus,tmall,ready_to_drink,5.36,9.82,6.19,5.39,35.42,0,0,0,0,1,9.18,9,promotion,membership coupons can increase repeat purchase,1,Quality Loyalists
R004468,new_explorers,39,6674.48,tier_1,douyin,ready_to_drink,6.5,6.61,5.52,6.21,25.22,1,1,0,0,0,8.38,10,promotion,membership coupons can increase repeat purchase,0,High Value Fans
R004469,quality_first,38,4435.28,tier_2,jd,healthy_snack,5.01,8.56,5.04,5.81,25.23,1,1,0,0,0,7.83,7,promotion,KOL reviews are useful but need to be authentic,1,Quality Loyalists
R004470,eco_advocates,39,11405.26,tier_1,jd,ready_to_drink,5.36,6.14,7.87,8.89,33.82,0,1,1,1,6,8.55,8,price,discount bundles make me more willing to buy,4,Eco Advocates
R004471,value_seekers,27,8143.51,new_tier_1,tmall,personal_care,9.0,5.98,5.89,4.07,13.93,1,0,0,0,3,4.33,5,price,the price feels high without promotion,2,Value Seekers
R004472,new_explorers,24,7269.8,tier_1,offline_supermarket,healthy_snack,6.07,6.79,7.46,6.08,21.2,1,1,1,1,2,9.11,10,packaging,the package design should show product benefits more clearly,3,Convenience Driven
R004473,eco_advocates,22,15028.41,new_tier_1,private_domain,ready_to_drink,5.63,7.67,6.93,9.26,40.88,1,1,0,0,1,9.4,10,sustainability,low carbon packaging would improve brand impression,4,Eco Advocates
R004474,convenience_first,29,15839.8,tier_1,jd,home_cleaning,5.73,6.09,8.76,5.07,24.8,0,0,0,0,0,6.62,7,delivery,delivery speed affects whether I choose the brand,3,Convenience Driven
R004475,new_explorers,23,7006.36,tier_2,xiaohongshu,home_cleaning,7.7,7.05,6.11,5.66,19.5,1,0,0,1,2,8.35,8,quality,quality improvement would make me repurchase more often,0,High Value Fans
R004476,new_explorers,55,10462.15,tier_1,offline_supermarket,ready_to_drink,7.49,6.4,5.94,7.22,24.06,1,1,0,0,0,7.64,8,promotion,KOL reviews are useful but need to be authentic,0,High Value Fans
R004477,convenience_first,37,12544.87,tier_2,private_domain,home_cleaning,4.58,5.97,9.74,4.77,31.5,1,1,1,1,5,8.44,10,quality,the product quality is stable and trustworthy,3,Convenience Driven
R004478,eco_advocates,31,10647.88,tier_2,jd,ready_to_drink,4.85,7.46,6.56,8.51,31.03,0,1,1,1,1,6.98,8,delivery,delivery speed affects whether I choose the brand,4,Eco Advocates
R004479,new_explorers,37,12837.05,tier_3_plus,xiaohongshu,ready_to_drink,7.23,6.47,5.87,8.29,22.36,1,1,1,1,2,7.94,7,delivery,delivery speed affects whether I choose the brand,0,High Value Fans
R004480,eco_advocates,33,17389.54,tier_2,tmall,ready_to_drink,5.34,6.81,7.44,8.58,29.92,1,0,0,0,1,8.89,10,price,the price feels high without promotion,4,Eco Advocates
R004481,eco_advocates,24,24076.81,tier_2,douyin,personal_care,5.23,6.7,6.43,10.0,34.93,1,1,0,0,1,4.78,3,quality,quality improvement would make me repurchase more often,4,Eco Advocates
R004482,convenience_first,30,3374.0,tier_2,tmall,ready_to_drink,5.14,7.33,8.88,5.17,26.02,1,1,0,0,1,8.74,10,promotion,livestream promotion helps me discover new products,3,Convenience Driven
R004483,convenience_first,43,28616.9,tier_1,offline_supermarket,personal_care,5.79,7.68,9.81,5.41,27.01,1,1,1,1,7,7.43,8,sustainability,I prefer brands with recyclable packaging,3,Convenience Driven
R004484,quality_first,32,18239.11,tier_2,jd,personal_care,3.54,7.97,7.33,6.39,36.19,0,0,0,0,1,10.0,10,price,discount bundles make me more willing to buy,1,Quality Loyalists
R004485,quality_first,31,8147.88,new_tier_1,offline_supermarket,home_cleaning,5.21,9.11,7.07,7.01,33.53,0,1,1,1,2,10.0,10,promotion,livestream promotion helps me discover new products,1,Quality Loyalists
R004486,quality_first,22,10738.0,new_tier_1,jd,personal_care,4.85,10.0,6.81,7.28,36.99,1,1,1,1,3,8.46,7,packaging,the packaging is convenient but could look more premium,1,Quality Loyalists
R004487,value_seekers,18,20938.62,new_tier_1,private_domain,home_cleaning,6.54,6.56,5.83,5.98,21.41,0,0,1,1,0,6.68,6,sustainability,sustainability claims need to be more credible,2,Value Seekers
R004488,value_seekers,35,7816.37,tier_2,douyin,ready_to_drink,8.75,6.12,5.38,4.81,14.48,1,1,1,0,1,4.12,2,price,discount bundles make me more willing to buy,2,Value Seekers
R004489,convenience_first,24,6825.43,tier_2,douyin,ready_to_drink,5.49,7.94,7.93,3.35,21.79,0,0,0,1,3,8.83,9,delivery,delivery speed affects whether I choose the brand,3,Convenience Driven
R004490,convenience_first,25,3658.5,tier_3_plus,douyin,personal_care,5.79,6.25,9.81,5.77,22.27,1,1,1,1,3,7.68,8,delivery,delivery speed affects whether I choose the brand,3,Convenience Driven
R004491,eco_advocates,25,5983.28,tier_1,tmall,ready_to_drink,7.16,6.06,6.36,9.36,33.36,1,0,1,1,2,8.58,10,delivery,offline availability is not always convenient,4,Eco Advocates
R004492,eco_advocates,36,17133.93,new_tier_1,offline_supermarket,home_cleaning,4.73,9.15,5.79,8.59,36.86,1,1,1,1,6,8.93,9,packaging,the packaging is convenient but could look more premium,4,Eco Advocates
R004493,quality_first,50,9095.64,tier_1,xiaohongshu,home_cleaning,5.95,9.43,6.14,6.16,34.39,1,1,1,1,4,8.73,9,packaging,portable packaging is useful for work and travel,1,Quality Loyalists
R004494,convenience_first,36,5078.54,tier_1,jd,home_cleaning,5.51,6.74,9.03,6.44,29.26,1,1,0,0,0,10.0,10,promotion,KOL reviews are useful but need to be authentic,3,Convenience Driven
R004495,value_seekers,32,17065.84,tier_1,douyin,personal_care,8.21,6.66,6.41,4.48,24.02,1,1,0,1,1,9.58,10,price,discount bundles make me more willing to buy,0,High Value Fans
R004496,value_seekers,29,12985.45,tier_1,douyin,personal_care,10.0,7.94,6.71,3.65,18.48,0,1,0,0,0,5.67,5,promotion,livestream promotion helps me discover new products,2,Value Seekers
R004497,quality_first,35,5239.82,new_tier_1,tmall,ready_to_drink,6.41,7.95,7.21,5.92,29.09,1,1,1,1,0,7.77,9,quality,quality improvement would make me repurchase more often,1,Quality Loyalists
R004498,new_explorers,36,11658.47,tier_2,jd,ready_to_drink,8.18,6.29,6.51,6.66,18.55,1,1,1,1,4,6.95,8,delivery,stockouts make me switch to other brands,0,High Value Fans
R004499,convenience_first,32,6697.27,tier_2,douyin,healthy_snack,7.64,9.02,7.75,5.07,15.41,1,1,0,1,8,7.38,9,packaging,the package design should show product benefits more clearly,0,High Value Fans
R004500,value_seekers,31,8818.49,tier_1,jd,ready_to_drink,9.28,6.85,5.95,5.59,22.98,1,1,0,0,0,7.45,8,promotion,membership coupons can increase repeat purchase,0,High Value Fans
R004501,new_explorers,32,13463.84,tier_2,tmall,ready_to_drink,7.49,7.04,5.81,5.41,27.46,1,1,0,0,0,7.77,10,price,discount bundles make me more willing to buy,0,High Value Fans
R004502,quality_first,37,5014.3,tier_3_plus,jd,personal_care,4.5,9.26,4.9,5.85,37.34,0,0,0,1,2,9.52,10,delivery,stockouts make me switch to other brands,1,Quality Loyalists
R004503,quality_first,18,8267.15,tier_1,offline_supermarket,personal_care,5.76,8.1,7.38,5.19,33.56,1,1,1,0,3,8.75,10,quality,quality improvement would make me repurchase more often,1,Quality Loyalists
R004504,eco_advocates,32,10816.02,new_tier_1,jd,healthy_snack,7.13,6.85,6.91,9.1,30.31,0,0,1,1,2,7.6,7,price,the price feels high without promotion,4,Eco Advocates
R004505,eco_advocates,29,9073.59,tier_3_plus,tmall,personal_care,6.19,6.65,4.99,9.62,35.01,1,1,1,0,0,9.35,10,price,discount bundles make me more willing to buy,4,Eco Advocates
R004506,value_seekers,34,11944.14,tier_3_plus,tmall,home_cleaning,9.63,5.66,5.22,3.62,19.73,0,1,0,0,0,4.22,4,promotion,livestream promotion helps me discover new products,2,Value Seekers
R004507,convenience_first,26,8181.5,tier_3_plus,jd,home_cleaning,6.06,8.39,9.52,5.65,28.64,1,1,1,0,1,9.68,8,promotion,KOL reviews are useful but need to be authentic,3,Convenience Driven
R004508,convenience_first,31,12312.81,tier_3_plus,tmall,ready_to_drink,6.16,6.22,8.89,4.56,22.74,0,1,1,1,6,8.38,7,delivery,stockouts make me switch to other brands,3,Convenience Driven
R004509,new_explorers,30,8584.19,tier_1,offline_supermarket,personal_care,6.05,7.07,5.16,6.42,24.52,1,0,0,1,2,10.0,10,promotion,membership coupons can increase repeat purchase,0,High Value Fans
R004510,convenience_first,35,23806.22,tier_3_plus,jd,home_cleaning,5.65,6.26,8.39,6.24,29.76,0,0,0,1,2,9.86,9,packaging,portable packaging is useful for work and travel,3,Convenience Driven
R004511,quality_first,39,10755.36,new_tier_1,tmall,ready_to_drink,4.82,7.39,7.74,5.81,33.72,1,1,1,1,2,8.41,8,quality,the product quality is stable and trustworthy,3,Convenience Driven
R004512,quality_first,35,10193.34,tier_2,jd,ready_to_drink,5.16,8.66,6.48,5.92,35.66,1,1,1,1,4,10.0,10,quality,I care about ingredients and product safety,1,Quality Loyalists
R004513,quality_first,33,9281.05,new_tier_1,tmall,healthy_snack,6.1,10.0,7.07,6.24,25.13,0,0,0,0,0,7.78,10,packaging,the packaging is convenient but could look more premium,1,Quality Loyalists
R004514,value_seekers,18,8789.0,new_tier_1,private_domain,personal_care,10.0,7.33,4.52,5.02,22.14,0,0,0,0,1,6.12,5,packaging,portable packaging is useful for work and travel,2,Value Seekers
R004515,quality_first,18,30983.05,tier_1,douyin,home_cleaning,3.37,10.0,6.93,6.95,36.11,1,1,1,1,3,8.72,8,packaging,the packaging is convenient but could look more premium,1,Quality Loyalists
R004516,value_seekers,26,6356.68,tier_2,douyin,home_cleaning,7.95,5.43,5.91,2.64,17.84,1,0,0,0,0,6.04,5,packaging,the package design should show product benefits more clearly,2,Value Seekers
R004517,eco_advocates,25,3154.85,new_tier_1,jd,ready_to_drink,5.99,6.46,5.43,8.9,29.71,0,0,0,0,0,7.88,8,sustainability,low carbon packaging would improve brand impression,4,Eco Advocates
R004518,new_explorers,18,10716.96,new_tier_1,jd,ready_to_drink,5.72,5.76,6.97,6.36,24.77,1,1,1,1,2,9.18,10,packaging,the package design should show product benefits more clearly,3,Convenience Driven
R004519,new_explorers,30,19005.09,tier_3_plus,tmall,home_cleaning,7.26,7.54,6.15,6.27,23.98,1,1,0,0,0,7.22,7,quality,I care about ingredients and product safety,0,High Value Fans
R004520,quality_first,21,11549.13,tier_3_plus,tmall,personal_care,2.41,7.37,7.56,6.4,27.17,0,0,0,1,2,8.32,9,packaging,the packaging is convenient but could look more premium,1,Quality Loyalists
R004521,quality_first,31,4619.38,new_tier_1,douyin,ready_to_drink,2.44,8.44,8.38,7.06,35.06,1,1,1,1,1,10.0,9,packaging,portable packaging is useful for work and travel,1,Quality Loyalists
R004522,value_seekers,18,10124.98,tier_3_plus,tmall,ready_to_drink,7.93,7.64,6.56,3.9,21.81,1,1,1,0,2,6.8,9,price,the price feels high without promotion,0,High Value Fans
R004523,new_explorers,40,7565.1,tier_1,jd,home_cleaning,6.9,7.3,6.58,5.81,22.15,0,1,1,1,2,6.8,8,sustainability,sustainability claims need to be more credible,0,High Value Fans
R004524,convenience_first,30,12663.97,new_tier_1,offline_supermarket,healthy_snack,4.82,7.7,10.0,6.25,27.42,1,1,1,1,7,10.0,9,packaging,portable packaging is useful for work and travel,3,Convenience Driven
R004525,eco_advocates,39,10327.36,tier_2,private_domain,ready_to_drink,4.39,6.61,6.14,9.21,31.57,0,0,0,0,0,7.35,10,promotion,membership coupons can increase repeat purchase,4,Eco Advocates
R004526,new_explorers,54,10538.31,new_tier_1,douyin,healthy_snack,7.32,5.53,4.89,6.66,19.74,1,0,0,0,1,4.39,7,price,I compare price across platforms before purchase,2,Value Seekers
R004527,quality_first,45,13598.37,tier_3_plus,tmall,personal_care,5.52,8.95,7.18,6.66,31.97,0,1,1,1,3,10.0,9,quality,I care about ingredients and product safety,1,Quality Loyalists
R004528,convenience_first,31,12584.67,tier_2,douyin,healthy_snack,5.62,7.65,7.19,4.13,25.05,0,0,0,1,3,8.05,6,price,the price feels high without promotion,3,Convenience Driven
R004529,quality_first,39,5841.38,new_tier_1,jd,personal_care,4.97,8.19,5.91,8.62,34.43,0,1,1,1,6,9.71,9,sustainability,sustainability claims need to be more credible,4,Eco Advocates
R004530,new_explorers,33,5324.58,tier_2,private_domain,healthy_snack,6.33,6.89,5.65,5.79,22.97,1,1,1,1,1,8.61,9,sustainability,I prefer brands with recyclable packaging,0,High Value Fans
R004531,convenience_first,33,17934.58,tier_3_plus,douyin,healthy_snack,5.19,7.41,8.06,5.5,33.23,1,1,1,1,2,7.24,6,promotion,membership coupons can increase repeat purchase,3,Convenience Driven
R004532,value_seekers,23,16747.24,tier_1,xiaohongshu,healthy_snack,9.47,7.5,5.62,5.05,21.76,0,0,0,1,3,6.85,7,price,discount bundles make me more willing to buy,2,Value Seekers
R004533,convenience_first,20,11784.72,tier_2,jd,home_cleaning,6.27,6.91,9.82,6.09,27.51,1,1,0,0,0,9.88,10,delivery,offline availability is not always convenient,3,Convenience Driven
R004534,value_seekers,18,6649.55,new_tier_1,douyin,ready_to_drink,8.2,5.15,3.77,3.56,15.52,0,0,0,0,0,6.23,5,price,I compare price across platforms before purchase,2,Value Seekers
R004535,value_seekers,49,4327.94,tier_1,tmall,ready_to_drink,9.79,5.71,6.61,4.46,21.41,1,0,0,1,5,9.36,10,delivery,delivery speed affects whether I choose the brand,0,High Value Fans
R004536,eco_advocates,37,14076.5,tier_1,douyin,healthy_snack,7.14,7.8,5.38,9.34,27.22,1,0,0,0,0,7.62,7,promotion,membership coupons can increase repeat purchase,4,Eco Advocates
R004537,convenience_first,27,16249.46,tier_2,jd,personal_care,5.5,6.75,8.97,6.0,23.38,0,0,1,1,3,8.37,7,delivery,stockouts make me switch to other brands,3,Convenience Driven
R004538,new_explorers,34,9168.81,tier_2,tmall,home_cleaning,5.43,7.51,6.68,6.38,26.26,1,1,1,1,5,10.0,9,promotion,livestream promotion helps me discover new products,1,Quality Loyalists
R004539,value_seekers,39,4748.72,new_tier_1,xiaohongshu,home_cleaning,8.07,7.94,5.88,3.86,17.49,0,1,0,0,0,7.29,7,price,I compare price across platforms before purchase,2,Value Seekers
R004540,new_explorers,34,11852.11,tier_1,jd,personal_care,7.87,6.11,5.93,7.16,25.15,0,1,1,1,1,8.88,9,promotion,KOL reviews are useful but need to be authentic,0,High Value Fans
R004541,quality_first,40,9948.66,new_tier_1,tmall,healthy_snack,5.04,9.21,7.66,6.62,42.12,1,1,1,1,1,10.0,10,quality,I care about ingredients and product safety,1,Quality Loyalists
R004542,quality_first,21,6217.65,new_tier_1,douyin,healthy_snack,3.35,8.78,7.31,5.29,28.38,1,1,1,1,4,9.8,8,promotion,membership coupons can increase repeat purchase,1,Quality Loyalists
R004543,new_explorers,29,10790.53,new_tier_1,douyin,healthy_snack,6.65,7.59,6.46,5.0,18.77,0,0,1,1,3,9.13,8,delivery,delivery speed affects whether I choose the brand,0,High Value Fans
R004544,value_seekers,28,9673.75,new_tier_1,tmall,healthy_snack,8.79,6.81,6.46,5.42,24.21,0,0,1,1,3,7.51,9,price,the price feels high without promotion,0,High Value Fans
R004545,value_seekers,33,4508.45,new_tier_1,tmall,healthy_snack,8.27,5.89,5.47,4.98,22.59,1,1,1,1,2,7.78,10,price,discount bundles make me more willing to buy,0,High Value Fans
R004546,value_seekers,33,9622.72,tier_3_plus,xiaohongshu,ready_to_drink,7.88,7.08,5.25,4.82,19.58,0,1,1,1,3,4.59,4,price,I compare price across platforms before purchase,2,Value Seekers
R004547,eco_advocates,28,12781.56,new_tier_1,xiaohongshu,healthy_snack,5.21,6.84,7.24,9.12,32.39,1,1,1,1,3,9.22,8,sustainability,I prefer brands with recyclable packaging,4,Eco Advocates
R004548,convenience_first,43,9694.31,tier_2,tmall,ready_to_drink,6.83,6.76,8.92,4.49,22.56,1,1,1,1,6,7.88,7,packaging,the package design should show product benefits more clearly,3,Convenience Driven
R004549,new_explorers,38,6343.73,tier_1,xiaohongshu,ready_to_drink,7.84,7.75,7.01,5.5,23.75,0,0,0,1,4,8.58,8,delivery,offline availability is not always convenient,0,High Value Fans
R004550,eco_advocates,28,9501.3,new_tier_1,douyin,ready_to_drink,4.93,9.22,6.41,8.77,39.92,1,1,1,1,2,9.28,10,packaging,portable packaging is useful for work and travel,4,Eco Advocates
R004551,new_explorers,23,14075.07,new_tier_1,douyin,home_cleaning,7.27,6.39,4.16,6.99,23.73,0,0,0,0,0,7.45,8,quality,the product quality is stable and trustworthy,0,High Value Fans
R004552,new_explorers,45,11935.77,tier_2,tmall,home_cleaning,5.56,6.86,5.98,5.96,20.42,1,1,0,0,0,7.47,5,promotion,membership coupons can increase repeat purchase,2,Value Seekers
R004553,convenience_first,43,11541.66,new_tier_1,douyin,home_cleaning,6.86,6.05,6.78,5.94,30.19,1,0,0,1,2,8.92,10,sustainability,I prefer brands with recyclable packaging,0,High Value Fans
R004554,eco_advocates,18,5554.96,new_tier_1,offline_supermarket,healthy_snack,5.27,9.38,6.28,9.48,35.73,1,1,1,1,1,8.92,9,promotion,livestream promotion helps me discover new products,4,Eco Advocates
R004555,eco_advocates,27,18815.33,new_tier_1,xiaohongshu,ready_to_drink,6.02,8.14,7.06,9.54,41.05,1,1,1,1,4,9.47,10,sustainability,sustainability claims need to be more credible,4,Eco Advocates
R004556,value_seekers,28,14887.29,tier_3_plus,private_domain,ready_to_drink,8.52,5.94,6.44,4.33,16.46,0,0,0,0,1,6.83,6,delivery,offline availability is not always convenient,2,Value Seekers
R004557,eco_advocates,24,5822.01,tier_1,offline_supermarket,personal_care,5.01,7.77,6.79,9.68,28.89,0,0,0,0,0,9.69,10,sustainability,I prefer brands with recyclable packaging,4,Eco Advocates
R004558,quality_first,21,4932.69,tier_3_plus,douyin,healthy_snack,6.0,9.47,6.35,5.97,33.51,1,0,0,1,3,9.18,10,price,discount bundles make me more willing to buy,1,Quality Loyalists
R004559,value_seekers,28,11516.08,new_tier_1,private_domain,ready_to_drink,7.0,5.47,5.84,4.76,14.41,1,1,1,1,5,7.33,7,price,I compare price across platforms before purchase,0,High Value Fans
R004560,quality_first,45,10478.45,tier_1,offline_supermarket,ready_to_drink,5.55,9.67,6.64,6.28,35.56,1,1,0,1,2,9.99,9,promotion,livestream promotion helps me discover new products,1,Quality Loyalists
R004561,value_seekers,27,8667.68,new_tier_1,offline_supermarket,ready_to_drink,8.65,6.07,5.35,5.41,20.04,0,1,1,1,2,5.76,6,quality,the product quality is stable and trustworthy,2,Value Seekers
R004562,quality_first,36,25825.37,tier_1,tmall,personal_care,4.44,8.46,7.3,6.76,34.0,1,1,1,1,3,10.0,10,sustainability,sustainability claims need to be more credible,1,Quality Loyalists
R004563,value_seekers,18,16136.04,new_tier_1,tmall,healthy_snack,8.0,6.95,6.36,5.2,18.29,0,0,0,0,0,7.53,9,delivery,stockouts make me switch to other brands,0,High Value Fans
R004564,eco_advocates,42,7339.56,tier_2,jd,ready_to_drink,6.29,8.78,5.12,8.35,30.1,1,1,1,1,0,10.0,10,sustainability,sustainability claims need to be more credible,4,Eco Advocates
R004565,value_seekers,20,24540.49,tier_2,xiaohongshu,home_cleaning,6.93,5.67,5.6,4.56,18.54,0,0,1,1,3,7.72,6,packaging,the package design should show product benefits more clearly,2,Value Seekers
R004566,value_seekers,36,7471.47,new_tier_1,jd,healthy_snack,7.01,7.26,6.27,4.81,22.31,1,1,1,1,4,6.64,6,price,I compare price across platforms before purchase,2,Value Seekers
R004567,new_explorers,33,10377.44,new_tier_1,tmall,ready_to_drink,7.71,5.31,6.69,5.11,20.51,1,1,1,1,6,8.01,8,promotion,livestream promotion helps me discover new products,0,High Value Fans
R004568,quality_first,22,4744.24,tier_2,tmall,home_cleaning,5.1,8.25,7.05,6.6,33.97,1,1,1,1,3,9.1,9,promotion,membership coupons can increase repeat purchase,1,Quality Loyalists
R004569,quality_first,43,6487.62,tier_3_plus,tmall,home_cleaning,4.01,9.26,6.97,5.86,29.6,0,1,1,1,7,10.0,9,quality,the product quality is stable and trustworthy,1,Quality Loyalists
R004570,value_seekers,29,15564.02,tier_1,xiaohongshu,home_cleaning,8.05,6.17,6.22,3.89,19.33,1,1,0,0,0,6.97,7,price,the price feels high without promotion,2,Value Seekers
R004571,convenience_first,28,9276.47,tier_3_plus,private_domain,ready_to_drink,4.96,7.49,8.08,6.39,24.24,0,1,1,1,2,9.2,10,promotion,KOL reviews are useful but need to be authentic,3,Convenience Driven
R004572,eco_advocates,42,8168.43,new_tier_1,jd,personal_care,4.51,7.07,7.23,8.54,35.34,0,0,1,1,4,10.0,10,quality,quality improvement would make me repurchase more often,4,Eco Advocates
R004573,value_seekers,30,9296.09,tier_3_plus,jd,home_cleaning,8.71,7.84,4.89,4.06,12.92,1,1,1,1,1,7.29,8,price,the price feels high without promotion,0,High Value Fans
R004574,new_explorers,20,22047.63,tier_1,tmall,personal_care,7.13,6.98,5.42,7.08,29.0,0,0,0,0,0,8.68,9,quality,the product quality is stable and trustworthy,0,High Value Fans
R004575,value_seekers,34,5018.97,tier_2,jd,ready_to_drink,7.37,4.77,6.73,3.71,17.29,1,0,0,0,0,6.33,5,quality,the product quality is stable and trustworthy,2,Value Seekers
R004576,convenience_first,34,24823.29,tier_2,jd,ready_to_drink,6.69,8.06,8.63,4.64,30.86,0,1,1,1,2,8.61,9,quality,I care about ingredients and product safety,3,Convenience Driven
R004577,value_seekers,34,3974.88,tier_3_plus,douyin,healthy_snack,8.42,6.5,6.24,5.84,12.27,1,1,1,1,7,8.24,9,packaging,portable packaging is useful for work and travel,0,High Value Fans
R004578,eco_advocates,44,16868.83,new_tier_1,private_domain,personal_care,5.37,7.78,5.47,7.95,34.95,0,1,1,1,0,10.0,10,promotion,KOL reviews are useful but need to be authentic,4,Eco Advocates
R004579,new_explorers,32,14995.4,tier_1,douyin,ready_to_drink,6.68,7.1,6.4,7.33,28.6,0,0,1,1,7,7.84,6,delivery,stockouts make me switch to other brands,0,High Value Fans
R004580,value_seekers,35,12704.01,tier_2,tmall,ready_to_drink,8.44,6.23,5.41,5.26,15.5,1,1,0,0,2,7.36,8,price,the price feels high without promotion,0,High Value Fans
R004581,convenience_first,33,15579.57,new_tier_1,douyin,healthy_snack,5.3,6.05,9.73,4.72,24.68,0,0,0,0,1,6.67,7,quality,I care about ingredients and product safety,3,Convenience Driven
R004582,convenience_first,47,11642.39,tier_2,douyin,personal_care,5.2,9.06,8.51,5.19,27.55,0,0,0,0,0,9.58,9,delivery,stockouts make me switch to other brands,1,Quality Loyalists
R004583,new_explorers,29,8227.94,new_tier_1,jd,home_cleaning,6.7,6.27,6.36,6.12,23.55,1,0,1,1,5,6.17,6,price,I compare price across platforms before purchase,2,Value Seekers
R004584,convenience_first,27,11430.79,tier_2,douyin,home_cleaning,4.41,7.89,8.46,5.61,25.87,0,1,1,1,4,9.9,10,delivery,delivery speed affects whether I choose the brand,3,Convenience Driven
R004585,quality_first,35,7287.35,new_tier_1,private_domain,ready_to_drink,4.38,8.26,6.38,6.58,32.91,1,1,1,0,0,8.03,10,quality,I care about ingredients and product safety,1,Quality Loyalists
R004586,value_seekers,30,25950.11,tier_3_plus,offline_supermarket,ready_to_drink,7.04,7.4,5.05,4.89,22.2,0,1,0,0,0,4.76,4,packaging,the package design should show product benefits more clearly,2,Value Seekers
R004587,value_seekers,43,5680.53,tier_3_plus,douyin,ready_to_drink,8.08,6.6,5.46,4.48,15.63,1,1,1,0,2,6.18,7,price,the price feels high without promotion,2,Value Seekers
R004588,value_seekers,45,12960.35,new_tier_1,offline_supermarket,ready_to_drink,7.79,6.85,4.31,3.62,13.25,1,1,0,1,2,8.96,9,price,discount bundles make me more willing to buy,0,High Value Fans
R004589,value_seekers,39,9231.58,tier_3_plus,xiaohongshu,home_cleaning,8.16,7.08,5.05,4.88,15.02,0,0,0,0,1,5.98,4,packaging,the package design should show product benefits more clearly,2,Value Seekers
R004590,convenience_first,24,7408.65,tier_3_plus,douyin,ready_to_drink,6.34,7.45,8.99,2.78,25.05,1,1,1,1,1,7.09,6,delivery,offline availability is not always convenient,3,Convenience Driven
R004591,eco_advocates,21,9539.71,new_tier_1,offline_supermarket,healthy_snack,5.31,8.57,6.12,10.0,30.5,0,0,0,0,0,10.0,8,packaging,the packaging is convenient but could look more premium,4,Eco Advocates
R004592,eco_advocates,37,11146.01,tier_1,jd,personal_care,4.86,8.54,5.09,9.17,36.67,0,0,0,0,0,10.0,10,sustainability,sustainability claims need to be more credible,4,Eco Advocates
R004593,value_seekers,31,5159.89,tier_3_plus,offline_supermarket,home_cleaning,9.28,6.27,4.67,5.34,14.99,1,1,0,0,0,5.93,6,quality,the product quality is stable and trustworthy,2,Value Seekers
R004594,quality_first,32,12482.38,tier_2,tmall,ready_to_drink,3.46,8.72,7.01,6.18,37.38,0,0,0,1,7,10.0,10,quality,the product quality is stable and trustworthy,1,Quality Loyalists
R004595,new_explorers,30,7966.84,tier_1,offline_supermarket,home_cleaning,6.04,6.58,5.63,6.18,24.5,0,1,0,1,2,10.0,9,promotion,membership coupons can increase repeat purchase,0,High Value Fans
R004596,value_seekers,37,3767.16,new_tier_1,tmall,ready_to_drink,10.0,5.73,6.47,6.38,7.22,1,1,1,0,1,6.42,6,promotion,membership coupons can increase repeat purchase,2,Value Seekers
R004597,quality_first,32,13896.2,tier_2,offline_supermarket,personal_care,6.42,9.12,6.56,5.33,33.28,1,1,0,1,3,10.0,10,price,discount bundles make me more willing to buy,1,Quality Loyalists
R004598,quality_first,26,6380.37,tier_2,offline_supermarket,home_cleaning,5.95,7.72,5.75,6.26,26.7,1,1,1,1,6,9.06,10,price,I compare price across platforms before purchase,1,Quality Loyalists
R004599,new_explorers,36,7816.14,tier_3_plus,tmall,personal_care,6.58,7.11,5.5,5.35,22.32,1,1,1,1,8,6.24,5,delivery,delivery speed affects whether I choose the brand,2,Value Seekers
R004600,convenience_first,25,11891.65,tier_3_plus,tmall,personal_care,6.58,7.01,8.7,4.9,23.82,0,0,0,0,0,8.19,8,sustainability,I prefer brands with recyclable packaging,3,Convenience Driven
R004601,eco_advocates,28,18852.05,tier_1,jd,ready_to_drink,5.15,6.54,6.65,8.29,26.18,0,0,0,1,1,9.64,10,sustainability,low carbon packaging would improve brand impression,4,Eco Advocates
R004602,new_explorers,23,18714.71,tier_3_plus,private_domain,personal_care,5.24,6.92,7.27,6.07,25.77,1,1,1,1,9,10.0,10,packaging,the packaging is convenient but could look more premium,3,Convenience Driven
R004603,quality_first,29,9104.08,tier_2,douyin,personal_care,5.2,8.91,6.25,6.62,33.12,1,1,1,1,0,9.7,9,quality,quality improvement would make me repurchase more often,1,Quality Loyalists
R004604,value_seekers,23,10651.36,new_tier_1,tmall,personal_care,7.63,6.3,5.76,5.81,12.5,0,1,1,1,4,6.28,5,price,the price feels high without promotion,2,Value Seekers
R004605,new_explorers,22,24551.78,new_tier_1,douyin,ready_to_drink,6.29,6.17,6.18,5.93,20.17,1,1,0,1,1,9.98,10,delivery,offline availability is not always convenient,0,High Value Fans
R004606,convenience_first,28,5452.36,tier_2,jd,ready_to_drink,7.03,5.77,9.13,5.44,24.29,0,1,0,1,3,8.87,10,delivery,offline availability is not always convenient,3,Convenience Driven
R004607,convenience_first,28,12639.78,tier_2,douyin,personal_care,6.77,6.85,8.7,5.51,22.49,0,0,0,1,5,7.07,7,delivery,stockouts make me switch to other brands,3,Convenience Driven
R004608,quality_first,31,9231.49,new_tier_1,tmall,ready_to_drink,4.79,8.51,6.09,5.46,36.28,1,1,1,1,4,9.78,10,quality,I care about ingredients and product safety,1,Quality Loyalists
R004609,eco_advocates,22,5903.54,tier_2,private_domain,healthy_snack,7.05,6.29,7.25,9.76,33.01,0,0,1,1,6,7.03,7,quality,quality improvement would make me repurchase more often,4,Eco Advocates
R004610,eco_advocates,32,9547.21,tier_3_plus,douyin,ready_to_drink,5.44,8.17,5.75,8.5,35.96,0,0,0,0,1,9.42,10,packaging,the package design should show product benefits more clearly,4,Eco Advocates
R004611,convenience_first,37,8678.15,new_tier_1,offline_supermarket,ready_to_drink,4.77,7.27,8.75,6.62,27.67,1,0,0,1,2,10.0,10,packaging,portable packaging is useful for work and travel,3,Convenience Driven
R004612,quality_first,22,5757.35,tier_3_plus,jd,healthy_snack,3.35,7.54,7.89,6.7,31.64,1,1,1,1,1,9.43,9,delivery,stockouts make me switch to other brands,1,Quality Loyalists
R004613,value_seekers,18,10100.67,new_tier_1,private_domain,healthy_snack,6.66,7.24,5.89,5.52,21.31,0,0,0,0,0,8.71,8,sustainability,I prefer brands with recyclable packaging,0,High Value Fans
R004614,eco_advocates,29,7744.08,tier_3_plus,offline_supermarket,personal_care,5.91,7.52,5.35,7.99,31.29,1,1,1,1,4,8.84,10,price,I compare price across platforms before purchase,4,Eco Advocates
R004615,value_seekers,32,20524.43,tier_3_plus,tmall,personal_care,6.78,6.94,5.54,4.75,13.02,1,0,0,0,1,7.56,7,packaging,the packaging is convenient but could look more premium,0,High Value Fans
R004616,convenience_first,25,14540.66,tier_2,private_domain,personal_care,5.92,6.6,8.97,5.19,30.89,1,1,1,1,3,8.69,8,delivery,stockouts make me switch to other brands,3,Convenience Driven
R004617,quality_first,27,13813.51,tier_3_plus,tmall,healthy_snack,5.11,8.69,5.76,7.65,34.26,0,0,1,1,4,10.0,10,price,the price feels high without promotion,1,Quality Loyalists
R004618,value_seekers,38,8928.47,tier_2,douyin,ready_to_drink,7.86,5.82,5.84,6.14,16.12,0,0,0,0,0,6.73,7,promotion,KOL reviews are useful but need to be authentic,2,Value Seekers
R004619,value_seekers,25,7159.12,tier_1,offline_supermarket,healthy_snack,7.75,6.87,4.78,5.56,12.69,0,0,1,1,2,8.48,10,price,discount bundles make me more willing to buy,0,High Value Fans
R004620,convenience_first,31,13855.97,tier_1,xiaohongshu,healthy_snack,5.41,5.26,9.14,5.76,26.2,1,1,1,1,6,9.37,9,price,I compare price across platforms before purchase,3,Convenience Driven
R004621,eco_advocates,43,8209.29,tier_2,private_domain,healthy_snack,4.66,6.86,7.05,7.52,32.91,0,0,1,1,4,7.41,7,sustainability,low carbon packaging would improve brand impression,4,Eco Advocates
R004622,convenience_first,32,7862.27,tier_2,douyin,ready_to_drink,6.0,6.83,8.15,5.13,27.99,0,0,0,0,0,7.12,4,delivery,offline availability is not always convenient,2,Value Seekers
R004623,eco_advocates,38,4188.34,new_tier_1,xiaohongshu,ready_to_drink,6.08,6.15,6.34,9.14,24.44,0,0,1,1,0,9.47,10,packaging,the packaging is convenient but could look more premium,4,Eco Advocates
R004624,value_seekers,35,11340.98,tier_2,douyin,healthy_snack,8.39,6.36,5.24,4.07,15.2,1,1,1,1,3,8.58,8,quality,quality improvement would make me repurchase more often,0,High Value Fans
R004625,value_seekers,19,24947.27,tier_3_plus,offline_supermarket,personal_care,8.01,5.99,4.93,5.04,18.0,1,1,1,1,4,8.38,6,quality,I care about ingredients and product safety,0,High Value Fans
R004626,value_seekers,27,16576.6,tier_1,jd,healthy_snack,10.0,7.04,6.4,5.75,20.53,1,0,1,1,0,7.31,7,sustainability,sustainability claims need to be more credible,2,Value Seekers
R004627,value_seekers,38,7520.59,tier_2,jd,personal_care,10.0,6.92,6.68,5.71,21.45,1,1,1,1,1,8.91,7,promotion,livestream promotion helps me discover new products,0,High Value Fans
R004628,quality_first,30,14653.07,tier_2,douyin,ready_to_drink,3.71,7.86,6.71,7.68,32.53,1,1,1,1,2,10.0,9,quality,the product quality is stable and trustworthy,1,Quality Loyalists
R004629,quality_first,28,6831.44,new_tier_1,tmall,home_cleaning,4.87,9.76,6.33,7.23,37.29,1,1,1,1,6,10.0,9,price,I compare price across platforms before purchase,1,Quality Loyalists
R004630,new_explorers,23,8007.01,new_tier_1,douyin,ready_to_drink,5.52,8.21,5.39,6.73,22.37,1,1,0,0,1,7.94,8,delivery,stockouts make me switch to other brands,0,High Value Fans
R004631,value_seekers,23,12169.83,tier_2,private_domain,home_cleaning,8.72,4.49,6.63,5.69,13.47,0,0,0,0,0,6.22,4,price,the price feels high without promotion,2,Value Seekers
R004632,value_seekers,36,16839.51,new_tier_1,douyin,ready_to_drink,8.8,5.66,6.67,5.37,23.4,1,1,1,1,3,6.08,7,delivery,stockouts make me switch to other brands,2,Value Seekers
R004633,new_explorers,32,5685.49,tier_3_plus,jd,personal_care,7.61,6.26,9.0,7.27,16.82,1,0,0,1,4,9.43,10,sustainability,low carbon packaging would improve brand impression,3,Convenience Driven
R004634,value_seekers,47,11359.02,tier_1,douyin,ready_to_drink,8.47,6.61,5.31,4.69,19.89,0,0,0,0,0,5.96,7,price,the price feels high without promotion,2,Value Seekers
R004635,value_seekers,24,9513.1,new_tier_1,jd,ready_to_drink,7.01,7.1,5.82,5.0,18.42,0,0,0,0,1,7.2,8,price,I compare price across platforms before purchase,0,High Value Fans
R004636,value_seekers,30,8173.71,tier_2,xiaohongshu,personal_care,9.25,6.44,6.58,5.65,18.62,1,1,1,0,0,8.66,8,price,I compare price across platforms before purchase,0,High Value Fans
R004637,eco_advocates,31,9712.98,new_tier_1,offline_supermarket,personal_care,5.72,8.97,5.82,10.0,37.74,0,1,1,1,4,10.0,9,promotion,livestream promotion helps me discover new products,4,Eco Advocates
R004638,quality_first,39,5817.92,tier_1,douyin,ready_to_drink,5.42,8.66,6.74,7.82,28.53,1,1,1,1,2,8.62,10,quality,the product quality is stable and trustworthy,1,Quality Loyalists
R004639,value_seekers,31,8056.59,tier_2,tmall,ready_to_drink,8.82,7.39,7.07,4.63,17.62,1,1,1,1,3,7.79,7,delivery,offline availability is not always convenient,0,High Value Fans
R004640,eco_advocates,18,16980.17,tier_3_plus,xiaohongshu,ready_to_drink,4.91,7.7,5.76,7.44,32.22,1,1,1,1,1,10.0,10,sustainability,low carbon packaging would improve brand impression,1,Quality Loyalists
R004641,convenience_first,44,7349.46,tier_2,xiaohongshu,healthy_snack,4.94,7.07,8.73,6.22,33.12,1,1,0,0,1,7.86,10,delivery,delivery speed affects whether I choose the brand,3,Convenience Driven
R004642,quality_first,23,6037.99,tier_2,jd,healthy_snack,3.79,8.43,6.3,5.54,33.65,0,0,0,1,2,10.0,7,packaging,portable packaging is useful for work and travel,1,Quality Loyalists
R004643,value_seekers,30,10403.15,tier_3_plus,douyin,healthy_snack,8.48,7.56,6.21,5.55,20.88,0,0,0,1,2,7.58,6,quality,quality improvement would make me repurchase more often,2,Value Seekers
R004644,quality_first,23,8372.67,tier_1,offline_supermarket,personal_care,3.9,8.56,7.09,7.39,32.16,1,1,0,1,4,9.76,9,quality,quality improvement would make me repurchase more often,1,Quality Loyalists
R004645,convenience_first,20,11646.22,new_tier_1,douyin,personal_care,5.5,7.25,8.06,6.68,20.25,1,1,1,1,3,7.83,8,delivery,stockouts make me switch to other brands,3,Convenience Driven
R004646,convenience_first,37,10080.47,new_tier_1,douyin,personal_care,3.95,6.56,9.23,5.66,23.75,1,1,1,1,6,10.0,10,sustainability,sustainability claims need to be more credible,3,Convenience Driven
R004647,convenience_first,36,5252.05,new_tier_1,offline_supermarket,healthy_snack,6.05,5.78,9.23,6.04,19.01,1,1,1,1,2,9.21,10,sustainability,I prefer brands with recyclable packaging,3,Convenience Driven
R004648,value_seekers,26,8783.71,tier_2,jd,ready_to_drink,8.12,7.21,6.65,4.24,19.3,0,0,0,0,0,8.33,8,packaging,the package design should show product benefits more clearly,0,High Value Fans
R004649,quality_first,18,8236.89,new_tier_1,douyin,ready_to_drink,5.86,10.0,7.07,6.18,34.73,1,1,1,1,5,10.0,10,sustainability,I prefer brands with recyclable packaging,1,Quality Loyalists
R004650,eco_advocates,33,15482.36,tier_3_plus,tmall,healthy_snack,6.2,9.0,6.09,8.71,37.92,0,0,0,0,0,8.84,10,sustainability,sustainability claims need to be more credible,4,Eco Advocates
R004651,eco_advocates,22,9941.43,tier_1,offline_supermarket,ready_to_drink,3.83,6.41,6.23,7.47,31.6,1,1,1,1,1,9.18,10,promotion,membership coupons can increase repeat purchase,4,Eco Advocates
R004652,eco_advocates,21,7833.05,new_tier_1,xiaohongshu,personal_care,4.19,5.98,7.27,8.36,35.9,0,0,0,0,0,7.99,7,quality,quality improvement would make me repurchase more often,4,Eco Advocates
R004653,quality_first,44,4718.16,tier_3_plus,jd,healthy_snack,4.56,9.34,7.07,5.86,34.66,1,1,0,0,0,7.67,7,quality,I care about ingredients and product safety,1,Quality Loyalists
R004654,new_explorers,31,23592.68,tier_1,tmall,personal_care,6.06,7.48,5.4,5.56,22.49,1,1,0,1,3,7.96,8,price,discount bundles make me more willing to buy,0,High Value Fans
R004655,eco_advocates,38,15307.59,tier_3_plus,jd,healthy_snack,4.9,8.35,5.91,10.0,36.45,1,1,1,1,4,10.0,8,quality,I care about ingredients and product safety,4,Eco Advocates
R004656,new_explorers,34,10551.83,new_tier_1,private_domain,home_cleaning,6.03,7.6,6.96,5.63,25.31,0,0,0,1,1,9.53,9,packaging,the package design should show product benefits more clearly,3,Convenience Driven
R004657,value_seekers,26,7814.3,tier_2,private_domain,home_cleaning,8.12,6.82,6.83,5.29,12.3,1,1,0,0,0,7.42,6,price,I compare price across platforms before purchase,2,Value Seekers
R004658,quality_first,35,8107.77,tier_2,offline_supermarket,healthy_snack,4.3,8.97,7.34,5.64,36.85,1,1,1,1,5,8.71,8,sustainability,I prefer brands with recyclable packaging,1,Quality Loyalists
R004659,convenience_first,41,6139.73,new_tier_1,xiaohongshu,home_cleaning,5.72,6.28,8.4,6.07,22.98,1,1,1,1,7,8.13,7,quality,I care about ingredients and product safety,3,Convenience Driven
R004660,convenience_first,33,15398.18,tier_2,tmall,ready_to_drink,5.7,7.76,9.03,4.24,28.84,1,1,1,1,2,10.0,10,delivery,delivery speed affects whether I choose the brand,3,Convenience Driven
R004661,quality_first,18,13561.06,tier_2,tmall,personal_care,5.09,9.19,7.6,6.34,31.16,0,0,0,0,0,9.77,9,quality,the product quality is stable and trustworthy,1,Quality Loyalists
R004662,value_seekers,26,14651.02,tier_2,xiaohongshu,personal_care,7.55,5.77,6.41,5.32,24.44,0,0,0,0,1,5.1,7,quality,I care about ingredients and product safety,2,Value Seekers
R004663,new_explorers,33,9417.08,tier_2,tmall,ready_to_drink,5.58,7.04,6.37,5.82,18.36,1,1,0,0,0,7.48,8,price,the price feels high without promotion,0,High Value Fans
R004664,quality_first,36,5387.07,tier_1,tmall,personal_care,5.65,7.95,6.31,4.95,25.62,1,1,0,1,3,7.62,7,sustainability,low carbon packaging would improve brand impression,0,High Value Fans
R004665,value_seekers,38,8141.54,new_tier_1,jd,personal_care,8.77,6.88,6.61,5.71,13.7,1,1,1,0,0,5.18,6,price,the price feels high without promotion,2,Value Seekers
R004666,value_seekers,35,11594.34,new_tier_1,tmall,healthy_snack,9.22,5.79,6.67,5.98,14.75,0,1,1,1,2,5.14,6,packaging,the packaging is convenient but could look more premium,2,Value Seekers
R004667,convenience_first,34,9088.42,tier_2,xiaohongshu,personal_care,6.27,7.8,8.49,5.08,28.76,0,1,1,1,4,9.08,10,promotion,membership coupons can increase repeat purchase,3,Convenience Driven
R004668,quality_first,35,7004.33,new_tier_1,private_domain,home_cleaning,5.73,9.64,5.2,5.39,33.78,1,1,1,1,2,8.43,8,price,I compare price across platforms before purchase,1,Quality Loyalists
R004669,eco_advocates,21,5729.21,tier_2,offline_supermarket,ready_to_drink,7.44,6.79,7.69,7.69,25.08,1,1,1,1,2,9.16,10,sustainability,sustainability claims need to be more credible,3,Convenience Driven
R004670,value_seekers,29,14048.66,tier_1,private_domain,personal_care,8.58,7.35,5.64,5.73,13.05,1,0,0,0,1,7.02,6,price,I compare price across platforms before purchase,2,Value Seekers
R004671,value_seekers,22,10817.28,tier_2,jd,ready_to_drink,8.54,6.63,6.07,6.32,21.2,1,1,1,1,3,9.16,8,packaging,the package design should show product benefits more clearly,0,High Value Fans
R004672,quality_first,32,19247.75,new_tier_1,offline_supermarket,ready_to_drink,5.18,9.91,6.3,4.99,30.78,0,0,0,1,4,7.41,5,quality,I care about ingredients and product safety,1,Quality Loyalists
R004673,quality_first,31,21646.92,tier_3_plus,xiaohongshu,personal_care,4.33,6.99,7.83,6.57,31.75,1,1,1,1,2,10.0,10,quality,I care about ingredients and product safety,3,Convenience Driven
R004674,quality_first,35,20433.23,tier_3_plus,private_domain,ready_to_drink,3.29,8.38,5.95,6.67,24.55,0,0,0,0,0,9.87,7,packaging,the package design should show product benefits more clearly,1,Quality Loyalists
R004675,convenience_first,48,7142.62,tier_2,xiaohongshu,ready_to_drink,4.49,7.48,9.75,4.99,31.69,0,1,1,1,2,7.56,8,delivery,offline availability is not always convenient,3,Convenience Driven
R004676,convenience_first,28,5769.49,tier_3_plus,offline_supermarket,ready_to_drink,5.59,6.61,8.5,5.68,25.96,0,1,1,1,3,9.91,10,delivery,delivery speed affects whether I choose the brand,3,Convenience Driven
R004677,value_seekers,27,8447.75,tier_2,private_domain,ready_to_drink,9.96,6.11,5.47,4.6,17.42,1,1,0,0,2,6.99,9,promotion,KOL reviews are useful but need to be authentic,0,High Value Fans
R004678,value_seekers,28,21329.37,new_tier_1,private_domain,ready_to_drink,8.31,4.92,4.74,4.9,17.54,1,0,0,0,0,5.39,5,packaging,portable packaging is useful for work and travel,2,Value Seekers
R004679,new_explorers,39,16858.22,new_tier_1,jd,healthy_snack,5.17,6.78,5.91,7.22,30.41,1,1,1,1,3,8.69,6,sustainability,I prefer brands with recyclable packaging,4,Eco Advocates
R004680,convenience_first,18,13483.97,tier_2,tmall,ready_to_drink,4.47,7.72,7.37,6.38,27.47,0,1,1,1,5,9.57,10,delivery,stockouts make me switch to other brands,1,Quality Loyalists
R004681,value_seekers,19,8526.03,tier_3_plus,offline_supermarket,home_cleaning,7.48,6.88,5.96,5.8,19.46,0,1,1,1,1,7.19,7,packaging,the packaging is convenient but could look more premium,0,High Value Fans
R004682,convenience_first,28,15206.48,tier_1,tmall,ready_to_drink,4.88,7.29,9.14,6.2,26.22,1,1,0,1,3,8.77,8,quality,the product quality is stable and trustworthy,3,Convenience Driven
R004683,quality_first,25,10801.59,tier_2,douyin,healthy_snack,5.82,8.73,7.75,6.99,28.71,1,1,1,0,3,10.0,10,delivery,stockouts make me switch to other brands,1,Quality Loyalists
R004684,eco_advocates,26,21397.14,new_tier_1,offline_supermarket,ready_to_drink,5.07,7.76,7.99,7.8,32.19,1,1,1,1,6,9.03,9,sustainability,I prefer brands with recyclable packaging,4,Eco Advocates
R004685,value_seekers,35,6795.73,tier_2,tmall,ready_to_drink,9.09,6.6,5.22,5.3,15.24,1,1,1,1,3,7.73,5,packaging,the package design should show product benefits more clearly,2,Value Seekers
R004686,eco_advocates,44,8448.16,tier_3_plus,private_domain,healthy_snack,5.53,6.88,7.0,8.82,36.65,0,0,1,1,5,8.88,8,sustainability,I prefer brands with recyclable packaging,4,Eco Advocates
R004687,value_seekers,40,28471.02,tier_2,private_domain,healthy_snack,8.24,6.48,6.45,5.43,19.52,1,1,1,1,3,6.52,8,delivery,offline availability is not always convenient,0,High Value Fans
R004688,quality_first,30,10548.27,tier_2,douyin,healthy_snack,5.23,9.28,6.81,6.07,33.74,1,1,1,1,5,9.93,10,quality,the product quality is stable and trustworthy,1,Quality Loyalists
R004689,quality_first,18,14137.07,tier_1,tmall,ready_to_drink,2.77,9.28,6.53,6.56,32.89,1,1,0,1,3,10.0,7,price,discount bundles make me more willing to buy,1,Quality Loyalists
R004690,eco_advocates,36,7868.93,tier_3_plus,tmall,healthy_snack,4.83,7.15,8.57,9.28,32.05,0,0,0,0,0,8.41,9,sustainability,sustainability claims need to be more credible,4,Eco Advocates
R004691,convenience_first,39,12436.14,tier_1,tmall,healthy_snack,6.11,6.6,9.89,6.62,20.57,0,0,0,0,1,8.79,10,promotion,membership coupons can increase repeat purchase,3,Convenience Driven
R004692,quality_first,30,10105.27,new_tier_1,jd,ready_to_drink,6.73,9.32,5.53,7.06,29.53,1,1,1,1,3,9.11,7,quality,quality improvement would make me repurchase more often,1,Quality Loyalists
R004693,eco_advocates,31,6563.43,tier_3_plus,private_domain,ready_to_drink,6.2,8.51,5.99,7.97,36.96,1,1,1,1,1,9.67,10,delivery,stockouts make me switch to other brands,4,Eco Advocates
R004694,eco_advocates,28,25027.87,tier_1,tmall,home_cleaning,4.88,7.99,5.75,9.21,25.24,1,1,1,1,1,10.0,9,sustainability,sustainability claims need to be more credible,4,Eco Advocates
R004695,quality_first,31,5074.06,tier_3_plus,tmall,personal_care,4.59,9.26,6.55,6.02,34.05,1,1,1,1,4,8.76,9,delivery,stockouts make me switch to other brands,1,Quality Loyalists
R004696,eco_advocates,42,12717.05,tier_3_plus,tmall,home_cleaning,6.16,6.52,6.01,8.92,28.32,1,1,1,0,1,7.86,7,sustainability,I prefer brands with recyclable packaging,4,Eco Advocates
R004697,eco_advocates,43,6521.09,tier_1,offline_supermarket,ready_to_drink,4.9,7.35,6.27,9.4,31.73,1,1,1,1,3,9.87,10,quality,the product quality is stable and trustworthy,4,Eco Advocates
R004698,convenience_first,38,9148.95,new_tier_1,douyin,ready_to_drink,4.33,6.31,7.25,5.27,23.52,1,1,1,1,4,8.14,10,promotion,KOL reviews are useful but need to be authentic,3,Convenience Driven
R004699,quality_first,49,12156.66,tier_2,xiaohongshu,healthy_snack,4.8,9.03,7.36,5.09,29.4,1,1,1,1,2,9.98,8,quality,I care about ingredients and product safety,1,Quality Loyalists
R004700,new_explorers,35,7948.99,new_tier_1,offline_supermarket,personal_care,6.04,7.2,7.65,6.23,22.92,1,1,0,0,0,9.0,10,promotion,KOL reviews are useful but need to be authentic,3,Convenience Driven
R004701,eco_advocates,31,9193.59,tier_1,douyin,ready_to_drink,6.55,6.9,4.55,9.0,31.17,1,1,0,0,1,6.39,7,sustainability,I prefer brands with recyclable packaging,4,Eco Advocates
R004702,value_seekers,44,9031.09,tier_2,tmall,personal_care,7.4,5.59,4.91,4.36,18.01,1,1,1,1,1,10.0,10,price,I compare price across platforms before purchase,0,High Value Fans
R004703,convenience_first,25,15235.31,new_tier_1,tmall,personal_care,5.5,8.64,8.96,4.66,26.1,0,0,0,1,2,10.0,8,price,I compare price across platforms before purchase,3,Convenience Driven
R004704,convenience_first,36,21680.12,tier_1,offline_supermarket,personal_care,5.84,6.26,8.81,4.39,28.06,0,1,1,1,5,6.51,6,quality,I care about ingredients and product safety,3,Convenience Driven
R004705,eco_advocates,29,10197.33,tier_3_plus,jd,personal_care,5.47,5.84,7.33,9.15,29.32,1,1,1,0,1,8.66,9,sustainability,sustainability claims need to be more credible,4,Eco Advocates
R004706,value_seekers,39,9665.03,tier_3_plus,private_domain,home_cleaning,10.0,6.4,4.78,5.03,16.68,1,1,1,1,2,6.54,4,packaging,portable packaging is useful for work and travel,2,Value Seekers
R004707,value_seekers,42,10505.78,new_tier_1,offline_supermarket,ready_to_drink,10.0,6.57,7.77,4.88,18.12,0,1,1,1,4,7.45,9,sustainability,I prefer brands with recyclable packaging,0,High Value Fans
R004708,convenience_first,27,12460.69,tier_1,douyin,home_cleaning,5.04,5.77,9.42,5.77,29.59,1,1,1,1,1,9.34,10,promotion,KOL reviews are useful but need to be authentic,3,Convenience Driven
R004709,quality_first,31,8744.46,tier_2,douyin,healthy_snack,5.45,8.27,6.19,6.34,29.33,1,1,1,1,4,8.03,9,quality,the product quality is stable and trustworthy,1,Quality Loyalists
R004710,convenience_first,18,12333.01,new_tier_1,tmall,personal_care,6.18,7.5,8.37,6.0,24.7,1,1,0,0,1,7.42,6,sustainability,low carbon packaging would improve brand impression,3,Convenience Driven
R004711,new_explorers,30,3326.26,tier_3_plus,jd,healthy_snack,8.35,6.7,7.72,6.72,25.95,0,0,0,0,0,6.49,8,packaging,portable packaging is useful for work and travel,0,High Value Fans
R004712,quality_first,24,9534.95,tier_2,xiaohongshu,home_cleaning,3.73,9.87,5.81,5.32,35.86,1,1,1,1,5,10.0,10,quality,I care about ingredients and product safety,1,Quality Loyalists
R004713,value_seekers,30,6518.39,tier_2,offline_supermarket,ready_to_drink,7.97,6.48,6.25,5.51,13.65,1,0,1,1,3,6.52,3,delivery,delivery speed affects whether I choose the brand,2,Value Seekers
R004714,value_seekers,41,15823.23,tier_3_plus,private_domain,healthy_snack,8.17,5.97,7.09,4.74,19.27,1,1,1,0,1,5.08,6,price,discount bundles make me more willing to buy,2,Value Seekers
R004715,new_explorers,30,12309.02,tier_1,douyin,ready_to_drink,5.94,6.02,8.4,6.78,14.45,0,0,0,1,3,8.63,8,price,discount bundles make me more willing to buy,3,Convenience Driven
R004716,value_seekers,20,8371.49,tier_3_plus,tmall,healthy_snack,8.3,7.7,5.58,5.64,17.98,0,1,0,0,2,6.85,6,price,the price feels high without promotion,2,Value Seekers
R004717,new_explorers,20,15726.3,tier_2,jd,home_cleaning,6.43,6.97,6.46,5.55,22.28,1,1,0,0,0,5.73,7,price,the price feels high without promotion,2,Value Seekers
R004718,quality_first,27,4598.36,new_tier_1,douyin,personal_care,4.74,9.13,7.32,6.22,23.69,0,1,1,1,4,10.0,10,quality,I care about ingredients and product safety,1,Quality Loyalists
R004719,eco_advocates,34,10698.97,tier_2,offline_supermarket,personal_care,5.11,5.44,6.44,8.52,30.71,1,1,0,1,2,8.58,8,packaging,the packaging is convenient but could look more premium,4,Eco Advocates
R004720,quality_first,31,7146.07,tier_1,xiaohongshu,ready_to_drink,4.09,8.59,5.55,5.91,29.17,0,1,1,1,5,10.0,9,quality,I care about ingredients and product safety,1,Quality Loyalists
R004721,convenience_first,31,22411.71,tier_1,xiaohongshu,ready_to_drink,6.86,6.12,7.72,4.46,22.58,0,1,0,0,0,6.18,7,price,the price feels high without promotion,2,Value Seekers
R004722,value_seekers,35,15182.89,new_tier_1,offline_supermarket,ready_to_drink,6.72,6.92,4.18,5.17,14.47,1,1,1,0,0,6.24,7,promotion,livestream promotion helps me discover new products,2,Value Seekers
R004723,convenience_first,33,7795.41,tier_2,offline_supermarket,personal_care,4.57,6.89,9.75,6.93,28.57,1,1,1,1,4,10.0,10,delivery,stockouts make me switch to other brands,3,Convenience Driven
R004724,eco_advocates,28,13767.99,tier_2,jd,ready_to_drink,5.31,7.83,5.38,9.05,37.87,1,1,0,0,0,8.22,6,sustainability,low carbon packaging would improve brand impression,4,Eco Advocates
R004725,quality_first,30,6703.87,tier_2,douyin,healthy_snack,3.66,9.64,6.62,6.72,29.49,1,1,0,0,0,10.0,10,delivery,offline availability is not always convenient,1,Quality Loyalists
R004726,value_seekers,25,7230.82,tier_3_plus,xiaohongshu,ready_to_drink,8.75,6.49,4.44,5.34,18.29,1,1,1,1,4,9.43,8,packaging,the packaging is convenient but could look more premium,0,High Value Fans
R004727,convenience_first,24,21782.38,tier_2,jd,ready_to_drink,5.98,7.51,9.34,4.89,29.83,1,0,0,0,0,8.18,8,delivery,stockouts make me switch to other brands,3,Convenience Driven
R004728,value_seekers,34,8324.57,tier_2,jd,ready_to_drink,8.45,6.13,5.59,6.4,17.58,0,1,1,1,5,8.21,8,price,the price feels high without promotion,0,High Value Fans
R004729,convenience_first,33,8344.34,tier_2,jd,ready_to_drink,6.47,7.78,9.27,5.99,32.33,1,1,1,1,7,8.51,9,promotion,livestream promotion helps me discover new products,3,Convenience Driven
R004730,quality_first,30,10464.87,tier_1,jd,healthy_snack,3.57,10.0,6.09,6.49,29.02,1,1,1,1,3,10.0,9,delivery,stockouts make me switch to other brands,1,Quality Loyalists
R004731,convenience_first,27,5344.62,new_tier_1,offline_supermarket,home_cleaning,4.51,8.25,8.83,5.45,31.7,0,1,1,1,5,8.71,8,packaging,the packaging is convenient but could look more premium,3,Convenience Driven
R004732,value_seekers,35,9782.55,tier_1,jd,healthy_snack,9.11,5.72,5.95,5.56,20.06,1,1,1,1,4,5.87,5,promotion,livestream promotion helps me discover new products,2,Value Seekers
R004733,quality_first,28,10872.93,tier_1,jd,personal_care,6.36,8.97,8.02,5.37,33.6,1,1,1,1,1,9.51,8,quality,the product quality is stable and trustworthy,1,Quality Loyalists
R004734,value_seekers,36,15500.6,new_tier_1,jd,ready_to_drink,8.85,6.71,6.49,5.85,20.54,1,1,1,0,5,7.17,6,promotion,KOL reviews are useful but need to be authentic,0,High Value Fans
R004735,value_seekers,18,4637.28,tier_1,tmall,home_cleaning,8.95,6.9,6.13,5.14,15.77,1,1,1,1,6,8.19,9,promotion,membership coupons can increase repeat purchase,0,High Value Fans
R004736,convenience_first,45,17201.87,tier_3_plus,xiaohongshu,ready_to_drink,5.16,6.53,7.72,5.19,30.44,0,1,1,1,4,8.71,10,promotion,KOL reviews are useful but need to be authentic,3,Convenience Driven
R004737,value_seekers,23,11890.37,tier_3_plus,xiaohongshu,ready_to_drink,9.93,5.71,3.43,4.57,21.51,1,1,1,0,1,7.39,10,packaging,portable packaging is useful for work and travel,0,High Value Fans
R004738,quality_first,22,15355.29,tier_2,douyin,healthy_snack,4.39,9.63,7.68,6.57,25.63,1,1,0,0,0,9.88,10,price,the price feels high without promotion,1,Quality Loyalists
R004739,value_seekers,18,28811.03,tier_2,offline_supermarket,personal_care,8.16,7.24,6.11,6.11,14.81,0,0,0,0,0,7.31,7,promotion,livestream promotion helps me discover new products,2,Value Seekers
R004740,convenience_first,35,7994.58,new_tier_1,douyin,ready_to_drink,5.02,6.73,8.05,5.06,24.52,1,1,0,0,0,6.3,4,delivery,stockouts make me switch to other brands,2,Value Seekers
R004741,value_seekers,32,22118.9,tier_2,douyin,ready_to_drink,8.86,6.3,6.14,5.77,16.84,1,1,0,1,5,7.43,9,price,the price feels high without promotion,0,High Value Fans
R004742,eco_advocates,18,12095.68,tier_1,tmall,personal_care,5.67,7.38,6.75,8.63,39.5,1,1,1,0,2,5.38,6,delivery,offline availability is not always convenient,4,Eco Advocates
R004743,quality_first,31,16331.94,new_tier_1,tmall,healthy_snack,4.15,8.83,5.73,6.57,33.74,1,1,1,0,2,9.79,9,price,the price feels high without promotion,1,Quality Loyalists
R004744,quality_first,27,9475.19,new_tier_1,douyin,healthy_snack,4.28,9.4,6.35,6.41,32.7,1,1,0,1,3,9.4,10,quality,the product quality is stable and trustworthy,1,Quality Loyalists
R004745,eco_advocates,18,5809.61,tier_2,tmall,personal_care,3.81,8.99,5.82,8.76,33.18,1,1,1,1,2,9.72,10,packaging,the package design should show product benefits more clearly,4,Eco Advocates
R004746,value_seekers,32,18693.05,tier_2,douyin,healthy_snack,7.87,6.58,5.0,5.65,17.67,0,1,0,1,2,8.19,8,delivery,delivery speed affects whether I choose the brand,0,High Value Fans
R004747,quality_first,24,12249.12,new_tier_1,douyin,personal_care,4.58,8.62,6.76,6.9,33.17,1,1,1,1,1,10.0,8,quality,the product quality is stable and trustworthy,1,Quality Loyalists
R004748,value_seekers,28,20670.43,tier_1,tmall,personal_care,7.27,6.95,6.08,4.33,19.65,1,1,1,1,2,8.63,9,price,I compare price across platforms before purchase,0,High Value Fans
R004749,quality_first,18,13660.08,tier_2,jd,personal_care,5.82,8.42,5.47,7.44,33.35,1,1,1,1,2,10.0,9,price,the price feels high without promotion,1,Quality Loyalists
R004750,eco_advocates,23,19414.48,new_tier_1,xiaohongshu,ready_to_drink,3.91,7.81,6.2,8.58,39.51,1,1,1,1,3,9.4,9,sustainability,I prefer brands with recyclable packaging,4,Eco Advocates
R004751,eco_advocates,37,27360.7,new_tier_1,xiaohongshu,home_cleaning,5.33,8.15,6.16,8.28,33.18,1,1,1,1,1,10.0,8,sustainability,sustainability claims need to be more credible,4,Eco Advocates
R004752,value_seekers,42,11172.73,new_tier_1,private_domain,personal_care,7.9,6.96,5.06,5.14,23.04,1,1,1,1,3,7.26,9,price,I compare price across platforms before purchase,0,High Value Fans
R004753,convenience_first,19,22850.74,tier_2,xiaohongshu,home_cleaning,4.68,8.79,6.27,6.46,28.71,1,1,1,1,3,10.0,10,quality,I care about ingredients and product safety,1,Quality Loyalists
R004754,eco_advocates,23,10115.15,new_tier_1,douyin,personal_care,6.59,8.52,7.43,8.52,38.43,0,0,1,1,3,9.36,8,quality,quality improvement would make me repurchase more often,4,Eco Advocates
R004755,convenience_first,37,20762.04,new_tier_1,private_domain,personal_care,5.14,6.62,9.34,5.12,28.74,1,1,1,1,3,10.0,10,delivery,offline availability is not always convenient,3,Convenience Driven
R004756,eco_advocates,29,7331.22,new_tier_1,tmall,personal_care,4.84,7.32,8.11,7.97,33.58,1,0,0,1,3,10.0,10,sustainability,sustainability claims need to be more credible,4,Eco Advocates
R004757,value_seekers,26,9802.88,tier_3_plus,xiaohongshu,home_cleaning,9.42,6.49,4.49,3.97,16.7,1,1,1,0,1,6.1,6,delivery,stockouts make me switch to other brands,2,Value Seekers
R004758,convenience_first,25,8558.37,new_tier_1,xiaohongshu,home_cleaning,3.31,6.05,8.97,6.14,31.29,0,0,1,1,2,9.57,9,quality,quality improvement would make me repurchase more often,3,Convenience Driven
R004759,value_seekers,32,20155.7,tier_2,douyin,personal_care,9.32,7.54,5.43,5.1,21.96,1,1,0,0,2,4.87,5,quality,the product quality is stable and trustworthy,2,Value Seekers
R004760,quality_first,37,8237.74,new_tier_1,jd,ready_to_drink,6.19,9.37,6.4,4.81,31.24,1,1,0,0,1,9.19,7,price,discount bundles make me more willing to buy,1,Quality Loyalists
R004761,quality_first,40,9520.45,new_tier_1,xiaohongshu,personal_care,5.23,9.91,5.9,6.77,29.41,1,1,1,1,2,10.0,10,quality,the product quality is stable and trustworthy,1,Quality Loyalists
R004762,quality_first,43,14139.08,tier_2,offline_supermarket,healthy_snack,3.72,5.99,6.47,7.33,28.05,1,1,1,1,1,8.65,8,sustainability,low carbon packaging would improve brand impression,4,Eco Advocates
R004763,convenience_first,18,8412.22,tier_3_plus,jd,personal_care,5.87,7.38,8.53,4.69,29.01,1,1,1,1,3,8.28,7,promotion,KOL reviews are useful but need to be authentic,3,Convenience Driven
R004764,new_explorers,23,8572.57,tier_1,douyin,healthy_snack,7.23,6.12,5.94,6.25,21.77,0,0,1,1,4,7.78,8,quality,I care about ingredients and product safety,0,High Value Fans
R004765,new_explorers,31,13604.78,tier_3_plus,offline_supermarket,home_cleaning,7.06,6.32,6.8,7.29,21.08,0,0,0,0,1,7.08,5,sustainability,sustainability claims need to be more credible,2,Value Seekers
R004766,quality_first,38,12323.39,tier_1,tmall,personal_care,5.25,7.88,7.7,6.3,31.79,0,1,1,1,4,9.31,10,delivery,stockouts make me switch to other brands,1,Quality Loyalists
R004767,value_seekers,30,8898.32,new_tier_1,xiaohongshu,home_cleaning,9.2,6.69,7.48,6.47,23.42,0,0,0,0,0,5.08,4,quality,the product quality is stable and trustworthy,2,Value Seekers
R004768,convenience_first,30,12995.98,tier_2,jd,healthy_snack,6.25,7.35,10.0,5.22,27.56,0,0,0,0,3,7.68,8,delivery,delivery speed affects whether I choose the brand,3,Convenience Driven
R004769,eco_advocates,43,9512.17,tier_1,tmall,personal_care,5.69,7.32,7.0,8.36,35.44,0,0,0,1,2,9.06,8,packaging,the package design should show product benefits more clearly,4,Eco Advocates
R004770,convenience_first,45,8003.57,tier_2,private_domain,personal_care,6.39,7.38,8.58,5.14,30.96,1,1,1,0,1,8.6,7,packaging,portable packaging is useful for work and travel,3,Convenience Driven
R004771,quality_first,19,14920.9,tier_1,offline_supermarket,healthy_snack,4.06,10.0,6.85,6.64,31.55,0,0,0,0,0,7.74,7,packaging,the package design should show product benefits more clearly,1,Quality Loyalists
R004772,convenience_first,45,7578.56,new_tier_1,douyin,personal_care,5.3,6.65,8.16,8.53,29.68,1,1,1,1,2,8.6,9,packaging,the packaging is convenient but could look more premium,4,Eco Advocates
R004773,new_explorers,18,4281.88,new_tier_1,tmall,personal_care,6.11,6.8,6.69,5.77,25.97,0,0,0,0,0,9.42,8,promotion,KOL reviews are useful but need to be authentic,0,High Value Fans
R004774,value_seekers,27,8483.45,tier_3_plus,tmall,home_cleaning,9.01,6.69,5.88,4.03,18.55,1,1,1,1,1,8.69,8,delivery,offline availability is not always convenient,0,High Value Fans
R004775,eco_advocates,20,10654.7,tier_2,douyin,personal_care,4.7,7.39,5.84,10.0,33.95,0,0,0,0,1,9.4,8,packaging,portable packaging is useful for work and travel,4,Eco Advocates
R004776,value_seekers,37,12195.85,tier_1,tmall,healthy_snack,10.0,5.8,6.02,3.53,17.66,1,1,1,1,5,5.53,5,packaging,the packaging is convenient but could look more premium,2,Value Seekers
R004777,convenience_first,38,5689.78,new_tier_1,douyin,ready_to_drink,7.39,5.64,8.09,4.96,24.47,0,1,1,1,6,7.36,7,packaging,portable packaging is useful for work and travel,3,Convenience Driven
R004778,new_explorers,29,2977.25,tier_2,offline_supermarket,ready_to_drink,7.56,6.29,6.83,6.68,23.73,0,0,0,0,0,6.86,5,price,discount bundles make me more willing to buy,2,Value Seekers
R004779,new_explorers,37,4074.95,tier_3_plus,tmall,personal_care,6.47,7.25,6.23,6.99,22.78,1,1,1,1,2,6.71,5,quality,quality improvement would make me repurchase more often,2,Value Seekers
R004780,value_seekers,28,10570.93,tier_2,private_domain,ready_to_drink,9.99,6.79,7.06,5.98,13.08,1,1,1,1,3,6.18,5,delivery,delivery speed affects whether I choose the brand,2,Value Seekers
R004781,new_explorers,21,15020.53,tier_3_plus,tmall,ready_to_drink,5.75,7.38,5.83,6.08,24.82,0,1,1,0,0,5.99,6,packaging,the package design should show product benefits more clearly,2,Value Seekers
R004782,quality_first,36,4150.26,new_tier_1,tmall,home_cleaning,2.88,8.66,6.55,5.9,30.44,0,1,1,1,2,8.97,7,quality,quality improvement would make me repurchase more often,1,Quality Loyalists
R004783,value_seekers,41,16081.99,tier_1,private_domain,personal_care,9.07,6.95,6.47,5.5,25.02,0,0,0,0,0,5.59,5,delivery,offline availability is not always convenient,2,Value Seekers
R004784,value_seekers,18,9375.05,tier_1,xiaohongshu,home_cleaning,7.04,6.85,6.72,4.79,17.16,1,1,1,1,3,7.52,8,promotion,KOL reviews are useful but need to be authentic,0,High Value Fans
R004785,convenience_first,37,9660.65,tier_1,jd,home_cleaning,6.05,5.16,9.92,4.97,30.13,1,1,1,1,4,8.02,9,delivery,delivery speed affects whether I choose the brand,3,Convenience Driven
R004786,value_seekers,36,4911.17,tier_3_plus,tmall,healthy_snack,9.79,5.81,5.88,5.26,13.35,1,1,1,1,1,7.94,8,delivery,stockouts make me switch to other brands,0,High Value Fans
R004787,value_seekers,25,15281.83,tier_2,private_domain,home_cleaning,7.3,6.64,5.91,6.13,21.85,1,1,1,1,7,9.4,10,quality,the product quality is stable and trustworthy,0,High Value Fans
R004788,new_explorers,18,6292.91,tier_2,jd,personal_care,6.7,6.28,6.6,6.27,25.8,1,1,1,1,2,7.0,7,price,discount bundles make me more willing to buy,0,High Value Fans
R004789,value_seekers,32,11137.35,tier_3_plus,offline_supermarket,ready_to_drink,8.82,6.05,6.1,4.24,9.81,0,1,1,1,8,8.28,6,price,discount bundles make me more willing to buy,0,High Value Fans
R004790,eco_advocates,35,15595.7,tier_1,douyin,ready_to_drink,7.31,7.41,6.78,10.0,30.91,0,0,0,1,4,9.65,9,promotion,livestream promotion helps me discover new products,4,Eco Advocates
R004791,convenience_first,18,11588.62,tier_1,xiaohongshu,healthy_snack,5.48,7.49,8.39,6.26,29.11,1,1,0,1,4,8.53,9,price,the price feels high without promotion,3,Convenience Driven
R004792,value_seekers,42,13659.1,new_tier_1,tmall,healthy_snack,8.85,6.64,5.93,4.99,17.38,1,1,0,0,0,6.35,5,price,the price feels high without promotion,2,Value Seekers
R004793,eco_advocates,22,21891.92,tier_1,xiaohongshu,ready_to_drink,5.53,7.33,5.6,8.72,36.42,1,1,1,1,4,6.98,7,sustainability,low carbon packaging would improve brand impression,4,Eco Advocates
R004794,value_seekers,35,5357.8,tier_1,tmall,ready_to_drink,9.23,5.62,5.28,4.34,16.25,0,0,0,0,0,6.08,7,packaging,the packaging is convenient but could look more premium,2,Value Seekers
R004795,value_seekers,37,7671.14,tier_2,douyin,home_cleaning,9.29,7.21,6.43,4.2,19.37,0,1,0,1,3,9.66,10,packaging,the packaging is convenient but could look more premium,0,High Value Fans
R004796,new_explorers,22,16465.41,new_tier_1,tmall,personal_care,6.52,6.66,5.9,6.24,26.04,0,0,1,1,4,8.64,8,delivery,delivery speed affects whether I choose the brand,0,High Value Fans
R004797,quality_first,31,4147.77,tier_2,private_domain,home_cleaning,5.08,8.78,6.38,6.85,33.86,1,1,1,0,2,8.0,7,quality,quality improvement would make me repurchase more often,1,Quality Loyalists
R004798,eco_advocates,39,10132.64,tier_3_plus,jd,ready_to_drink,7.48,5.35,6.58,9.18,33.29,0,0,0,1,2,7.66,8,quality,the product quality is stable and trustworthy,4,Eco Advocates
R004799,convenience_first,26,6423.92,tier_2,jd,personal_care,5.26,6.16,9.94,4.42,28.75,1,1,1,0,2,8.73,10,packaging,portable packaging is useful for work and travel,3,Convenience Driven
R004800,eco_advocates,41,8831.86,tier_2,douyin,healthy_snack,4.68,7.73,7.35,8.99,33.18,1,1,1,1,5,10.0,9,delivery,delivery speed affects whether I choose the brand,4,Eco Advocates
R004801,quality_first,31,14060.36,new_tier_1,private_domain,healthy_snack,4.39,9.23,6.36,6.43,30.74,1,1,1,1,2,9.33,10,quality,quality improvement would make me repurchase more often,1,Quality Loyalists
R004802,value_seekers,29,9809.96,tier_3_plus,xiaohongshu,personal_care,10.0,6.12,5.73,4.88,15.87,1,1,1,1,4,6.79,6,quality,I care about ingredients and product safety,2,Value Seekers
R004803,quality_first,32,14739.51,tier_2,jd,home_cleaning,4.2,7.52,8.0,6.33,38.45,1,1,1,1,1,8.75,10,quality,I care about ingredients and product safety,1,Quality Loyalists
R004804,convenience_first,25,13121.09,new_tier_1,offline_supermarket,personal_care,5.54,7.1,9.26,5.91,35.04,0,0,0,0,3,8.94,8,packaging,the package design should show product benefits more clearly,3,Convenience Driven
R004805,eco_advocates,35,14537.97,tier_3_plus,douyin,ready_to_drink,4.25,8.06,4.96,9.59,35.7,1,1,1,1,1,9.72,10,packaging,the packaging is convenient but could look more premium,4,Eco Advocates
R004806,convenience_first,18,9942.0,tier_2,xiaohongshu,home_cleaning,4.98,7.13,10.0,5.02,29.72,1,1,1,1,3,9.83,10,packaging,the package design should show product benefits more clearly,3,Convenience Driven
R004807,convenience_first,26,10161.24,new_tier_1,offline_supermarket,personal_care,5.37,7.58,9.06,4.31,25.54,0,1,1,1,6,10.0,9,quality,quality improvement would make me repurchase more often,3,Convenience Driven
R004808,new_explorers,27,13756.41,tier_2,douyin,healthy_snack,5.15,6.87,5.58,6.41,22.16,0,0,0,0,1,7.73,7,delivery,offline availability is not always convenient,0,High Value Fans
R004809,quality_first,33,4417.03,tier_1,jd,healthy_snack,3.8,8.47,8.13,5.88,29.33,1,0,0,1,5,8.05,10,sustainability,low carbon packaging would improve brand impression,1,Quality Loyalists
R004810,value_seekers,19,6557.56,tier_1,private_domain,ready_to_drink,9.22,7.03,4.41,5.99,19.42,1,1,0,0,0,8.22,8,packaging,the package design should show product benefits more clearly,0,High Value Fans
R004811,new_explorers,36,8866.71,tier_2,jd,ready_to_drink,8.07,7.71,6.47,4.63,22.41,1,1,1,1,3,8.35,8,price,I compare price across platforms before purchase,0,High Value Fans
R004812,convenience_first,33,18689.56,tier_2,xiaohongshu,personal_care,6.31,7.17,7.3,5.74,25.53,1,0,0,0,0,7.37,5,price,discount bundles make me more willing to buy,2,Value Seekers
R004813,convenience_first,26,12493.69,new_tier_1,offline_supermarket,healthy_snack,3.98,7.76,9.62,6.13,21.26,0,1,1,1,0,8.82,8,quality,I care about ingredients and product safety,3,Convenience Driven
R004814,value_seekers,33,13507.72,tier_2,xiaohongshu,healthy_snack,8.52,7.76,6.44,5.89,15.88,0,0,0,0,3,6.49,6,delivery,delivery speed affects whether I choose the brand,2,Value Seekers
R004815,eco_advocates,30,5678.07,new_tier_1,private_domain,ready_to_drink,6.02,7.78,6.64,7.99,36.63,0,0,1,1,4,8.45,8,quality,the product quality is stable and trustworthy,4,Eco Advocates
R004816,convenience_first,38,13539.11,tier_2,xiaohongshu,ready_to_drink,4.54,7.3,9.16,6.51,27.37,0,0,1,1,8,8.46,9,quality,I care about ingredients and product safety,3,Convenience Driven
R004817,convenience_first,27,12308.15,tier_2,offline_supermarket,healthy_snack,5.02,7.76,9.62,7.26,29.71,1,1,0,0,1,10.0,10,delivery,offline availability is not always convenient,3,Convenience Driven
R004818,convenience_first,25,21742.95,tier_3_plus,jd,ready_to_drink,5.27,7.31,8.02,5.95,30.09,0,0,0,1,3,10.0,9,quality,the product quality is stable and trustworthy,3,Convenience Driven
R004819,quality_first,28,6709.35,tier_3_plus,xiaohongshu,healthy_snack,5.22,9.16,5.77,6.34,35.14,0,1,1,1,1,7.78,7,sustainability,I prefer brands with recyclable packaging,1,Quality Loyalists
R004820,quality_first,37,11564.35,tier_2,douyin,healthy_snack,5.25,8.69,6.21,6.38,32.51,1,1,1,1,3,8.5,10,quality,I care about ingredients and product safety,1,Quality Loyalists
R004821,convenience_first,35,6212.85,tier_2,tmall,home_cleaning,6.07,6.36,8.46,5.78,22.57,0,0,0,0,1,8.15,8,packaging,the packaging is convenient but could look more premium,3,Convenience Driven
R004822,quality_first,33,11386.42,new_tier_1,tmall,ready_to_drink,5.34,8.98,7.54,6.88,36.32,0,0,1,1,2,9.86,10,price,the price feels high without promotion,1,Quality Loyalists
R004823,eco_advocates,23,9230.96,tier_1,xiaohongshu,ready_to_drink,6.12,7.48,7.73,8.78,34.3,1,1,1,1,7,8.62,10,price,discount bundles make me more willing to buy,4,Eco Advocates
R004824,eco_advocates,18,18477.13,tier_3_plus,douyin,ready_to_drink,5.35,7.25,6.49,9.35,37.76,1,1,1,0,3,7.03,7,sustainability,low carbon packaging would improve brand impression,4,Eco Advocates
R004825,value_seekers,23,7107.62,tier_1,private_domain,healthy_snack,9.4,5.93,5.9,4.35,15.13,1,1,0,0,0,5.83,6,promotion,livestream promotion helps me discover new products,2,Value Seekers
R004826,value_seekers,39,10473.45,tier_1,tmall,healthy_snack,8.2,7.27,5.94,4.49,15.29,1,1,1,1,6,10.0,9,price,discount bundles make me more willing to buy,0,High Value Fans
R004827,new_explorers,32,12672.35,tier_2,jd,ready_to_drink,7.71,6.53,5.36,6.61,20.2,1,1,1,1,0,8.62,10,delivery,offline availability is not always convenient,0,High Value Fans
R004828,value_seekers,27,7231.87,tier_1,douyin,personal_care,9.18,6.93,6.07,5.9,20.12,1,1,1,1,2,7.3,6,quality,the product quality is stable and trustworthy,2,Value Seekers
R004829,eco_advocates,21,6064.92,new_tier_1,douyin,healthy_snack,6.41,7.67,4.76,9.86,27.08,1,1,0,0,0,6.88,7,quality,I care about ingredients and product safety,4,Eco Advocates
R004830,convenience_first,32,11978.58,tier_2,tmall,ready_to_drink,5.08,7.13,9.35,5.78,28.29,1,1,1,1,5,10.0,8,promotion,membership coupons can increase repeat purchase,3,Convenience Driven
R004831,new_explorers,34,6027.91,tier_2,offline_supermarket,healthy_snack,6.47,7.34,7.12,4.97,26.8,1,1,1,1,3,8.14,8,promotion,membership coupons can increase repeat purchase,3,Convenience Driven
R004832,quality_first,38,4292.66,tier_2,douyin,home_cleaning,4.63,8.69,7.89,8.83,31.21,1,1,1,1,2,9.38,10,price,discount bundles make me more willing to buy,4,Eco Advocates
R004833,value_seekers,46,14220.98,tier_2,offline_supermarket,healthy_snack,9.07,5.54,6.29,6.52,20.09,1,0,1,1,4,7.07,8,price,discount bundles make me more willing to buy,0,High Value Fans
R004834,quality_first,45,11605.96,tier_3_plus,jd,home_cleaning,5.78,9.42,6.89,6.81,38.59,1,1,1,1,1,10.0,10,price,I compare price across platforms before purchase,1,Quality Loyalists
R004835,eco_advocates,18,7872.17,tier_2,jd,ready_to_drink,5.28,6.94,7.39,10.0,33.53,1,1,1,1,5,8.54,8,quality,I care about ingredients and product safety,4,Eco Advocates
R004836,value_seekers,42,7662.98,tier_2,tmall,personal_care,9.33,7.46,7.3,5.12,17.47,1,0,0,0,0,7.73,6,price,the price feels high without promotion,2,Value Seekers
R004837,quality_first,31,11067.23,tier_3_plus,douyin,healthy_snack,6.52,10.0,6.59,6.13,36.87,1,1,1,1,2,10.0,9,price,discount bundles make me more willing to buy,1,Quality Loyalists
R004838,quality_first,39,4973.82,tier_1,jd,personal_care,6.36,8.94,7.2,6.45,29.26,0,0,1,1,2,10.0,8,promotion,membership coupons can increase repeat purchase,1,Quality Loyalists
R004839,new_explorers,39,8426.39,tier_3_plus,private_domain,personal_care,7.74,7.21,6.19,4.83,23.54,1,1,0,0,0,8.1,7,price,the price feels high without promotion,0,High Value Fans
R004840,quality_first,38,13183.03,tier_2,offline_supermarket,ready_to_drink,5.03,8.49,5.56,6.64,31.38,0,0,0,0,2,9.48,10,quality,I care about ingredients and product safety,1,Quality Loyalists
R004841,value_seekers,40,10544.57,tier_2,jd,ready_to_drink,8.62,6.8,5.48,4.86,18.31,0,0,1,1,2,8.36,9,price,discount bundles make me more willing to buy,0,High Value Fans
R004842,new_explorers,31,15713.07,tier_2,jd,ready_to_drink,5.65,5.18,6.41,6.26,23.47,1,0,0,1,2,9.03,8,sustainability,I prefer brands with recyclable packaging,0,High Value Fans
R004843,new_explorers,23,9015.83,new_tier_1,tmall,home_cleaning,8.94,5.78,6.13,6.2,22.44,1,1,1,1,4,9.5,6,delivery,stockouts make me switch to other brands,0,High Value Fans
R004844,eco_advocates,18,8559.51,tier_2,douyin,healthy_snack,5.36,7.52,6.41,9.17,31.4,0,0,1,1,3,8.72,9,sustainability,I prefer brands with recyclable packaging,4,Eco Advocates
R004845,value_seekers,30,11280.58,new_tier_1,offline_supermarket,healthy_snack,9.03,5.07,6.37,6.09,16.31,1,1,1,1,5,7.33,7,price,I compare price across platforms before purchase,0,High Value Fans
R004846,convenience_first,28,8188.77,tier_3_plus,douyin,healthy_snack,4.89,6.86,8.82,4.09,17.18,0,0,0,0,0,8.15,6,promotion,livestream promotion helps me discover new products,3,Convenience Driven
R004847,new_explorers,29,6449.28,tier_3_plus,xiaohongshu,ready_to_drink,6.92,7.21,6.47,6.85,20.59,1,1,0,0,0,7.67,7,quality,the product quality is stable and trustworthy,0,High Value Fans
R004848,eco_advocates,34,23070.68,new_tier_1,xiaohongshu,ready_to_drink,5.96,7.74,7.07,9.29,30.91,1,1,1,1,5,8.85,9,quality,the product quality is stable and trustworthy,4,Eco Advocates
R004849,new_explorers,29,22437.99,tier_2,douyin,healthy_snack,5.85,6.26,8.15,7.14,28.66,1,1,1,1,4,10.0,9,price,discount bundles make me more willing to buy,3,Convenience Driven
R004850,quality_first,38,18480.64,tier_2,douyin,ready_to_drink,3.77,8.93,6.55,7.6,26.82,0,0,0,0,1,9.67,9,quality,the product quality is stable and trustworthy,1,Quality Loyalists
R004851,new_explorers,23,20974.79,new_tier_1,offline_supermarket,healthy_snack,6.92,7.13,5.77,5.95,24.9,0,1,0,0,1,7.87,8,promotion,livestream promotion helps me discover new products,0,High Value Fans
R004852,value_seekers,37,5889.68,tier_2,xiaohongshu,personal_care,8.31,6.57,5.22,4.89,16.09,0,0,0,0,0,6.97,7,price,I compare price across platforms before purchase,2,Value Seekers
R004853,convenience_first,32,8150.06,tier_1,private_domain,ready_to_drink,5.26,6.4,7.2,6.15,28.38,0,0,0,0,0,7.77,8,packaging,the packaging is convenient but could look more premium,3,Convenience Driven
R004854,new_explorers,20,9051.68,tier_3_plus,offline_supermarket,personal_care,4.52,6.89,4.85,7.2,21.52,0,1,1,1,7,10.0,9,promotion,livestream promotion helps me discover new products,1,Quality Loyalists
R004855,eco_advocates,26,7777.11,tier_3_plus,jd,ready_to_drink,6.22,6.78,6.65,8.47,32.32,1,0,0,0,0,6.7,6,sustainability,low carbon packaging would improve brand impression,4,Eco Advocates
R004856,quality_first,28,7730.18,tier_2,tmall,ready_to_drink,4.34,8.85,6.54,6.54,26.75,1,1,1,0,1,8.78,9,promotion,livestream promotion helps me discover new products,1,Quality Loyalists
R004857,convenience_first,34,17534.59,tier_1,douyin,ready_to_drink,5.94,7.56,8.96,5.04,24.45,1,0,1,1,2,9.6,10,quality,the product quality is stable and trustworthy,3,Convenience Driven
R004858,convenience_first,33,13912.01,new_tier_1,tmall,ready_to_drink,5.61,6.86,8.91,5.92,26.32,0,0,0,0,1,7.4,7,quality,the product quality is stable and trustworthy,3,Convenience Driven
R004859,convenience_first,38,13176.11,tier_3_plus,xiaohongshu,ready_to_drink,5.35,6.02,8.35,4.89,22.39,0,1,0,1,6,9.62,10,delivery,delivery speed affects whether I choose the brand,3,Convenience Driven
R004860,value_seekers,41,8483.94,new_tier_1,private_domain,ready_to_drink,8.62,6.81,5.65,5.44,22.09,1,1,0,0,0,6.12,5,price,discount bundles make me more willing to buy,2,Value Seekers
R004861,convenience_first,23,4570.09,tier_3_plus,jd,personal_care,7.32,8.32,8.24,5.44,25.3,0,1,1,1,6,10.0,10,quality,I care about ingredients and product safety,3,Convenience Driven
R004862,convenience_first,44,4787.85,tier_2,tmall,healthy_snack,5.07,8.01,8.66,4.75,30.6,1,0,1,1,3,8.98,9,delivery,delivery speed affects whether I choose the brand,3,Convenience Driven
R004863,eco_advocates,30,11950.06,tier_2,douyin,healthy_snack,5.45,7.34,5.93,9.01,29.95,1,1,1,1,0,10.0,9,quality,the product quality is stable and trustworthy,4,Eco Advocates
R004864,value_seekers,21,9147.16,tier_1,offline_supermarket,healthy_snack,6.66,6.7,5.77,4.03,13.43,1,1,1,1,4,6.85,5,promotion,membership coupons can increase repeat purchase,2,Value Seekers
R004865,quality_first,20,5670.02,new_tier_1,douyin,home_cleaning,4.89,9.27,5.89,6.24,30.32,1,1,0,0,0,6.91,7,quality,I care about ingredients and product safety,1,Quality Loyalists
R004866,quality_first,34,17174.42,new_tier_1,tmall,ready_to_drink,6.55,9.41,7.7,4.46,31.87,0,1,0,1,3,6.9,9,quality,the product quality is stable and trustworthy,1,Quality Loyalists
R004867,eco_advocates,41,14153.6,tier_1,tmall,healthy_snack,4.36,7.52,6.22,10.0,27.28,1,1,1,1,3,9.13,10,sustainability,sustainability claims need to be more credible,4,Eco Advocates
R004868,quality_first,23,7853.26,tier_2,jd,healthy_snack,5.07,9.45,7.72,7.18,34.52,1,1,1,1,5,8.66,8,price,I compare price across platforms before purchase,1,Quality Loyalists
R004869,new_explorers,35,16310.19,tier_1,douyin,ready_to_drink,5.47,7.79,4.86,5.64,22.29,1,1,1,1,3,7.56,7,quality,the product quality is stable and trustworthy,0,High Value Fans
R004870,convenience_first,21,10776.72,tier_3_plus,tmall,healthy_snack,3.52,6.47,8.91,6.38,30.43,0,0,1,1,3,9.99,10,quality,quality improvement would make me repurchase more often,3,Convenience Driven
R004871,convenience_first,36,6076.14,tier_1,private_domain,ready_to_drink,5.93,8.44,9.07,5.86,28.89,0,0,0,0,0,9.67,10,packaging,the package design should show product benefits more clearly,3,Convenience Driven
R004872,value_seekers,23,12912.52,tier_3_plus,xiaohongshu,ready_to_drink,9.97,6.89,5.77,4.16,21.55,1,1,1,1,1,6.04,6,price,the price feels high without promotion,2,Value Seekers
R004873,eco_advocates,50,9783.4,new_tier_1,tmall,healthy_snack,7.31,6.36,6.77,8.88,28.8,1,1,1,0,2,9.7,10,sustainability,I prefer brands with recyclable packaging,4,Eco Advocates
R004874,quality_first,40,14925.0,new_tier_1,xiaohongshu,ready_to_drink,4.67,7.36,7.78,7.37,32.77,0,1,1,1,3,9.48,10,quality,the product quality is stable and trustworthy,4,Eco Advocates
R004875,value_seekers,37,14762.68,tier_2,douyin,ready_to_drink,8.71,6.23,6.18,4.71,18.56,1,1,0,0,1,6.91,6,price,the price feels high without promotion,2,Value Seekers
R004876,value_seekers,35,13237.63,tier_1,xiaohongshu,healthy_snack,8.12,7.63,4.75,4.64,19.31,1,1,0,1,2,7.76,7,promotion,membership coupons can increase repeat purchase,0,High Value Fans
R004877,eco_advocates,42,7986.12,tier_2,offline_supermarket,personal_care,4.98,8.16,6.52,8.94,29.05,1,0,1,1,6,9.71,10,delivery,stockouts make me switch to other brands,4,Eco Advocates
R004878,convenience_first,23,6539.24,tier_3_plus,tmall,ready_to_drink,4.51,6.78,8.74,5.45,28.38,1,1,1,1,4,9.58,8,price,discount bundles make me more willing to buy,3,Convenience Driven
R004879,new_explorers,35,5145.08,tier_1,douyin,personal_care,6.38,6.04,5.66,6.16,18.76,1,0,1,0,1,5.43,3,price,I compare price across platforms before purchase,2,Value Seekers
R004880,value_seekers,20,16304.07,new_tier_1,tmall,ready_to_drink,8.9,6.9,4.78,5.07,17.15,1,1,0,1,1,5.33,5,price,discount bundles make me more willing to buy,2,Value Seekers
R004881,new_explorers,25,5062.47,tier_3_plus,tmall,home_cleaning,6.94,7.27,5.62,6.56,17.05,0,1,1,1,5,8.23,7,sustainability,sustainability claims need to be more credible,0,High Value Fans
R004882,quality_first,23,20005.14,tier_3_plus,private_domain,personal_care,4.98,9.27,7.65,7.64,36.92,1,1,1,1,4,10.0,9,packaging,the package design should show product benefits more clearly,1,Quality Loyalists
R004883,eco_advocates,47,8035.78,new_tier_1,jd,healthy_snack,5.89,6.37,6.1,10.0,25.97,0,1,1,1,1,9.28,10,sustainability,sustainability claims need to be more credible,4,Eco Advocates
R004884,value_seekers,32,12110.54,tier_2,tmall,personal_care,7.2,6.24,6.68,4.75,15.33,1,1,1,1,3,8.25,7,delivery,stockouts make me switch to other brands,0,High Value Fans
R004885,convenience_first,31,9689.86,tier_3_plus,offline_supermarket,healthy_snack,3.95,6.35,7.98,5.07,30.72,0,1,1,1,6,9.96,10,price,discount bundles make me more willing to buy,3,Convenience Driven
R004886,convenience_first,26,14400.9,tier_1,tmall,ready_to_drink,5.54,5.78,9.58,4.07,25.45,1,1,1,1,5,8.76,10,quality,quality improvement would make me repurchase more often,3,Convenience Driven
R004887,quality_first,18,4869.0,new_tier_1,jd,home_cleaning,6.11,9.11,5.89,6.6,30.86,1,0,1,1,1,8.42,4,quality,quality improvement would make me repurchase more often,1,Quality Loyalists
R004888,new_explorers,39,15477.56,new_tier_1,offline_supermarket,personal_care,6.12,7.79,6.21,7.14,21.33,1,1,1,0,2,7.01,6,sustainability,sustainability claims need to be more credible,0,High Value Fans
R004889,quality_first,28,9736.66,tier_2,tmall,healthy_snack,4.2,9.34,7.29,7.99,31.11,0,1,1,1,2,8.46,8,delivery,delivery speed affects whether I choose the brand,1,Quality Loyalists
R004890,new_explorers,31,10497.46,tier_1,tmall,personal_care,6.84,7.62,6.74,6.52,25.94,0,0,0,0,0,8.23,7,quality,the product quality is stable and trustworthy,0,High Value Fans
R004891,quality_first,45,8184.06,tier_1,offline_supermarket,home_cleaning,6.15,10.0,6.48,6.65,29.84,1,0,0,0,0,7.45,9,promotion,livestream promotion helps me discover new products,1,Quality Loyalists
R004892,value_seekers,33,7303.44,new_tier_1,jd,ready_to_drink,9.62,7.08,5.35,4.02,24.52,1,1,1,1,3,5.68,6,promotion,KOL reviews are useful but need to be authentic,2,Value Seekers
R004893,eco_advocates,22,29940.39,tier_2,tmall,healthy_snack,4.23,7.41,6.99,8.26,40.36,1,1,0,0,1,9.37,8,delivery,delivery speed affects whether I choose the brand,4,Eco Advocates
R004894,quality_first,25,13352.42,tier_1,offline_supermarket,healthy_snack,3.97,8.44,6.51,5.97,32.57,0,1,1,1,2,10.0,10,delivery,offline availability is not always convenient,1,Quality Loyalists
R004895,convenience_first,34,7915.22,tier_2,douyin,healthy_snack,5.18,6.76,8.37,6.92,27.94,0,0,0,0,0,7.4,7,packaging,the packaging is convenient but could look more premium,3,Convenience Driven
R004896,value_seekers,31,10610.21,new_tier_1,douyin,ready_to_drink,8.24,5.88,6.33,4.48,19.39,1,0,0,0,0,7.24,8,quality,the product quality is stable and trustworthy,0,High Value Fans
R004897,eco_advocates,37,21454.4,tier_3_plus,tmall,home_cleaning,5.4,6.77,7.33,7.78,33.24,1,0,0,0,0,6.85,7,promotion,livestream promotion helps me discover new products,4,Eco Advocates
R004898,quality_first,32,7738.76,tier_1,offline_supermarket,home_cleaning,2.02,9.63,5.78,6.12,36.03,0,1,1,1,5,9.49,8,quality,I care about ingredients and product safety,1,Quality Loyalists
R004899,convenience_first,38,18565.77,new_tier_1,douyin,home_cleaning,3.83,7.02,8.81,5.06,33.16,1,1,1,1,2,10.0,10,delivery,stockouts make me switch to other brands,3,Convenience Driven
R004900,eco_advocates,39,14191.11,new_tier_1,tmall,ready_to_drink,5.77,8.38,5.82,9.47,25.45,1,1,0,0,0,9.25,9,quality,I care about ingredients and product safety,4,Eco Advocates
R004901,new_explorers,33,21967.47,new_tier_1,jd,healthy_snack,6.53,6.73,6.23,4.37,26.59,1,1,0,0,0,8.23,10,sustainability,I prefer brands with recyclable packaging,0,High Value Fans
R004902,value_seekers,35,16203.05,tier_1,douyin,healthy_snack,8.07,5.37,5.62,4.67,14.82,1,1,0,0,0,6.16,5,price,the price feels high without promotion,2,Value Seekers
R004903,value_seekers,28,7065.74,tier_3_plus,offline_supermarket,healthy_snack,8.67,6.89,5.0,3.86,22.35,1,1,1,1,1,7.5,8,price,I compare price across platforms before purchase,0,High Value Fans
R004904,new_explorers,33,7656.27,tier_3_plus,tmall,ready_to_drink,7.37,6.55,8.07,6.42,23.95,1,1,1,0,2,7.31,8,delivery,offline availability is not always convenient,0,High Value Fans
R004905,convenience_first,45,6577.73,new_tier_1,offline_supermarket,personal_care,5.23,6.66,10.0,5.97,22.56,0,1,1,1,3,8.21,7,price,the price feels high without promotion,3,Convenience Driven
R004906,convenience_first,29,5870.41,new_tier_1,xiaohongshu,personal_care,4.81,7.64,9.66,4.41,21.0,0,0,0,0,1,6.91,7,price,the price feels high without promotion,3,Convenience Driven
R004907,convenience_first,22,14587.9,tier_1,xiaohongshu,ready_to_drink,4.35,8.31,9.06,4.86,33.72,1,1,1,1,1,9.93,7,quality,quality improvement would make me repurchase more often,3,Convenience Driven
R004908,quality_first,31,8343.57,tier_2,offline_supermarket,home_cleaning,3.92,9.64,6.91,6.1,33.47,0,0,0,0,1,10.0,10,delivery,stockouts make me switch to other brands,1,Quality Loyalists
R004909,eco_advocates,32,19984.03,tier_2,tmall,personal_care,4.72,7.46,8.75,8.92,27.36,1,1,1,1,3,9.13,10,promotion,livestream promotion helps me discover new products,4,Eco Advocates
R004910,convenience_first,26,8531.09,tier_3_plus,jd,healthy_snack,6.56,6.51,8.46,6.87,26.29,1,1,1,1,6,8.56,10,price,I compare price across platforms before purchase,3,Convenience Driven
R004911,convenience_first,18,7174.27,tier_1,private_domain,ready_to_drink,5.1,6.34,8.58,5.9,28.87,1,1,1,1,8,8.98,8,quality,the product quality is stable and trustworthy,3,Convenience Driven
R004912,quality_first,26,13497.74,tier_3_plus,jd,healthy_snack,6.09,9.45,7.71,5.85,30.93,0,0,0,0,1,10.0,10,quality,I care about ingredients and product safety,1,Quality Loyalists
R004913,quality_first,31,5630.69,new_tier_1,xiaohongshu,healthy_snack,5.52,8.4,6.61,6.32,33.49,1,1,1,1,2,10.0,10,quality,the product quality is stable and trustworthy,1,Quality Loyalists
R004914,convenience_first,30,19013.35,tier_1,jd,personal_care,4.72,7.24,9.45,3.44,35.47,1,1,1,1,8,9.95,10,promotion,membership coupons can increase repeat purchase,3,Convenience Driven
R004915,convenience_first,26,10450.35,tier_2,offline_supermarket,ready_to_drink,6.49,7.67,9.25,5.53,25.11,1,1,0,0,0,7.86,7,price,discount bundles make me more willing to buy,3,Convenience Driven
R004916,new_explorers,26,7211.38,tier_3_plus,offline_supermarket,healthy_snack,6.0,7.05,8.08,5.53,22.58,0,0,0,1,3,8.84,10,promotion,membership coupons can increase repeat purchase,3,Convenience Driven
R004917,value_seekers,42,6015.79,new_tier_1,tmall,personal_care,9.32,5.67,5.56,4.14,13.22,1,1,1,1,1,6.03,7,promotion,KOL reviews are useful but need to be authentic,2,Value Seekers
R004918,eco_advocates,29,6542.38,tier_1,tmall,healthy_snack,3.9,7.18,5.8,9.08,33.83,1,1,1,1,1,10.0,10,sustainability,I prefer brands with recyclable packaging,4,Eco Advocates
R004919,quality_first,34,8867.42,tier_3_plus,offline_supermarket,home_cleaning,3.77,8.75,7.1,7.44,35.26,1,1,1,1,3,10.0,10,promotion,livestream promotion helps me discover new products,1,Quality Loyalists
R004920,quality_first,32,7775.45,new_tier_1,douyin,home_cleaning,5.94,9.15,7.74,6.76,28.77,0,0,1,1,5,9.36,9,quality,the product quality is stable and trustworthy,1,Quality Loyalists
R004921,quality_first,36,3906.95,new_tier_1,xiaohongshu,healthy_snack,3.58,10.0,7.64,6.12,27.28,0,1,1,1,3,10.0,10,quality,quality improvement would make me repurchase more often,1,Quality Loyalists
R004922,new_explorers,29,22252.52,new_tier_1,douyin,healthy_snack,6.27,7.75,6.1,6.77,22.77,0,1,0,1,2,8.53,5,promotion,livestream promotion helps me discover new products,0,High Value Fans
R004923,quality_first,20,9323.4,tier_2,jd,ready_to_drink,7.15,9.79,6.93,5.1,28.41,1,1,1,1,2,8.77,8,quality,the product quality is stable and trustworthy,1,Quality Loyalists
R004924,quality_first,45,14745.23,new_tier_1,offline_supermarket,personal_care,3.82,8.68,6.98,5.56,33.95,0,1,0,0,0,7.59,7,sustainability,low carbon packaging would improve brand impression,1,Quality Loyalists
R004925,quality_first,18,7919.46,tier_1,tmall,healthy_snack,4.38,8.45,7.13,5.78,32.35,1,0,0,1,5,7.32,7,sustainability,low carbon packaging would improve brand impression,1,Quality Loyalists
R004926,quality_first,44,27832.84,tier_1,tmall,ready_to_drink,4.0,8.82,5.14,7.76,34.47,1,1,1,1,7,9.63,10,sustainability,I prefer brands with recyclable packaging,1,Quality Loyalists
R004927,convenience_first,41,13489.56,tier_3_plus,jd,home_cleaning,6.88,6.34,9.63,6.63,25.59,1,1,1,1,4,9.63,10,price,I compare price across platforms before purchase,3,Convenience Driven
R004928,new_explorers,18,6674.69,tier_3_plus,tmall,ready_to_drink,8.43,7.65,6.22,7.64,27.79,1,1,0,0,0,6.31,7,delivery,stockouts make me switch to other brands,2,Value Seekers
R004929,eco_advocates,39,14796.23,new_tier_1,jd,healthy_snack,4.79,9.36,5.65,9.06,34.01,0,0,1,1,3,8.25,10,price,discount bundles make me more willing to buy,4,Eco Advocates
R004930,new_explorers,22,12287.65,new_tier_1,douyin,ready_to_drink,7.23,4.37,5.54,4.8,24.01,1,1,0,0,0,6.09,4,quality,quality improvement would make me repurchase more often,2,Value Seekers
R004931,value_seekers,43,8695.51,tier_2,douyin,personal_care,8.3,6.9,5.55,4.55,20.11,1,1,0,1,3,5.82,4,price,the price feels high without promotion,2,Value Seekers
R004932,quality_first,25,7405.16,tier_2,jd,personal_care,3.66,8.43,6.6,7.67,36.49,1,1,1,1,4,9.69,10,promotion,KOL reviews are useful but need to be authentic,1,Quality Loyalists
R004933,value_seekers,31,6230.61,tier_2,private_domain,ready_to_drink,10.0,6.5,5.5,5.1,17.13,1,1,0,0,1,6.32,5,promotion,membership coupons can increase repeat purchase,2,Value Seekers
R004934,eco_advocates,24,13653.6,tier_2,tmall,ready_to_drink,4.44,7.33,7.82,9.28,34.69,1,0,0,1,2,10.0,7,promotion,membership coupons can increase repeat purchase,4,Eco Advocates
R004935,quality_first,27,4725.55,tier_1,tmall,ready_to_drink,5.35,8.43,6.61,5.9,29.68,1,1,1,1,2,9.88,8,sustainability,I prefer brands with recyclable packaging,1,Quality Loyalists
R004936,value_seekers,25,12476.69,new_tier_1,douyin,healthy_snack,8.2,7.31,5.84,4.74,15.89,1,1,0,1,2,8.38,8,price,the price feels high without promotion,0,High Value Fans
R004937,quality_first,40,5107.24,new_tier_1,tmall,healthy_snack,5.7,8.35,6.38,6.02,30.28,1,1,1,1,2,7.81,10,sustainability,sustainability claims need to be more credible,1,Quality Loyalists
R004938,eco_advocates,38,4569.23,tier_1,private_domain,personal_care,5.0,6.61,5.14,9.34,38.56,1,1,1,1,6,7.66,8,quality,quality improvement would make me repurchase more often,4,Eco Advocates
R004939,value_seekers,30,8443.01,tier_1,offline_supermarket,ready_to_drink,7.49,7.11,6.18,4.93,16.74,0,0,0,0,1,5.57,4,quality,quality improvement would make me repurchase more often,2,Value Seekers
R004940,quality_first,44,8536.33,tier_1,tmall,ready_to_drink,5.41,8.87,7.04,6.22,35.98,1,1,1,1,1,8.46,9,promotion,livestream promotion helps me discover new products,1,Quality Loyalists
R004941,quality_first,31,8155.68,new_tier_1,douyin,ready_to_drink,4.43,7.48,6.53,5.69,31.42,1,1,1,1,7,9.11,8,promotion,livestream promotion helps me discover new products,1,Quality Loyalists
R004942,value_seekers,30,10881.56,new_tier_1,douyin,home_cleaning,8.32,6.76,6.16,4.98,19.75,1,1,0,0,0,5.65,4,price,the price feels high without promotion,2,Value Seekers
R004943,quality_first,22,5569.93,tier_2,douyin,ready_to_drink,5.57,8.36,7.63,6.51,23.42,0,0,0,0,0,8.5,10,promotion,membership coupons can increase repeat purchase,1,Quality Loyalists
R004944,quality_first,30,8117.04,tier_2,private_domain,healthy_snack,5.73,9.36,6.67,6.06,32.08,1,1,0,0,0,9.07,8,quality,the product quality is stable and trustworthy,1,Quality Loyalists
R004945,new_explorers,30,20333.68,tier_1,douyin,ready_to_drink,6.93,5.52,6.48,5.88,24.32,1,1,1,1,4,9.19,10,promotion,livestream promotion helps me discover new products,0,High Value Fans
R004946,eco_advocates,37,16816.86,tier_3_plus,tmall,home_cleaning,7.05,7.24,7.44,10.0,34.74,1,1,1,1,3,9.39,10,sustainability,sustainability claims need to be more credible,4,Eco Advocates
R004947,convenience_first,19,12611.3,tier_1,douyin,home_cleaning,7.18,7.63,9.1,5.73,24.21,1,0,0,1,1,9.03,9,packaging,portable packaging is useful for work and travel,3,Convenience Driven
R004948,new_explorers,39,17494.81,tier_1,tmall,ready_to_drink,5.34,6.34,6.54,5.82,17.93,1,1,1,1,2,7.79,8,promotion,KOL reviews are useful but need to be authentic,0,High Value Fans
R004949,convenience_first,18,11479.77,tier_2,xiaohongshu,personal_care,6.66,5.74,8.67,5.47,27.14,1,0,0,0,0,5.87,4,delivery,offline availability is not always convenient,2,Value Seekers
R004950,quality_first,40,4847.3,tier_1,tmall,healthy_snack,6.48,9.46,7.41,6.07,31.54,1,1,1,0,2,7.84,8,quality,quality improvement would make me repurchase more often,1,Quality Loyalists
R004951,eco_advocates,37,5566.8,tier_1,tmall,ready_to_drink,5.48,7.99,6.18,8.91,31.6,1,1,1,1,3,8.8,6,promotion,livestream promotion helps me discover new products,4,Eco Advocates
R004952,new_explorers,49,10386.7,tier_1,jd,personal_care,7.12,5.77,6.75,4.6,22.86,1,0,1,0,4,8.38,8,quality,quality improvement would make me repurchase more often,0,High Value Fans
R004953,convenience_first,25,13807.1,tier_2,offline_supermarket,personal_care,4.27,9.26,8.75,7.0,29.61,1,1,1,1,6,10.0,10,quality,the product quality is stable and trustworthy,1,Quality Loyalists
R004954,value_seekers,41,7237.53,new_tier_1,tmall,ready_to_drink,8.72,6.57,4.62,4.44,16.75,1,1,1,0,2,6.45,7,quality,I care about ingredients and product safety,2,Value Seekers
R004955,convenience_first,50,10535.96,tier_1,douyin,healthy_snack,5.29,8.71,7.65,4.66,25.09,0,1,1,1,5,8.17,7,packaging,portable packaging is useful for work and travel,3,Convenience Driven
R004956,value_seekers,36,10459.87,tier_1,jd,ready_to_drink,8.63,6.77,6.2,4.54,13.3,1,1,1,1,4,7.37,6,quality,quality improvement would make me repurchase more often,2,Value Seekers
R004957,new_explorers,33,10836.02,new_tier_1,offline_supermarket,ready_to_drink,7.16,5.85,6.87,6.13,22.91,0,1,1,1,6,8.16,10,delivery,delivery speed affects whether I choose the brand,0,High Value Fans
R004958,quality_first,19,11410.68,new_tier_1,douyin,ready_to_drink,5.33,9.41,7.67,6.02,30.56,1,1,0,0,0,9.61,10,promotion,membership coupons can increase repeat purchase,1,Quality Loyalists
R004959,convenience_first,29,19273.4,new_tier_1,offline_supermarket,home_cleaning,5.57,7.23,9.73,5.1,26.34,0,1,0,1,4,9.61,10,promotion,livestream promotion helps me discover new products,3,Convenience Driven
R004960,quality_first,26,18537.78,tier_2,douyin,home_cleaning,3.2,9.82,7.33,5.55,40.62,1,1,1,1,2,9.3,7,quality,the product quality is stable and trustworthy,1,Quality Loyalists
R004961,quality_first,30,7818.33,tier_2,douyin,healthy_snack,4.48,9.08,6.89,5.54,27.17,0,1,1,1,6,8.94,8,sustainability,I prefer brands with recyclable packaging,1,Quality Loyalists
R004962,new_explorers,33,6814.13,new_tier_1,offline_supermarket,healthy_snack,6.05,7.05,6.47,6.98,18.63,1,1,1,1,3,9.41,10,delivery,offline availability is not always convenient,0,High Value Fans
R004963,eco_advocates,35,8877.95,tier_2,jd,ready_to_drink,4.81,8.58,7.32,8.38,28.36,1,1,1,1,0,8.47,10,delivery,delivery speed affects whether I choose the brand,4,Eco Advocates
R004964,convenience_first,31,6419.46,tier_1,tmall,ready_to_drink,4.51,7.43,9.08,6.49,27.48,1,1,1,1,2,9.42,9,quality,I care about ingredients and product safety,3,Convenience Driven
R004965,new_explorers,27,4494.4,new_tier_1,douyin,healthy_snack,7.11,5.7,6.49,6.72,21.7,1,1,1,0,2,6.27,7,packaging,the packaging is convenient but could look more premium,2,Value Seekers
R004966,quality_first,24,19117.39,tier_1,tmall,personal_care,4.14,8.77,6.02,6.93,27.68,1,0,0,1,1,9.64,7,delivery,offline availability is not always convenient,1,Quality Loyalists
R004967,convenience_first,43,18842.05,tier_2,offline_supermarket,healthy_snack,4.88,6.28,8.6,4.91,29.81,1,1,1,1,3,9.4,10,price,the price feels high without promotion,3,Convenience Driven
R004968,convenience_first,46,13006.21,tier_1,douyin,personal_care,4.07,5.74,7.67,4.83,27.48,1,1,1,1,2,8.25,10,delivery,delivery speed affects whether I choose the brand,3,Convenience Driven
R004969,convenience_first,23,9417.96,new_tier_1,private_domain,healthy_snack,7.63,7.4,8.16,6.27,28.88,1,1,0,0,2,8.02,9,promotion,membership coupons can increase repeat purchase,3,Convenience Driven
R004970,value_seekers,52,24979.68,new_tier_1,jd,home_cleaning,9.12,6.75,6.94,5.79,17.9,0,0,0,1,2,7.24,8,delivery,stockouts make me switch to other brands,0,High Value Fans
R004971,value_seekers,20,11830.81,tier_2,offline_supermarket,ready_to_drink,9.09,6.92,5.7,5.85,24.66,0,0,0,0,0,6.69,7,price,the price feels high without promotion,2,Value Seekers
R004972,value_seekers,31,5124.57,tier_3_plus,tmall,ready_to_drink,8.63,5.59,5.1,5.65,16.28,1,1,1,0,2,6.94,4,packaging,the packaging is convenient but could look more premium,2,Value Seekers
R004973,quality_first,23,8579.92,tier_1,tmall,healthy_snack,5.16,7.17,5.96,5.27,28.04,1,1,1,0,0,7.12,6,promotion,membership coupons can increase repeat purchase,2,Value Seekers
R004974,value_seekers,19,14316.08,tier_2,douyin,healthy_snack,8.25,6.55,5.62,5.36,14.1,1,1,0,0,2,6.55,7,quality,I care about ingredients and product safety,2,Value Seekers
R004975,eco_advocates,36,3370.41,tier_1,jd,personal_care,4.05,7.11,6.57,9.84,33.22,1,1,0,1,8,9.19,9,price,the price feels high without promotion,4,Eco Advocates
R004976,new_explorers,39,15953.54,new_tier_1,private_domain,personal_care,6.73,7.67,6.04,5.77,24.07,1,1,1,1,0,10.0,10,packaging,the package design should show product benefits more clearly,0,High Value Fans
R004977,quality_first,24,5513.88,tier_2,tmall,personal_care,6.11,9.09,5.69,5.96,35.27,1,1,1,0,3,7.81,9,sustainability,I prefer brands with recyclable packaging,1,Quality Loyalists
R004978,eco_advocates,36,12758.01,new_tier_1,tmall,healthy_snack,4.63,6.85,7.12,8.17,36.89,0,1,1,1,4,8.8,10,sustainability,low carbon packaging would improve brand impression,4,Eco Advocates
R004979,eco_advocates,30,9311.72,tier_3_plus,douyin,ready_to_drink,6.31,9.15,5.59,10.0,30.62,1,1,1,1,8,8.09,8,quality,quality improvement would make me repurchase more often,4,Eco Advocates
R004980,convenience_first,37,9381.64,tier_1,offline_supermarket,home_cleaning,4.48,6.8,9.13,5.74,28.93,1,1,1,1,3,10.0,10,quality,I care about ingredients and product safety,3,Convenience Driven
R004981,new_explorers,35,12762.79,tier_2,douyin,home_cleaning,7.15,8.12,8.24,6.2,28.06,1,1,1,1,1,8.47,6,promotion,livestream promotion helps me discover new products,3,Convenience Driven
R004982,new_explorers,35,12927.69,tier_2,douyin,ready_to_drink,7.5,6.64,7.04,5.69,19.94,1,1,1,1,5,7.18,6,sustainability,sustainability claims need to be more credible,0,High Value Fans
R004983,value_seekers,47,12008.81,tier_3_plus,tmall,home_cleaning,6.63,6.54,6.03,5.0,23.93,1,1,0,1,4,9.36,10,packaging,portable packaging is useful for work and travel,0,High Value Fans
R004984,convenience_first,21,8761.95,new_tier_1,jd,healthy_snack,4.91,6.73,9.54,6.56,24.66,0,0,1,0,2,9.64,10,delivery,delivery speed affects whether I choose the brand,3,Convenience Driven
R004985,new_explorers,37,6455.28,new_tier_1,tmall,healthy_snack,6.27,7.26,7.47,4.65,24.16,0,0,0,0,0,6.1,6,promotion,livestream promotion helps me discover new products,2,Value Seekers
R004986,eco_advocates,26,12331.16,tier_2,douyin,healthy_snack,5.94,7.4,6.74,7.88,32.62,1,1,1,1,1,10.0,10,sustainability,low carbon packaging would improve brand impression,4,Eco Advocates
R004987,value_seekers,35,8711.55,tier_1,jd,healthy_snack,9.46,6.41,5.92,6.17,12.14,0,0,0,0,0,6.99,8,promotion,KOL reviews are useful but need to be authentic,2,Value Seekers
R004988,convenience_first,36,6733.62,tier_2,xiaohongshu,home_cleaning,6.82,7.7,8.3,4.84,24.32,1,1,1,1,3,9.99,10,quality,quality improvement would make me repurchase more often,3,Convenience Driven
R004989,quality_first,28,18848.27,tier_1,xiaohongshu,ready_to_drink,4.13,7.88,6.32,7.61,30.73,1,1,1,1,4,9.45,9,sustainability,low carbon packaging would improve brand impression,1,Quality Loyalists
R004990,value_seekers,29,11086.29,tier_2,offline_supermarket,ready_to_drink,9.13,7.16,6.2,4.32,17.24,1,1,1,1,5,6.59,7,promotion,membership coupons can increase repeat purchase,0,High Value Fans
R004991,eco_advocates,48,11840.49,tier_1,tmall,personal_care,5.54,7.89,6.6,9.87,36.6,1,1,1,0,3,8.92,8,price,discount bundles make me more willing to buy,4,Eco Advocates
R004992,value_seekers,35,9865.45,tier_3_plus,xiaohongshu,personal_care,7.16,6.31,5.18,4.62,7.25,1,1,0,0,0,6.75,7,packaging,portable packaging is useful for work and travel,2,Value Seekers
R004993,eco_advocates,28,8374.42,tier_1,offline_supermarket,healthy_snack,5.62,9.06,6.41,9.45,36.44,0,0,0,1,1,8.74,10,delivery,stockouts make me switch to other brands,4,Eco Advocates
R004994,quality_first,34,6447.75,tier_1,douyin,healthy_snack,3.84,8.71,7.22,6.84,30.93,1,1,0,0,0,8.91,9,promotion,membership coupons can increase repeat purchase,1,Quality Loyalists
R004995,quality_first,33,11219.68,tier_3_plus,xiaohongshu,healthy_snack,5.09,7.88,6.95,6.59,32.28,1,1,1,1,6,9.55,9,quality,quality improvement would make me repurchase more often,1,Quality Loyalists
R004996,value_seekers,52,15910.24,tier_1,jd,home_cleaning,8.23,7.91,6.39,3.9,18.75,0,0,0,1,2,7.88,5,price,I compare price across platforms before purchase,2,Value Seekers
R004997,quality_first,38,10931.2,tier_2,jd,ready_to_drink,6.14,9.37,6.34,5.88,35.39,1,1,1,1,2,9.22,9,sustainability,low carbon packaging would improve brand impression,1,Quality Loyalists
R004998,new_explorers,31,11458.16,tier_3_plus,douyin,ready_to_drink,6.31,6.53,5.29,6.97,22.68,0,1,1,1,2,8.14,6,sustainability,I prefer brands with recyclable packaging,0,High Value Fans
R004999,convenience_first,24,8463.64,tier_2,douyin,personal_care,6.32,6.43,8.52,5.54,28.34,0,1,1,1,2,9.89,9,delivery,offline availability is not always convenient,3,Convenience Driven
R005000,new_explorers,27,10585.91,tier_2,xiaohongshu,home_cleaning,7.05,6.76,6.74,5.67,19.9,1,0,0,0,0,8.03,8,price,discount bundles make me more willing to buy,0,High Value Fans
R005001,new_explorers,22,10331.59,tier_1,tmall,ready_to_drink,5.76,7.14,6.55,6.39,20.08,1,1,1,0,3,7.54,6,delivery,stockouts make me switch to other brands,0,High Value Fans
R005002,eco_advocates,25,8005.89,tier_1,tmall,ready_to_drink,5.56,7.4,5.92,9.24,31.11,0,1,1,0,2,9.04,10,promotion,livestream promotion helps me discover new products,4,Eco Advocates
R005003,value_seekers,18,29795.72,new_tier_1,jd,ready_to_drink,9.75,6.67,5.58,4.23,20.36,1,1,0,0,3,4.95,4,price,discount bundles make me more willing to buy,2,Value Seekers
R005004,eco_advocates,29,13727.27,tier_3_plus,offline_supermarket,healthy_snack,6.27,7.05,6.39,8.78,30.92,1,1,0,0,0,9.46,9,delivery,delivery speed affects whether I choose the brand,4,Eco Advocates
R005005,quality_first,18,9393.52,tier_3_plus,tmall,healthy_snack,2.37,8.56,6.88,5.66,33.59,1,1,0,1,6,10.0,10,quality,quality improvement would make me repurchase more often,1,Quality Loyalists
R005006,eco_advocates,30,7901.85,tier_2,douyin,ready_to_drink,6.35,7.92,5.82,8.11,34.01,0,1,1,1,1,9.21,10,delivery,offline availability is not always convenient,4,Eco Advocates
R005007,convenience_first,25,9276.24,new_tier_1,xiaohongshu,healthy_snack,3.33,7.13,8.63,5.06,28.12,1,1,1,1,6,10.0,9,delivery,stockouts make me switch to other brands,3,Convenience Driven
R005008,value_seekers,51,6839.64,tier_3_plus,jd,ready_to_drink,7.55,6.59,6.79,6.79,17.84,0,1,1,1,4,7.46,10,price,the price feels high without promotion,0,High Value Fans
R005009,quality_first,30,7925.53,new_tier_1,tmall,home_cleaning,5.86,9.24,5.32,7.24,29.21,1,1,1,1,3,9.79,9,quality,quality improvement would make me repurchase more often,1,Quality Loyalists
R005010,value_seekers,30,13817.62,new_tier_1,tmall,home_cleaning,8.5,6.01,6.59,4.99,18.45,1,1,0,0,1,4.26,4,promotion,membership coupons can increase repeat purchase,2,Value Seekers
R005011,eco_advocates,34,6975.84,tier_1,offline_supermarket,ready_to_drink,5.83,6.93,5.88,8.51,29.36,0,1,1,1,1,8.2,7,sustainability,sustainability claims need to be more credible,4,Eco Advocates
R005012,quality_first,18,14672.16,tier_1,tmall,personal_care,5.87,10.0,7.96,6.14,39.24,1,1,1,1,4,7.74,8,promotion,livestream promotion helps me discover new products,1,Quality Loyalists
R005013,new_explorers,29,5815.51,new_tier_1,tmall,ready_to_drink,6.68,7.76,6.64,6.43,19.4,1,1,1,1,3,7.41,8,promotion,KOL reviews are useful but need to be authentic,0,High Value Fans
R005014,value_seekers,34,5865.65,tier_3_plus,douyin,ready_to_drink,9.57,5.86,6.78,4.19,17.17,1,1,1,0,0,8.67,6,promotion,KOL reviews are useful but need to be authentic,2,Value Seekers
R005015,quality_first,18,18263.97,tier_2,jd,healthy_snack,5.25,9.83,6.32,6.66,30.28,1,1,1,1,3,10.0,10,delivery,offline availability is not always convenient,1,Quality Loyalists
R005016,value_seekers,33,18858.04,new_tier_1,tmall,home_cleaning,8.09,7.36,6.01,4.96,17.85,1,1,1,1,0,9.18,10,delivery,delivery speed affects whether I choose the brand,0,High Value Fans
R005017,value_seekers,19,18422.01,tier_1,douyin,ready_to_drink,8.12,7.06,5.83,4.98,15.98,1,1,1,1,3,10.0,9,delivery,offline availability is not always convenient,0,High Value Fans
R005018,value_seekers,31,13737.95,new_tier_1,offline_supermarket,home_cleaning,9.01,5.9,7.7,5.92,19.32,1,1,1,0,2,5.85,5,price,discount bundles make me more willing to buy,2,Value Seekers
R005019,value_seekers,19,10083.04,new_tier_1,douyin,healthy_snack,7.77,6.78,4.98,6.19,16.8,1,1,0,0,0,6.04,6,price,discount bundles make me more willing to buy,2,Value Seekers
R005020,value_seekers,38,10686.85,tier_2,tmall,personal_care,9.17,7.81,5.15,5.2,18.05,0,1,1,0,1,5.87,6,promotion,membership coupons can increase repeat purchase,2,Value Seekers
R005021,convenience_first,28,25454.66,tier_1,douyin,ready_to_drink,5.72,6.05,9.07,5.44,34.92,0,1,1,1,4,9.15,10,promotion,membership coupons can increase repeat purchase,3,Convenience Driven
R005022,quality_first,18,12307.09,tier_2,offline_supermarket,personal_care,5.59,10.0,7.62,7.0,32.52,1,1,1,1,2,9.8,10,delivery,stockouts make me switch to other brands,1,Quality Loyalists
R005023,value_seekers,40,17101.97,new_tier_1,douyin,ready_to_drink,9.74,7.89,6.93,6.67,18.65,1,1,1,1,3,7.36,8,price,the price feels high without promotion,0,High Value Fans
R005024,value_seekers,35,8611.44,tier_3_plus,offline_supermarket,ready_to_drink,8.79,6.25,6.22,6.13,21.7,1,0,0,0,0,6.02,9,price,discount bundles make me more willing to buy,0,High Value Fans
R005025,value_seekers,27,7344.34,new_tier_1,tmall,healthy_snack,8.56,6.52,7.32,5.86,18.44,1,1,1,1,1,7.55,6,promotion,livestream promotion helps me discover new products,2,Value Seekers
R005026,eco_advocates,25,6633.81,new_tier_1,jd,personal_care,5.46,7.9,7.95,8.91,33.85,1,1,1,1,2,8.55,10,quality,the product quality is stable and trustworthy,4,Eco Advocates
R005027,quality_first,19,10200.25,new_tier_1,jd,personal_care,5.15,10.0,6.76,6.86,33.81,0,0,0,1,5,9.9,8,delivery,offline availability is not always convenient,1,Quality Loyalists
R005028,eco_advocates,33,25815.67,new_tier_1,tmall,home_cleaning,5.56,7.24,6.28,8.54,35.13,1,1,1,1,2,9.42,8,price,the price feels high without promotion,4,Eco Advocates
R005029,quality_first,20,15850.33,tier_2,offline_supermarket,ready_to_drink,3.93,9.3,6.49,7.02,31.63,1,1,1,1,5,9.5,8,delivery,delivery speed affects whether I choose the brand,1,Quality Loyalists
R005030,convenience_first,26,14849.05,tier_2,jd,healthy_snack,6.23,6.16,8.82,5.23,25.83,1,1,1,1,2,8.8,8,delivery,offline availability is not always convenient,3,Convenience Driven
R005031,convenience_first,39,18685.65,tier_2,offline_supermarket,personal_care,5.56,6.07,9.54,5.59,26.06,1,1,1,1,2,9.66,10,delivery,delivery speed affects whether I choose the brand,3,Convenience Driven
R005032,eco_advocates,21,8690.63,tier_2,jd,healthy_snack,5.5,6.66,5.58,8.54,29.37,0,0,0,0,0,6.12,3,sustainability,sustainability claims need to be more credible,2,Value Seekers
R005033,convenience_first,25,6883.73,tier_2,jd,home_cleaning,4.82,7.89,9.47,4.86,23.66,1,1,1,1,2,10.0,10,promotion,KOL reviews are useful but need to be authentic,3,Convenience Driven
R005034,quality_first,22,7183.67,new_tier_1,private_domain,home_cleaning,3.5,6.59,6.71,7.63,29.8,0,1,0,0,1,8.33,7,price,the price feels high without promotion,4,Eco Advocates
R005035,value_seekers,22,8910.05,tier_3_plus,xiaohongshu,home_cleaning,8.31,6.98,6.78,6.42,20.29,0,1,1,1,3,7.13,9,price,discount bundles make me more willing to buy,0,High Value Fans
R005036,value_seekers,58,5881.8,tier_2,private_domain,personal_care,6.33,6.57,6.28,5.62,19.83,1,1,1,0,2,5.99,6,price,discount bundles make me more willing to buy,2,Value Seekers
R005037,convenience_first,38,7747.18,new_tier_1,jd,personal_care,7.44,6.98,9.88,6.35,19.87,1,1,1,1,9,7.9,6,delivery,delivery speed affects whether I choose the brand,3,Convenience Driven
R005038,eco_advocates,23,8069.75,tier_2,offline_supermarket,personal_care,5.31,8.23,6.53,8.26,34.32,0,1,1,1,3,10.0,9,sustainability,I prefer brands with recyclable packaging,4,Eco Advocates
R005039,value_seekers,28,21276.12,new_tier_1,jd,ready_to_drink,8.0,6.58,4.92,5.84,21.76,1,1,1,1,3,8.78,7,price,discount bundles make me more willing to buy,0,High Value Fans
R005040,eco_advocates,31,18138.86,new_tier_1,douyin,ready_to_drink,5.23,8.92,6.75,10.0,31.77,0,1,1,0,1,10.0,10,price,I compare price across platforms before purchase,4,Eco Advocates
R005041,quality_first,48,4972.96,new_tier_1,douyin,home_cleaning,4.78,9.04,6.44,5.42,30.62,1,1,1,1,4,8.05,8,quality,quality improvement would make me repurchase more often,1,Quality Loyalists
R005042,new_explorers,33,10246.8,tier_1,jd,healthy_snack,6.42,5.77,5.97,5.94,19.37,1,1,1,1,1,7.17,6,price,discount bundles make me more willing to buy,2,Value Seekers
R005043,eco_advocates,25,13085.27,tier_3_plus,douyin,personal_care,4.55,8.61,6.86,9.52,38.43,1,1,0,0,1,9.01,7,price,I compare price across platforms before purchase,4,Eco Advocates
R005044,value_seekers,33,8045.84,new_tier_1,tmall,healthy_snack,10.0,7.01,5.44,5.58,20.34,1,0,0,1,5,9.33,8,quality,quality improvement would make me repurchase more often,0,High Value Fans
R005045,convenience_first,31,11833.84,tier_2,douyin,ready_to_drink,5.82,6.71,9.28,6.06,28.96,0,0,1,1,3,8.98,10,packaging,the packaging is convenient but could look more premium,3,Convenience Driven
R005046,new_explorers,42,11782.73,tier_2,douyin,ready_to_drink,7.26,5.72,4.91,5.95,23.22,1,0,0,0,1,6.19,6,quality,the product quality is stable and trustworthy,2,Value Seekers
R005047,quality_first,20,12303.81,new_tier_1,xiaohongshu,healthy_snack,3.54,8.68,7.21,5.7,35.49,0,1,1,1,3,10.0,10,packaging,the packaging is convenient but could look more premium,1,Quality Loyalists
R005048,convenience_first,33,15285.48,tier_2,offline_supermarket,ready_to_drink,5.83,6.22,8.72,5.85,25.67,1,1,0,0,0,7.95,9,price,I compare price across platforms before purchase,3,Convenience Driven
R005049,eco_advocates,37,8685.05,tier_1,tmall,home_cleaning,5.32,7.24,7.74,9.36,31.98,0,0,0,1,2,9.65,10,price,I compare price across platforms before purchase,4,Eco Advocates
R005050,convenience_first,55,16526.75,tier_2,tmall,ready_to_drink,6.9,6.0,8.0,6.96,23.68,0,1,1,0,3,7.09,8,packaging,portable packaging is useful for work and travel,0,High Value Fans
R005051,eco_advocates,21,6848.68,new_tier_1,private_domain,healthy_snack,5.65,5.87,6.98,9.88,32.83,0,1,1,1,0,9.3,10,sustainability,sustainability claims need to be more credible,4,Eco Advocates
R005052,value_seekers,23,14219.39,tier_2,douyin,personal_care,9.0,6.79,6.51,7.08,15.95,1,1,0,0,0,6.27,6,price,I compare price across platforms before purchase,2,Value Seekers
R005053,new_explorers,24,12587.37,tier_1,private_domain,home_cleaning,6.26,5.97,6.43,5.55,14.27,1,1,1,1,3,8.51,9,price,the price feels high without promotion,0,High Value Fans
R005054,value_seekers,27,5402.13,tier_1,jd,personal_care,8.22,7.08,6.43,5.04,15.33,1,1,1,1,2,7.0,8,packaging,the packaging is convenient but could look more premium,0,High Value Fans
R005055,quality_first,25,17852.69,tier_2,jd,ready_to_drink,5.31,9.38,6.55,7.22,36.8,1,1,1,1,0,9.03,9,quality,quality improvement would make me repurchase more often,1,Quality Loyalists
R005056,convenience_first,27,3865.41,tier_2,jd,healthy_snack,5.86,7.5,8.82,5.99,23.69,0,1,1,1,5,10.0,8,price,discount bundles make me more willing to buy,3,Convenience Driven
R005057,quality_first,21,13392.1,tier_1,jd,personal_care,6.52,7.69,7.71,5.74,36.36,1,1,0,0,1,6.87,7,quality,I care about ingredients and product safety,3,Convenience Driven
R005058,new_explorers,28,16541.21,tier_3_plus,jd,ready_to_drink,6.32,6.89,6.34,5.7,24.42,0,1,1,1,6,9.39,10,promotion,KOL reviews are useful but need to be authentic,0,High Value Fans
R005059,quality_first,39,6314.49,new_tier_1,private_domain,home_cleaning,6.49,8.43,5.75,5.83,34.07,1,1,1,1,1,8.8,7,delivery,delivery speed affects whether I choose the brand,1,Quality Loyalists
R005060,quality_first,50,4125.81,tier_2,jd,healthy_snack,4.34,8.48,7.08,8.45,31.98,1,1,1,1,0,9.92,10,promotion,membership coupons can increase repeat purchase,4,Eco Advocates
R005061,eco_advocates,36,5780.99,new_tier_1,jd,healthy_snack,3.46,8.36,6.61,10.0,30.78,1,1,1,1,2,10.0,10,quality,I care about ingredients and product safety,4,Eco Advocates
R005062,convenience_first,25,27742.96,new_tier_1,tmall,home_cleaning,5.34,6.36,7.99,4.89,30.03,0,0,1,1,3,8.71,7,quality,I care about ingredients and product safety,3,Convenience Driven
R005063,quality_first,34,9578.08,tier_3_plus,tmall,personal_care,4.48,7.54,6.53,7.17,33.22,0,1,1,1,2,10.0,10,packaging,the package design should show product benefits more clearly,1,Quality Loyalists
R005064,value_seekers,39,13696.84,tier_2,douyin,personal_care,8.12,5.31,5.8,6.19,22.6,0,0,0,0,0,7.28,8,price,discount bundles make me more willing to buy,0,High Value Fans
R005065,quality_first,30,12469.47,tier_3_plus,tmall,ready_to_drink,4.1,7.5,5.94,6.61,31.04,1,1,1,1,8,10.0,10,packaging,the packaging is convenient but could look more premium,1,Quality Loyalists
R005066,quality_first,18,10776.3,new_tier_1,xiaohongshu,home_cleaning,7.37,9.2,7.83,6.28,33.42,0,1,1,1,4,9.35,7,sustainability,sustainability claims need to be more credible,1,Quality Loyalists
R005067,new_explorers,31,12185.41,tier_1,douyin,home_cleaning,6.41,6.21,5.6,5.02,22.87,0,1,1,1,3,9.41,10,quality,I care about ingredients and product safety,0,High Value Fans
R005068,new_explorers,35,12285.89,tier_1,xiaohongshu,healthy_snack,7.79,7.04,6.58,5.18,25.88,1,1,0,1,7,10.0,10,price,I compare price across platforms before purchase,0,High Value Fans
R005069,convenience_first,18,12994.41,tier_2,tmall,ready_to_drink,5.32,7.57,9.15,5.5,28.46,0,1,1,1,1,8.23,8,sustainability,I prefer brands with recyclable packaging,3,Convenience Driven
R005070,new_explorers,31,8721.01,tier_2,tmall,healthy_snack,7.2,5.94,7.73,6.27,21.49,1,1,0,0,0,8.12,7,promotion,membership coupons can increase repeat purchase,0,High Value Fans
R005071,quality_first,27,10618.58,new_tier_1,tmall,home_cleaning,4.73,10.0,7.57,6.0,33.07,1,0,0,1,3,9.64,10,delivery,stockouts make me switch to other brands,1,Quality Loyalists
R005072,convenience_first,24,14468.82,tier_2,offline_supermarket,home_cleaning,4.61,6.62,8.82,6.51,33.03,0,0,0,1,4,6.23,5,delivery,delivery speed affects whether I choose the brand,3,Convenience Driven
R005073,quality_first,34,7894.81,new_tier_1,xiaohongshu,home_cleaning,6.23,8.98,7.28,5.61,29.92,1,1,1,1,2,8.93,8,sustainability,I prefer brands with recyclable packaging,1,Quality Loyalists
R005074,value_seekers,32,4635.2,new_tier_1,offline_supermarket,ready_to_drink,9.9,6.4,6.08,5.84,15.53,1,1,1,0,4,7.41,7,price,discount bundles make me more willing to buy,0,High Value Fans
R005075,value_seekers,31,11495.76,new_tier_1,xiaohongshu,healthy_snack,8.33,6.35,5.84,4.61,15.51,1,1,1,1,4,7.51,6,quality,quality improvement would make me repurchase more often,2,Value Seekers
R005076,value_seekers,38,4501.47,tier_2,offline_supermarket,ready_to_drink,8.6,6.91,6.43,3.73,15.68,0,1,0,0,0,4.85,4,price,the price feels high without promotion,2,Value Seekers
R005077,value_seekers,45,14509.68,tier_2,xiaohongshu,ready_to_drink,7.12,6.11,5.77,5.14,13.32,0,0,0,0,0,8.42,7,price,I compare price across platforms before purchase,0,High Value Fans
R005078,new_explorers,19,8839.91,tier_1,private_domain,ready_to_drink,7.07,7.62,5.45,6.7,22.88,0,1,1,1,6,8.7,7,packaging,the packaging is convenient but could look more premium,0,High Value Fans
R005079,value_seekers,23,9820.26,tier_3_plus,private_domain,healthy_snack,8.94,5.33,4.88,5.46,16.91,0,0,0,1,4,6.47,5,price,the price feels high without promotion,2,Value Seekers
R005080,new_explorers,36,13564.82,tier_2,jd,personal_care,8.15,6.81,5.35,5.93,18.13,1,1,1,1,4,5.58,5,quality,I care about ingredients and product safety,2,Value Seekers
R005081,new_explorers,48,8465.75,tier_1,tmall,personal_care,6.83,7.0,7.51,7.0,18.61,0,0,0,0,1,10.0,10,promotion,membership coupons can increase repeat purchase,0,High Value Fans
R005082,convenience_first,31,4640.14,tier_2,jd,ready_to_drink,5.04,5.42,8.79,7.09,28.83,0,0,0,0,0,7.64,8,promotion,KOL reviews are useful but need to be authentic,3,Convenience Driven
R005083,convenience_first,25,13171.52,tier_1,private_domain,personal_care,5.45,7.34,9.01,4.5,32.86,1,0,0,0,0,10.0,10,price,the price feels high without promotion,3,Convenience Driven
R005084,convenience_first,35,20051.84,tier_1,tmall,personal_care,5.76,6.27,9.13,4.76,24.57,0,1,1,1,6,9.04,10,quality,the product quality is stable and trustworthy,3,Convenience Driven
R005085,value_seekers,33,21689.62,tier_3_plus,offline_supermarket,home_cleaning,7.71,7.26,7.26,4.84,21.45,1,0,0,1,3,8.82,9,promotion,KOL reviews are useful but need to be authentic,0,High Value Fans
R005086,quality_first,20,10886.56,tier_1,jd,ready_to_drink,5.23,8.19,6.61,6.28,25.99,0,1,0,0,0,9.22,9,packaging,portable packaging is useful for work and travel,1,Quality Loyalists
R005087,value_seekers,40,7448.7,tier_2,tmall,personal_care,8.02,6.19,6.39,4.79,12.32,0,0,0,0,0,6.28,5,price,I compare price across platforms before purchase,2,Value Seekers
R005088,value_seekers,36,13413.1,new_tier_1,tmall,ready_to_drink,8.0,6.11,5.99,6.33,20.23,1,1,1,1,1,6.25,7,promotion,KOL reviews are useful but need to be authentic,2,Value Seekers
R005089,convenience_first,29,4648.87,new_tier_1,xiaohongshu,ready_to_drink,8.03,5.71,9.0,5.78,24.8,0,1,0,0,0,7.42,7,quality,I care about ingredients and product safety,3,Convenience Driven
R005090,quality_first,32,19486.43,tier_2,offline_supermarket,ready_to_drink,2.54,9.36,6.68,6.54,33.33,0,1,1,1,5,10.0,10,price,discount bundles make me more willing to buy,1,Quality Loyalists
R005091,eco_advocates,31,5737.25,tier_2,tmall,ready_to_drink,6.0,6.46,5.61,9.07,30.28,0,1,1,1,6,8.61,9,sustainability,low carbon packaging would improve brand impression,4,Eco Advocates
R005092,eco_advocates,24,7618.8,tier_2,offline_supermarket,ready_to_drink,4.94,6.32,6.8,9.82,31.78,1,1,1,0,1,8.47,6,sustainability,sustainability claims need to be more credible,4,Eco Advocates
R005093,quality_first,30,16970.97,tier_3_plus,xiaohongshu,personal_care,3.81,9.45,6.2,7.0,37.09,1,1,0,0,0,9.98,9,quality,I care about ingredients and product safety,1,Quality Loyalists
R005094,eco_advocates,18,7741.05,tier_3_plus,tmall,personal_care,5.95,7.96,5.96,9.19,37.26,1,1,1,1,1,9.31,9,quality,quality improvement would make me repurchase more often,4,Eco Advocates
R005095,eco_advocates,42,14595.05,new_tier_1,offline_supermarket,home_cleaning,5.94,8.68,7.88,10.0,27.91,0,1,0,1,1,10.0,10,quality,quality improvement would make me repurchase more often,4,Eco Advocates
R005096,eco_advocates,46,10723.16,tier_3_plus,xiaohongshu,ready_to_drink,4.48,8.86,7.19,9.44,32.68,1,1,0,1,3,8.38,9,price,I compare price across platforms before purchase,4,Eco Advocates
R005097,new_explorers,43,5105.5,new_tier_1,tmall,ready_to_drink,5.93,6.86,5.83,7.25,18.15,0,0,0,0,0,7.5,6,packaging,the packaging is convenient but could look more premium,2,Value Seekers
R005098,value_seekers,37,7560.7,tier_2,douyin,ready_to_drink,9.11,6.29,6.03,5.41,17.35,1,1,1,1,6,9.34,10,delivery,offline availability is not always convenient,0,High Value Fans
R005099,convenience_first,36,5759.21,tier_2,jd,personal_care,6.15,6.77,8.66,5.51,31.5,1,1,1,1,4,9.22,10,delivery,delivery speed affects whether I choose the brand,3,Convenience Driven
R005100,quality_first,18,12903.83,tier_2,tmall,ready_to_drink,5.74,8.42,5.39,7.6,35.59,1,1,1,1,3,7.2,7,price,the price feels high without promotion,4,Eco Advocates
R005101,value_seekers,35,27813.08,tier_2,private_domain,ready_to_drink,6.78,6.91,6.52,4.27,30.01,1,1,0,0,0,7.5,8,quality,the product quality is stable and trustworthy,0,High Value Fans
R005102,eco_advocates,19,18554.87,new_tier_1,douyin,personal_care,5.47,8.16,6.3,9.48,40.84,1,0,0,0,0,10.0,10,delivery,offline availability is not always convenient,4,Eco Advocates
R005103,value_seekers,34,12031.67,new_tier_1,tmall,personal_care,7.12,6.59,6.65,6.15,17.21,1,1,1,1,0,7.43,9,price,I compare price across platforms before purchase,0,High Value Fans
R005104,value_seekers,19,12841.31,tier_2,tmall,healthy_snack,7.09,7.91,6.96,3.39,19.45,0,0,1,1,2,6.8,5,sustainability,low carbon packaging would improve brand impression,2,Value Seekers
R005105,eco_advocates,18,9313.82,tier_1,douyin,home_cleaning,6.39,8.35,6.27,9.32,35.53,1,1,1,0,2,8.51,8,sustainability,sustainability claims need to be more credible,4,Eco Advocates
R005106,new_explorers,23,11382.37,new_tier_1,private_domain,home_cleaning,6.11,6.61,6.99,5.46,20.94,1,1,1,1,2,6.02,6,promotion,livestream promotion helps me discover new products,2,Value Seekers
R005107,eco_advocates,34,7828.49,new_tier_1,offline_supermarket,ready_to_drink,6.29,7.88,7.9,9.25,36.39,1,1,0,0,0,9.37,10,packaging,the package design should show product benefits more clearly,4,Eco Advocates
R005108,new_explorers,25,9676.47,tier_2,offline_supermarket,personal_care,7.8,7.71,6.53,6.46,21.13,0,1,0,0,0,7.89,7,sustainability,low carbon packaging would improve brand impression,0,High Value Fans
R005109,convenience_first,18,9716.81,new_tier_1,jd,home_cleaning,5.02,6.75,10.0,5.7,20.4,1,1,0,0,0,8.46,8,delivery,stockouts make me switch to other brands,3,Convenience Driven
R005110,quality_first,30,10159.57,new_tier_1,xiaohongshu,ready_to_drink,4.98,8.33,7.53,6.76,33.72,0,1,1,1,2,9.56,8,sustainability,low carbon packaging would improve brand impression,1,Quality Loyalists
R005111,quality_first,38,19456.75,tier_2,jd,personal_care,6.14,8.67,7.4,6.39,30.43,1,1,1,1,1,10.0,10,packaging,portable packaging is useful for work and travel,1,Quality Loyalists
R005112,value_seekers,33,9487.86,tier_1,jd,ready_to_drink,8.84,6.75,5.72,4.82,20.05,1,1,1,1,5,7.9,9,promotion,membership coupons can increase repeat purchase,0,High Value Fans
R005113,value_seekers,26,16744.04,tier_2,private_domain,ready_to_drink,8.04,5.73,6.24,4.45,14.24,1,1,1,1,6,6.81,6,sustainability,sustainability claims need to be more credible,2,Value Seekers
R005114,value_seekers,43,10744.78,tier_3_plus,douyin,personal_care,7.87,6.58,7.44,4.11,19.2,1,1,0,0,1,8.68,8,packaging,the packaging is convenient but could look more premium,0,High Value Fans
R005115,new_explorers,35,10015.07,tier_3_plus,xiaohongshu,healthy_snack,6.38,7.17,7.23,6.9,28.25,1,0,1,1,6,9.34,10,promotion,livestream promotion helps me discover new products,3,Convenience Driven
R005116,value_seekers,37,10830.11,new_tier_1,jd,ready_to_drink,9.82,4.98,5.92,4.7,21.02,0,0,0,0,0,7.99,8,delivery,stockouts make me switch to other brands,0,High Value Fans
R005117,quality_first,31,20267.27,tier_1,douyin,personal_care,5.19,7.9,7.91,5.74,34.86,0,0,0,0,1,9.95,10,promotion,membership coupons can increase repeat purchase,1,Quality Loyalists
R005118,new_explorers,32,13608.56,tier_1,douyin,healthy_snack,8.19,6.72,5.81,5.62,18.55,0,1,1,1,2,8.57,10,promotion,livestream promotion helps me discover new products,0,High Value Fans
R005119,new_explorers,32,10232.41,new_tier_1,douyin,ready_to_drink,6.41,4.71,6.97,5.79,19.63,1,1,1,1,1,6.2,6,price,I compare price across platforms before purchase,2,Value Seekers
R005120,value_seekers,34,13443.11,new_tier_1,tmall,healthy_snack,8.63,8.4,6.21,3.05,15.26,0,0,0,0,0,7.87,8,packaging,the packaging is convenient but could look more premium,0,High Value Fans
R005121,eco_advocates,31,14421.99,tier_1,offline_supermarket,personal_care,5.36,7.8,6.31,8.54,34.67,1,1,1,0,2,8.52,10,delivery,delivery speed affects whether I choose the brand,4,Eco Advocates
R005122,new_explorers,26,6903.84,tier_2,tmall,healthy_snack,5.06,6.73,4.64,6.99,17.76,1,1,0,0,0,6.86,5,packaging,the packaging is convenient but could look more premium,2,Value Seekers
R005123,value_seekers,37,7057.12,tier_2,tmall,ready_to_drink,8.29,6.93,4.28,4.6,23.32,0,0,0,1,1,6.8,5,price,discount bundles make me more willing to buy,2,Value Seekers
R005124,value_seekers,23,9714.69,tier_2,tmall,personal_care,7.04,5.59,3.6,6.3,15.94,1,1,1,0,0,4.53,4,delivery,offline availability is not always convenient,2,Value Seekers
R005125,convenience_first,41,8119.06,new_tier_1,xiaohongshu,ready_to_drink,5.15,7.23,8.85,4.63,23.81,1,1,1,1,2,9.51,10,price,discount bundles make me more willing to buy,3,Convenience Driven
R005126,eco_advocates,39,6007.19,tier_1,jd,ready_to_drink,5.28,7.34,7.58,9.92,27.89,1,1,1,1,2,9.52,8,quality,quality improvement would make me repurchase more often,4,Eco Advocates
R005127,new_explorers,31,10119.68,tier_2,tmall,ready_to_drink,6.65,7.01,6.52,6.35,23.3,1,1,1,1,3,8.99,9,price,the price feels high without promotion,0,High Value Fans
R005128,quality_first,28,5568.98,tier_1,offline_supermarket,healthy_snack,2.93,9.49,7.08,7.04,33.85,1,1,1,1,1,9.56,10,promotion,livestream promotion helps me discover new products,1,Quality Loyalists
R005129,value_seekers,39,12776.47,tier_2,jd,healthy_snack,8.17,8.52,5.39,5.13,18.21,1,1,1,0,4,7.01,6,sustainability,sustainability claims need to be more credible,2,Value Seekers
R005130,new_explorers,51,15457.8,tier_2,xiaohongshu,healthy_snack,7.26,6.87,6.88,6.55,20.29,1,1,0,1,5,9.03,8,delivery,offline availability is not always convenient,0,High Value Fans
R005131,value_seekers,40,7699.84,new_tier_1,xiaohongshu,home_cleaning,9.94,6.23,4.86,3.43,21.69,0,0,0,1,3,5.41,4,price,I compare price across platforms before purchase,2,Value Seekers
R005132,eco_advocates,39,19849.78,tier_2,xiaohongshu,home_cleaning,5.81,8.18,6.24,9.65,35.89,1,1,1,1,4,8.95,9,sustainability,low carbon packaging would improve brand impression,4,Eco Advocates
R005133,new_explorers,35,17090.11,new_tier_1,tmall,healthy_snack,5.24,7.7,5.91,5.65,27.91,0,1,0,0,0,7.26,6,promotion,livestream promotion helps me discover new products,2,Value Seekers
R005134,convenience_first,21,11509.72,tier_3_plus,xiaohongshu,healthy_snack,4.95,5.41,8.87,4.79,27.33,0,1,1,1,2,6.86,6,delivery,stockouts make me switch to other brands,3,Convenience Driven
R005135,convenience_first,32,10102.42,tier_3_plus,jd,ready_to_drink,6.28,7.53,9.04,6.26,28.54,0,0,0,0,0,7.14,6,packaging,portable packaging is useful for work and travel,3,Convenience Driven
R005136,value_seekers,34,19089.56,tier_1,xiaohongshu,personal_care,7.02,7.92,5.64,5.48,14.82,0,1,0,1,1,8.21,5,quality,I care about ingredients and product safety,2,Value Seekers
R005137,value_seekers,28,23848.09,tier_2,xiaohongshu,home_cleaning,9.11,6.16,5.59,6.1,20.99,0,1,1,0,3,3.9,2,price,discount bundles make me more willing to buy,2,Value Seekers
R005138,value_seekers,41,25618.42,tier_2,offline_supermarket,home_cleaning,9.76,5.96,6.59,4.4,13.66,1,1,1,1,1,8.07,7,price,discount bundles make me more willing to buy,2,Value Seekers
R005139,eco_advocates,43,15007.33,new_tier_1,offline_supermarket,ready_to_drink,4.76,6.5,6.02,7.6,26.38,1,1,1,1,2,9.6,10,quality,I care about ingredients and product safety,4,Eco Advocates
R005140,value_seekers,27,4508.73,tier_3_plus,douyin,personal_care,7.99,6.39,6.49,4.45,16.86,1,1,0,0,0,6.15,5,promotion,KOL reviews are useful but need to be authentic,2,Value Seekers
R005141,quality_first,41,5160.79,tier_1,douyin,ready_to_drink,6.13,9.25,7.51,6.75,30.25,0,1,0,0,0,10.0,10,promotion,livestream promotion helps me discover new products,1,Quality Loyalists
R005142,convenience_first,44,14345.01,tier_2,private_domain,home_cleaning,4.59,5.65,8.27,3.93,33.07,1,1,1,1,6,9.12,9,delivery,offline availability is not always convenient,3,Convenience Driven
R005143,new_explorers,31,10673.57,tier_2,xiaohongshu,ready_to_drink,7.34,7.3,6.9,7.47,25.47,1,1,1,1,2,8.04,5,promotion,livestream promotion helps me discover new products,0,High Value Fans
R005144,convenience_first,19,7210.18,tier_3_plus,douyin,ready_to_drink,5.51,6.29,8.21,7.03,25.36,1,0,0,1,2,10.0,10,promotion,membership coupons can increase repeat purchase,3,Convenience Driven
R005145,convenience_first,21,19259.54,tier_2,offline_supermarket,ready_to_drink,5.52,6.61,7.82,6.12,29.02,0,0,1,1,4,10.0,9,packaging,the packaging is convenient but could look more premium,3,Convenience Driven
R005146,eco_advocates,18,6694.15,tier_2,offline_supermarket,personal_care,5.84,8.38,6.81,8.31,32.58,1,1,1,1,4,9.72,9,promotion,KOL reviews are useful but need to be authentic,4,Eco Advocates
R005147,quality_first,19,19711.05,tier_1,jd,personal_care,4.6,8.41,6.47,5.96,31.1,1,1,1,1,3,10.0,10,quality,the product quality is stable and trustworthy,1,Quality Loyalists
R005148,convenience_first,36,6796.07,new_tier_1,douyin,personal_care,4.35,6.91,8.63,4.37,23.02,1,1,1,1,3,10.0,10,delivery,stockouts make me switch to other brands,3,Convenience Driven
R005149,value_seekers,35,7700.73,tier_2,douyin,ready_to_drink,9.92,6.61,4.09,5.43,19.48,1,1,1,1,1,5.21,4,price,the price feels high without promotion,2,Value Seekers
R005150,value_seekers,29,7407.12,new_tier_1,private_domain,personal_care,7.77,6.99,5.83,4.93,16.78,1,1,0,1,5,8.67,10,delivery,stockouts make me switch to other brands,0,High Value Fans
R005151,new_explorers,33,11997.21,tier_1,offline_supermarket,healthy_snack,7.12,6.74,6.1,5.86,19.97,1,1,0,0,0,6.92,8,quality,quality improvement would make me repurchase more often,0,High Value Fans
R005152,quality_first,22,19414.14,new_tier_1,douyin,home_cleaning,5.14,9.34,5.64,7.13,29.26,1,1,1,1,3,10.0,10,packaging,the packaging is convenient but could look more premium,1,Quality Loyalists
R005153,quality_first,34,11009.26,new_tier_1,tmall,ready_to_drink,4.42,9.11,4.89,6.54,23.67,1,1,0,1,5,9.43,8,quality,I care about ingredients and product safety,1,Quality Loyalists
R005154,value_seekers,30,9862.22,new_tier_1,tmall,personal_care,8.93,4.82,5.79,4.87,10.45,0,0,0,0,0,5.27,5,promotion,membership coupons can increase repeat purchase,2,Value Seekers
R005155,quality_first,24,11921.53,new_tier_1,offline_supermarket,home_cleaning,5.44,9.45,6.67,6.25,36.79,1,1,1,1,3,10.0,10,quality,quality improvement would make me repurchase more often,1,Quality Loyalists
R005156,new_explorers,18,11202.13,tier_3_plus,jd,healthy_snack,6.36,5.61,6.19,4.65,20.24,1,1,0,1,4,8.68,9,promotion,membership coupons can increase repeat purchase,0,High Value Fans
R005157,new_explorers,34,18124.72,tier_3_plus,xiaohongshu,healthy_snack,8.88,8.19,7.53,5.89,28.17,1,1,1,0,1,7.62,7,price,I compare price across platforms before purchase,0,High Value Fans
R005158,convenience_first,41,11409.58,tier_1,xiaohongshu,healthy_snack,6.03,7.96,8.8,5.41,28.99,1,1,1,1,11,8.81,9,delivery,delivery speed affects whether I choose the brand,3,Convenience Driven
R005159,value_seekers,39,8121.42,tier_3_plus,xiaohongshu,personal_care,8.76,6.35,6.22,4.99,13.81,1,1,1,1,7,8.21,8,price,I compare price across platforms before purchase,0,High Value Fans
R005160,new_explorers,33,6076.88,new_tier_1,douyin,home_cleaning,6.47,6.96,6.37,6.66,11.85,1,0,0,0,0,7.78,10,delivery,stockouts make me switch to other brands,0,High Value Fans
R005161,eco_advocates,20,9232.83,tier_2,private_domain,healthy_snack,7.25,5.95,6.51,9.31,36.98,0,0,0,0,0,7.64,6,sustainability,sustainability claims need to be more credible,4,Eco Advocates
R005162,value_seekers,24,15702.38,tier_3_plus,private_domain,healthy_snack,8.25,5.56,5.15,5.2,18.38,0,1,0,0,1,7.44,8,price,the price feels high without promotion,0,High Value Fans
R005163,convenience_first,43,19742.23,tier_2,tmall,personal_care,4.74,5.96,8.08,5.49,24.68,1,1,1,1,5,8.97,9,price,I compare price across platforms before purchase,3,Convenience Driven
R005164,quality_first,29,8084.35,tier_2,jd,personal_care,4.61,10.0,8.96,7.76,41.04,1,1,1,1,7,9.94,10,quality,the product quality is stable and trustworthy,1,Quality Loyalists
R005165,value_seekers,32,12715.88,tier_3_plus,tmall,personal_care,7.88,6.23,4.9,4.66,19.93,1,1,1,1,1,7.39,7,delivery,stockouts make me switch to other brands,2,Value Seekers
R005166,value_seekers,22,22881.08,tier_3_plus,jd,personal_care,8.31,7.76,6.2,6.15,18.38,0,1,0,1,3,7.31,6,packaging,portable packaging is useful for work and travel,0,High Value Fans
R005167,convenience_first,38,14094.14,tier_1,tmall,home_cleaning,4.86,6.03,9.07,5.78,24.09,1,1,1,1,4,8.89,7,price,I compare price across platforms before purchase,3,Convenience Driven
R005168,convenience_first,33,3915.99,new_tier_1,offline_supermarket,personal_care,5.6,7.77,8.42,6.87,22.04,1,1,1,1,4,9.87,10,delivery,delivery speed affects whether I choose the brand,3,Convenience Driven
R005169,new_explorers,31,7268.34,tier_1,douyin,personal_care,7.41,6.57,6.28,7.68,24.82,1,1,0,0,1,6.26,5,delivery,stockouts make me switch to other brands,2,Value Seekers
R005170,quality_first,42,6471.48,tier_3_plus,jd,healthy_snack,5.73,8.67,6.82,8.44,28.97,1,1,1,1,1,7.89,9,promotion,membership coupons can increase repeat purchase,4,Eco Advocates
R005171,quality_first,32,9372.64,tier_1,jd,ready_to_drink,6.56,9.17,7.73,6.22,33.06,0,1,1,1,5,8.75,9,promotion,KOL reviews are useful but need to be authentic,1,Quality Loyalists
R005172,new_explorers,26,12130.45,tier_3_plus,jd,healthy_snack,5.74,5.98,5.89,6.89,23.79,1,1,0,1,2,7.41,7,packaging,the package design should show product benefits more clearly,0,High Value Fans
R005173,convenience_first,29,9592.25,tier_2,douyin,healthy_snack,6.24,6.85,8.86,6.19,28.67,1,1,1,0,4,8.31,7,delivery,offline availability is not always convenient,3,Convenience Driven
R005174,convenience_first,49,8746.0,tier_1,xiaohongshu,ready_to_drink,6.12,8.26,9.93,4.61,20.89,0,0,0,1,7,8.63,7,delivery,delivery speed affects whether I choose the brand,3,Convenience Driven
R005175,value_seekers,33,17610.83,new_tier_1,douyin,home_cleaning,7.36,6.95,5.92,4.9,23.18,1,1,1,1,2,5.55,4,promotion,KOL reviews are useful but need to be authentic,2,Value Seekers
R005176,eco_advocates,31,13237.39,new_tier_1,xiaohongshu,ready_to_drink,5.26,8.14,5.85,10.0,36.31,0,0,0,0,0,9.65,10,sustainability,I prefer brands with recyclable packaging,4,Eco Advocates
R005177,eco_advocates,32,6058.24,tier_2,douyin,ready_to_drink,5.11,8.17,6.99,9.99,38.39,1,1,0,1,0,10.0,10,quality,the product quality is stable and trustworthy,4,Eco Advocates
R005178,convenience_first,18,7274.47,tier_1,private_domain,home_cleaning,6.22,8.89,8.38,5.07,28.03,1,1,1,1,5,10.0,8,delivery,delivery speed affects whether I choose the brand,3,Convenience Driven
R005179,quality_first,27,4674.02,tier_1,private_domain,healthy_snack,4.88,8.27,7.13,6.88,29.32,0,0,0,0,0,8.62,9,quality,I care about ingredients and product safety,1,Quality Loyalists
R005180,convenience_first,31,25496.53,tier_2,jd,home_cleaning,5.74,7.91,10.0,5.68,27.03,0,1,1,1,1,7.51,7,delivery,offline availability is not always convenient,3,Convenience Driven
R005181,eco_advocates,40,27320.56,tier_1,private_domain,personal_care,5.48,6.79,8.02,9.78,34.08,1,1,0,0,1,8.83,8,sustainability,sustainability claims need to be more credible,4,Eco Advocates
R005182,convenience_first,18,13657.48,tier_3_plus,douyin,personal_care,5.82,7.43,8.04,5.51,27.13,1,1,1,1,0,8.66,8,delivery,stockouts make me switch to other brands,3,Convenience Driven
R005183,new_explorers,37,8573.33,new_tier_1,offline_supermarket,ready_to_drink,8.66,7.75,8.08,7.08,22.22,0,0,0,0,2,9.23,8,promotion,livestream promotion helps me discover new products,0,High Value Fans
R005184,quality_first,31,8930.22,tier_2,jd,ready_to_drink,5.63,9.39,5.54,6.09,28.79,1,1,0,0,0,6.27,6,packaging,the packaging is convenient but could look more premium,1,Quality Loyalists
R005185,convenience_first,28,16892.6,tier_1,tmall,personal_care,3.88,6.45,9.59,4.6,24.55,1,1,1,1,5,9.56,8,delivery,stockouts make me switch to other brands,3,Convenience Driven
R005186,convenience_first,38,17586.22,tier_2,jd,ready_to_drink,5.73,5.61,7.94,4.86,23.46,1,1,1,1,2,8.62,8,price,the price feels high without promotion,3,Convenience Driven
R005187,convenience_first,47,3276.49,new_tier_1,tmall,ready_to_drink,7.03,6.05,7.55,5.74,27.88,1,0,0,0,1,6.77,6,promotion,livestream promotion helps me discover new products,2,Value Seekers
R005188,quality_first,38,22235.44,new_tier_1,offline_supermarket,ready_to_drink,6.05,9.53,6.35,6.39,33.64,0,1,1,0,0,8.18,10,packaging,portable packaging is useful for work and travel,1,Quality Loyalists
R005189,convenience_first,38,10485.66,new_tier_1,offline_supermarket,personal_care,5.12,6.58,8.56,5.58,31.23,0,1,0,1,8,7.67,8,delivery,offline availability is not always convenient,3,Convenience Driven
R005190,quality_first,30,17897.76,tier_3_plus,douyin,ready_to_drink,4.17,10.0,5.93,6.86,31.41,1,1,1,1,3,9.9,10,packaging,portable packaging is useful for work and travel,1,Quality Loyalists
R005191,convenience_first,35,9039.03,tier_3_plus,offline_supermarket,ready_to_drink,4.33,8.05,8.51,5.85,31.87,1,1,0,0,0,6.15,7,delivery,stockouts make me switch to other brands,3,Convenience Driven
R005192,quality_first,30,6082.92,new_tier_1,xiaohongshu,home_cleaning,5.75,9.59,6.92,6.68,38.79,1,1,0,0,1,8.02,9,quality,the product quality is stable and trustworthy,1,Quality Loyalists
R005193,new_explorers,18,7116.17,tier_2,jd,ready_to_drink,8.1,6.81,6.09,5.33,19.31,1,1,1,1,4,8.23,7,promotion,membership coupons can increase repeat purchase,0,High Value Fans
R005194,quality_first,35,9433.99,tier_3_plus,douyin,personal_care,4.87,9.23,5.44,4.16,41.66,1,0,0,0,0,7.5,6,promotion,KOL reviews are useful but need to be authentic,1,Quality Loyalists
R005195,new_explorers,35,7953.41,tier_2,jd,healthy_snack,5.23,6.84,6.62,5.98,18.2,1,1,1,1,5,9.42,9,quality,the product quality is stable and trustworthy,0,High Value Fans
R005196,eco_advocates,54,10283.88,new_tier_1,offline_supermarket,ready_to_drink,4.56,8.01,6.56,8.02,37.72,0,1,1,1,4,9.64,9,promotion,KOL reviews are useful but need to be authentic,4,Eco Advocates
R005197,eco_advocates,26,5869.48,tier_2,douyin,healthy_snack,5.67,8.39,7.45,9.22,32.04,1,1,0,1,5,9.8,10,quality,I care about ingredients and product safety,4,Eco Advocates
R005198,convenience_first,40,12811.83,tier_2,jd,personal_care,5.83,7.32,7.63,5.4,33.6,1,1,0,0,0,7.49,10,sustainability,I prefer brands with recyclable packaging,3,Convenience Driven
R005199,eco_advocates,31,11946.66,tier_3_plus,private_domain,healthy_snack,4.83,7.97,4.85,8.19,34.43,1,1,1,1,3,10.0,10,sustainability,low carbon packaging would improve brand impression,4,Eco Advocates
R005200,eco_advocates,43,18829.11,new_tier_1,jd,healthy_snack,4.72,6.12,6.38,7.95,31.99,1,1,0,0,2,5.9,6,sustainability,low carbon packaging would improve brand impression,4,Eco Advocates
